run_id,energy_joules_software,energy_joules_smart_plug,power_discrepancy_pct,energy_per_sample_joules,energy_per_epoch_joules,avg_power_watts,peak_power_watts,flops_per_sample,flops_per_watt,samples_processed,computed_at,quantization_status,accuracy,power_samples_count
0040d173-b838-49cf-9300-a9fc7cf08ef1,18078.932925999994,20046.239074500012,9.813841594868268,9.039466462999997,18078.932925999994,211.43024618991794,228,21764901888.0,102941288.10903244,2000,2026-09-02 18:55:15.580529+00,,0.813,853
0042df64-c4f8-44be-9641-13d6bac5f71c,861.0695610500907,,,0.7175579675417422,,82.01010683587273,146.54654032962324,2623188992.0,31986167.232409563,1200,2026-09-01 14:18:39.680745+00,partial,0.574,22
005867cb-16ab-4a00-a127-a9c20e38d64f,22.431601499499997,,,0.00940922881690436,,12.487947368421056,15.132,4588784.0,367457.0259323726,2384,2026-08-29 06:32:08.235738+00,,0.358,19
006b295b-cff8-4a75-9398-dcf96f161498,11652.60863640889,,,5.8263043182044445,11652.60863640889,21.700667720910847,32.84053720909729,21764901888.0,1002960008.7847645,2000,2026-09-02 13:21:44.738024+00,,0.798,5295
009502d0-39cd-48a2-8cc6-72111514c613,746.8003975402181,,,0.6223336646168485,,73.09745631305107,144.8304424292687,2623188992.0,35886187.075591125,1200,2026-09-01 14:02:36.921533+00,,0.574,23
00962718-8a45-4bbd-87c7-e13923643a18,100.80713316035899,,,0.03360237772011966,,94.91682582434788,142.92613638169007,4588784.0,48345.31665114842,3000,2026-08-29 06:18:17.057629+00,,0.358,4
009edb42-890d-4cb7-aab9-06241f8e14d3,578.3546119999996,2621.3147822500005,77.9364685265472,0.11567092239999993,115.67092239999992,31.74175824175824,116,4588784.0,144566.15682880388,5000,2026-09-02 18:21:22.426529+00,,0.2158,182
00aa7118-097c-4335-b685-791fac47472b,80.808395478923,,,0.01808603300781625,,28.3614803076923,32.43935,4588784.0,161796.35019810352,4468,2026-08-27 18:47:49.198102+00,,0.358,26
00bdda7e-cf38-4a5b-9489-c3cb04b8d97b,153.5230973445,,,0.4797596792015625,,41.57742857142858,44.106,21764901888.0,523478787.3090481,320,2026-09-03 15:29:50.580046+00,,0.50625,35
00fd71d7-c5ee-43b5-a2fc-36ef2744629d,110.8620305,,,0.5543101525,,41.77777777777778,58.0,2623188992.0,62789098.212765954,200,2026-09-01 12:59:01.913871+00,,0.574,27
011972fb-008d-4c56-a02a-7f4c1839d259,693.0932349894997,,,0.13861864699789994,346.54661749474985,29.828746781115893,29.99,2623188992.0,87941642.71295163,5000,2026-09-01 07:19:59.095891+00,,0.2456,233
012758c4-cbd6-4ded-aed9-904ef387f782,245.21222662429477,,,3.0651528328036846,,44.31816063609717,45.72711852576797,21764901888.0,491105713.22476035,80,2026-09-03 01:01:21.38263+00,,0.6125,56
017d51db-0289-4dd4-9931-a46ef7284ecb,76.50110661239194,,,0.9562638326548992,,22.329214462290192,26.50770332462872,21764901888.0,974727611.8806952,80,2026-09-02 16:18:55.400841+00,success,0.55,35
0188bc51-4643-4e6a-adc6-89e359b0d0ab,11611.880926088448,38799.92499889502,70.07241398941069,5.805940463044224,11611.880926088448,41.250045562350515,63.17175600671702,21764901888.0,527633402.3704722,2000,2026-09-01 21:29:04.550226+00,,0.788,2776
01b9bda8-b8a0-485d-907d-581a1422f6c3,593.0137487243677,,,3.706335929527298,,42.68605484072698,61.435845227969935,21764901888.0,509883191.810783,160,2026-09-03 01:32:38.511166+00,,0.475,139
01cc71ed-09a4-4357-bbf0-6fe0d1acfc8b,35.175974916241486,,,0.011725324972080495,,70.64774087063383,107.51604171686994,4588784.0,64953.01822039467,3000,2026-09-01 13:22:13.143283+00,partial,0.358,5
01e6ad45-4c2c-4154-b73c-1c62a5e53705,137.76356081712055,,,0.09435860329939763,,39.84082095724317,50.348654988958785,4588784.0,115177.94788728486,1460,2026-08-27 17:22:46.640661+00,,0.358,35
02329887-ba65-473a-ab32-2a4eeff380cf,81.20171673923505,109.35592140000001,25.745477977166914,0.04060085836961753,,34.74477549295245,46.72752045485339,4588784.0,132071.19444276675,2000,2026-09-01 19:33:00.871736+00,,0.358,24
02634f0f-6030-40d6-8d47-28cd5ea7a751,74.89809573910746,,,0.1486073328156894,,34.07997141317034,47.04790938407831,4588784.0,134647.53078480126,504,2026-09-01 19:37:24.479487+00,partial,0.358,23
026e33d3-c268-4e56-95af-0bae942dbb2d,4832.188823952859,14368.932761125001,66.37057946971332,0.9664377647905718,2416.0944119764295,41.45321000473703,63.10053598240527,2623188992.0,63280720.40018704,5000,2026-09-01 19:50:18.84609+00,,0.257,1154
02714692-404f-4b22-9ce4-6f643eb915ea,226.13910949999996,817.6264875,72.34200298580713,1.9494750818965514,,65.77142857142857,78,2623188992.0,39883412.12858384,116,2026-09-02 18:34:27.921957+00,,0.574,35
02960b6f-b6a2-4b5f-ae20-31a61c6af174,52.084030119,,,0.0260420150595,,25.199571428571435,28.831,2623188992.0,104096571.61969872,2000,2026-09-01 07:25:03.093041+00,,0.574,21
02999496-2b30-407c-a726-e6c2b5aab685,15074.908521567155,,,3.014981704313431,7537.454260783577,81.27116752345499,149.95793910980709,2623188992.0,32276994.06733567,5000,2026-09-01 14:13:13.428979+00,,0.257,363
02a2c88f-d195-4a26-bb48-4367c07ff515,1295.0001570617553,,,1.2950001570617553,,101.23266761300525,144.1619256095337,2623188992.0,25912475.23011042,1000,2026-09-01 14:17:28.313037+00,,0.574,29
02caf0cb-c9a2-44e0-ba55-c3bc546d8c20,24.151209559999998,,,0.009754123408723748,,12.728249999999994,15.14,4588784.0,360519.63152829354,2476,2026-08-29 06:32:15.322751+00,,0.358,20
038b34ee-8133-42a1-a01b-2b20eecee12c,153.7478879891069,,,0.09830427620786887,,43.51154487392943,45.72933134996391,4588784.0,105461.29799104044,1564,2026-09-02 20:10:37.384071+00,,0.358,36
03f6a6cd-b762-4df8-b9f9-21f971a88e02,149.2543625,,,1.86567953125,,48.935483870967744,65.0,21764901888.0,444767276.5510877,80,2026-09-01 13:05:33.610492+00,,0.675,31
03fa1fe4-885c-4ab0-b737-5f1e88c20faf,6572.77848425849,,,3.286389242129245,6572.77848425849,69.15451789473697,72.924,21764901888.0,314728560.77356046,2000,2026-09-01 07:49:29.979335+00,,0.568,950
0425ddc0-2734-45ff-b7cb-6efe3de8c585,12025.697307009055,,,2.405139461401811,6012.848653504528,44.28083593122035,66.5789775407252,2623188992.0,59239825.46477881,5000,2026-09-02 20:55:06.449149+00,,0.1808,2691
043c7f6e-dbc9-4150-9021-b4bf116adb12,296.878826894495,,,1.8554926680905937,,21.866221423335883,32.06036067537616,21764901888.0,995366390.3161726,160,2026-09-02 15:48:13.941456+00,,0.53125,135
0482a6a4-9384-4028-89fe-d70157f6cc44,342.14276519055835,,,0.06842855303811167,68.42855303811167,21.957354427137044,32.27080755907486,4588784.0,208986.19709525353,5000,2026-08-20 18:59:52.716779+00,,0.2038,155
049aeb9a-f9a5-416b-8de7-8ff3e0db3f89,149.0149682914314,,,0.049671656097143795,,102.81902490433413,142.86746503467626,4588784.0,44629.71715856614,3000,2026-08-29 06:17:37.333314+00,,0.358,4
049f9999-7c33-40a0-9888-e2127ce6ac2f,51.41566636364658,,,0.01713855545454886,,21.162485993263502,22.617887025898067,4588784.0,216835.77257703626,3000,2026-08-20 19:09:03.390285+00,partial,0.358,25
05873b8d-0602-4f41-99fa-2f4aec337c4d,264.3908335,571.0060924,53.6973708303642,0.0528781667,52.878166699999994,73.05405405405405,78,4588784.0,62813.54347021828,5000,2026-09-02 18:25:41.498042+00,,0.2122,37
0641e224-fb29-4dc8-9bb4-9b40a359e37e,585.1287710896033,,,0.5851287710896034,,44.015470204823124,62.313217963643524,2623188992.0,59596977.60340083,1000,2026-09-02 20:37:03.75106+00,,0.574,132
066bcd5b-a9e5-4817-9cc8-58c55fe826a9,153.42492341280612,,,0.08248651796387425,,73.01114388216513,137.46864184590038,4588784.0,62850.46029967666,1860,2026-09-01 13:13:27.767677+00,,0.358,8
06b10672-df33-441e-9b4e-7f37727b3c19,42.503059900500006,,,0.11708831928512398,,20.136136363636368,24.117,2623188992.0,130272706.9696046,363,2026-09-01 07:22:00.539607+00,,0.574,22
070322b8-850e-4600-9480-3ee442d08a39,569.631842367277,,,0.11392636847345541,113.92636847345541,93.7505374733148,145.43014601109888,4588784.0,48946.74871923965,5000,2026-09-01 13:16:57.085115+00,,0.2122,16
07665dbd-6283-49fe-b16f-02de35624fe6,40.41882141736213,,,0.020209410708681066,,20.88923119102555,30.00961749216305,4588784.0,219672.23006136468,2000,2026-08-20 19:08:50.548277+00,partial,0.358,20
07740133-b51c-450c-9ee1-d8e17636f44e,12004.70913281634,,,6.0023545664081706,12004.70913281634,21.844214541655354,33.4447032466484,21764901888.0,996369168.8934792,2000,2026-09-02 15:38:14.566048+00,,0.798,5428
07756f0b-428a-4ada-b60a-0a11f5384d04,228.56230446089052,,,0.22856230446089051,,22.30903726437935,32.852030605661504,2623188992.0,117584141.39136447,1000,2026-08-20 19:46:15.690897+00,,0.574,102
07cf7562-2232-45f7-ab5c-cd8d18d71c4d,791.8835129922409,,,0.15837670259844816,158.37670259844816,102.98650042452405,144.0669740860539,4588784.0,44557.1408008275,5000,2026-08-29 06:21:23.651647+00,,0.208,17
07d09769-e4df-4401-8a25-61a8159d9c51,73.19022654806744,40.47890322,80.81079457682857,0.15121947633898233,,34.83177401206191,56.84764930569358,4588784.0,131741.32326452702,484,2026-09-01 19:32:27.268056+00,,0.358,22
07ea012d-6285-4178-881a-3d60a8cf9d4b,76.8449377873943,,,0.025614979262464768,,37.92928702822753,61.60096359685433,4588784.0,120982.60630591237,3000,2026-08-27 17:18:41.9359+00,,0.358,21
08058234-ed52-43c7-8bcb-c0ab53a835ef,576.9421018429998,,,1.8029440682593745,,51.51091428571431,52.088,21764901888.0,422529908.2690934,320,2026-09-03 15:26:46.780816+00,,0.50625,105
087934f6-15aa-47ed-971b-2be8d632f2c9,147.044863,,,1.8380607875,,48.645161290322584,65.0,21764901888.0,447421723.16180366,80,2026-09-01 13:05:52.863253+00,,0.45,31
0891c799-173f-4755-b728-c7e86c3a1fca,11113.975202297068,,,2.2227950404594137,5556.987601148534,40.844746916510175,60.99886675319362,2623188992.0,64223411.57755247,5000,2026-08-27 18:06:24.34613+00,,0.1912,2701
08d546b1-3ad4-4c3c-b9ba-18de76876d52,1190.0663310000002,,,1.1900663310000001,,38.314935064935064,66.0,2623188992.0,68463876.75078383,1000,2026-09-01 13:02:55.206822+00,,0.574,308
091836b6-f9c6-486c-9835-3dcd898ffd07,1993.425603500001,3323.85973192,40.02678318953865,0.3986851207000002,996.7128017500005,161.07258064516128,193,2623188992.0,16285757.523056127,5000,2026-09-02 18:33:29.439671+00,,0.2628,124
092fa980-ea7a-4a67-9cff-4d23219befcb,54.72036936212452,,,0.018240123120708173,,36.229661179740454,51.27859345819813,4588784.0,126658.2090634079,3000,2026-08-27 17:19:29.888219+00,,0.358,16
09a62263-c21d-4a3a-b71a-027f0bf0bac2,100.47049466731856,,,0.5023524733365928,,43.08736452138601,59.83280851676501,2623188992.0,60880701.8284445,200,2026-09-02 20:29:35.72902+00,,0.574,24
09b8768f-daa8-4053-aea4-09ff97533370,2025.621385613213,,,0.4051242771226426,405.12427712264264,43.98406159034292,65.9226892246081,4588784.0,104328.3369948606,5000,2026-09-02 20:09:35.195941+00,,0.1482,459
0adda530-76bf-4582-8eb5-1787f6e9adf6,175.02894899999998,309.08289060000004,43.371518022162576,0.0350057898,35.005789799999995,86.28571428571429,102,4588784.0,53181.2715231788,5000,2026-09-02 18:22:08.528463+00,,0.2214,21
0baaded6-9a1e-4e8d-aed6-fb4c68e18ba2,1654.9249130000014,4578.03746652,63.85077830614622,0.3309849826000003,827.4624565000007,90.83516483516483,172,2623188992.0,28878562.578272443,5000,2026-09-02 18:36:47.580531+00,,0.256,182
0bc02b9d-5689-4b4d-bf77-c38e919bbf42,76.2108987125,,,0.3629090414880952,,26.133366666666685,30.041,21764901888.0,832839571.1740158,210,2026-09-01 07:36:33.9554+00,,0.45714285714285713,30
0c121c84-7f1b-4187-94fc-f864ba5dd89f,5765.340542005847,18760.937577780005,69.2694433948004,1.1530681084011694,2882.6702710029235,42.392971665736226,62.62473569212374,2623188992.0,61877921.950920254,5000,2026-09-01 19:55:15.911273+00,,0.1986,1351
0c620309-92fd-4c63-a911-bae4f510ef23,79.72529531634228,,,0.02657509843878076,,39.40643934711305,53.34107503734484,4588784.0,116447.567352623,3000,2026-09-02 20:15:47.13754+00,,0.358,21
0cd4a8e8-ce16-40e7-b6ff-2c9d73c9b40c,484.64795075576893,,,0.48464795075576894,,40.67439939527142,59.668147874932075,2623188992.0,64492384.17777245,1000,2026-08-27 18:18:33.181688+00,,0.574,119
0d00743e-4975-4e87-b848-80e2c443dc92,23.438051297499992,,,0.010102608317887929,,12.692473684210524,14.855,4588784.0,361535.82935597975,2320,2026-08-29 06:33:54.442431+00,,0.358,19
0d2fc54f-6676-43ce-942b-291f5abd9865,326.6438959999999,,,2.0415243499999995,,47.492753623188406,57.0,21764901888.0,458278373.5953616,160,2026-09-01 13:06:08.072509+00,,0.46875,69
0d76860a-816a-49f7-9452-d7a48fbc09dd,380.3214250000002,,,0.3803214250000002,,39.83157894736842,65.0,2623188992.0,65857017.50528541,1000,2026-09-01 13:01:44.062448+00,,0.574,95
0dd7e145-e28a-497e-b2e6-2eed78fed7cd,78.38059935609539,,,0.08233256234883969,,21.95553000652177,23.722308268155462,4588784.0,209003.56304935145,952,2026-08-20 19:06:08.448365+00,,0.358,36
0ddc57b6-cd93-4b42-ad86-ef8860984da9,41574.47401987167,,,20.787237009935833,41574.47401987167,43.936702550560554,67.84599766357209,21764901888.0,495369488.9359037,2000,2026-09-02 22:06:36.886336+00,,0.62,9360
0df7bf5c-f764-49de-9573-7fe913fb6d79,168.37019898949998,,,0.1275531810526515,,61.95992857142858,75.001,21764901888.0,351273837.6208586,1320,2026-09-01 07:58:51.699359+00,,0.492,28
0df95d07-219f-46d3-9b9c-21a608bbd0fc,122.01896657732124,,,0.6100948328866062,,39.97762576210744,42.01636437888404,2623188992.0,65616427.73909737,200,2026-08-27 18:27:30.491775+00,partial,0.574,31
0e0007ae-d4c3-449f-941b-6955a2c6465a,3108.245702492499,,,1.5541228512462495,3108.245702492499,29.84389048991355,30.132,21764901888.0,729291708.6448888,2000,2026-08-29 06:47:19.348805+00,,0.4915,1041
0e93da56-9460-4c7a-a276-c042f7b9ee9a,102.24287153906648,,,0.03408095717968883,,57.69969098973663,59.518937553337366,4588784.0,79528.74480413132,3000,2026-08-29 06:17:30.489278+00,,0.358,2
0eb8b4ed-098f-41ec-abf3-08c89438ff04,2583.6088114999993,5421.457313040001,52.34475414413474,0.5167217622999999,1291.8044057499997,114.41592920353982,185,2623188992.0,22926781.35169,5000,2026-09-02 18:32:27.820739+00,,0.2486,226
0ed0a86d-660d-4759-9f74-2e2de3e8dd5e,719.0109572078587,,,0.5991757976732156,,76.53584418185743,141.29623599388958,2623188992.0,34273993.055685386,1200,2026-09-01 13:37:24.937497+00,,0.574,29
0ef6fefd-2efe-4184-9687-89641093303e,,,,,,,,4588784.0,,3000,2026-09-01 13:21:02.018771+00,,0.358,0
0ef7ad46-572a-4a5d-9cac-75a7a18cba05,146.5231354052053,,,0.24876593447403275,,46.684407774799745,55.642422549313245,4588784.0,98293.71772553633,589,2026-09-02 20:07:52.523676+00,,0.358,32
0f6757e6-f8b8-4f6c-84bc-8b28d9770b1f,65.91233487040735,,,0.021970778290135783,,38.25706793469897,61.15789549746622,4588784.0,119946.0452074529,3000,2026-09-02 20:17:23.203304+00,partial,0.358,18
0f685a48-b4e8-498d-8ddf-ef2486a974b8,722.3001064999999,500.39025124,44.347357829232806,2.2571878328124995,,175.38095238095238,224,21764901888.0,124100716.71137659,320,2026-09-02 18:58:57.793039+00,,0.50625,42
0f7d0c52-61fc-466b-adce-3b59b54eec4e,2365.773135499999,1695.74362532,39.51242983759171,1.1828865677499996,2365.773135499999,200.97457627118644,220,21764901888.0,108296792.02125238,2000,2026-09-02 19:06:27.699004+00,,0.729,118
0fc6f01a-512e-481f-9049-b2fdc0ba20e5,82.35237739602367,70.62005116,16.613307471899695,0.15959763061244897,,35.47824889554378,50.378180799171574,4588784.0,129340.76914310083,516,2026-09-01 19:35:35.876291+00,,0.358,24
1011bf4d-05f8-45aa-acdc-9b84d71f114e,346.9981302565842,,,0.06939962605131685,69.39962605131684,22.004459768974467,32.40267764468941,4588784.0,208538.81659344476,5000,2026-08-20 19:07:00.369077+00,,0.2178,157
1098ac85-0ede-4611-8ac8-f26109ce6fdc,155.46057750597214,,,1.8289479706584957,,35.2734973818772,60.94168881052172,21764901888.0,617032715.8764348,85,2026-09-01 23:13:19.600826+00,success,0.5411764705882353,45
10e15a9f-c848-4b28-a48c-99445e6bbf08,306.8306878930406,,,0.06136613757860812,61.36613757860812,21.99537508991316,32.2074207554832,4588784.0,208624.94871043897,5000,2026-08-20 19:06:42.1252+00,,0.2168,139
115c7225-35a1-48a1-b838-a12cf4d564b1,108.14011748711381,311.7892817,65.31628127256633,0.08528400432737683,,38.245411281671444,63.16618872535665,4588784.0,119982.6030423448,1268,2026-09-01 19:37:20.309918+00,partial,0.358,29
116c0bd7-9a24-42e8-98e7-4b7326313683,72.62818847881738,,,0.06326497254252385,,21.695865766112725,29.933357377897842,4588784.0,211504.99590421177,1148,2026-08-20 18:59:22.001037+00,,0.358,34
11822ec2-17f9-4994-8411-36269e744966,346.4827049239065,,,0.0692965409847813,69.2965409847813,42.40877323333344,49.28678444504827,4588784.0,108203.64868260796,5000,2026-09-02 20:16:00.887846+00,,0.2138,82
11bcd518-d751-4f85-93ba-c9e641d7f365,183.42534957750001,,,0.38213614495312503,,62.70746666666667,75.051,21764901888.0,347086288.8417328,480,2026-09-01 07:42:00.716857+00,,0.49,30
11c3830d-204e-4ac7-b6aa-1f39491a318a,81.78216450000002,87.6345036,6.678122040506407,0.4673266542857144,,38.68181818181818,54,4588784.0,118628.96357226792,175,2026-09-02 18:22:57.321212+00,,0.358,22
12012e23-07b5-4568-8f6d-49aced04a026,285.05027239078,,,1.7815642024423748,,21.894797069773386,31.06427142702118,21764901888.0,994067303.6904868,160,2026-09-02 13:32:13.309148+00,,0.46875,129
121fe4f3-d545-4160-be39-c11c9d9e8cc3,33.321358891,,,1.6660679445500002,,30.957909090909094,35.017,21764901888.0,703048187.9149696,20,2026-09-03 15:23:07.530435+00,,0.45,11
1220bbe1-a08c-42a4-ba74-03be41184b23,14.352440986163828,,,0.004784146995387943,,79.89723651468553,144.59957683728052,4588784.0,57433.57593045859,3000,2026-08-29 06:22:22.490129+00,,0.358,3
1242f30b-6d41-4600-bc04-454ca1c10ea8,2050.8345655173166,,,0.048810799826668805,,107.07433759141273,149.31406137711298,,,42016,2026-09-01 14:38:54.759574+00,,,30
126187c0-0f7a-4ae4-80b9-d1faf27f1b18,29.442093092539505,,,0.024535077577116253,,10.752731769230767,11.341993,4588784.0,426755.1817047022,1200,2026-09-03 16:44:07.207599+00,,0.358,26
1261ea32-480e-4ddb-bd44-1886cf1fc9ac,9156.404972049586,,,1.831280994409917,4578.202486024793,44.076097383391854,65.88189804442898,2623188992.0,59515001.27568994,5000,2026-09-02 21:06:46.723819+00,,0.265,2055
1267c14a-6c4f-493b-975b-9d8204adfae8,186.30390653993663,,,3.7260781307987325,,45.05829300115365,54.23910881242134,21764901888.0,483038757.98052853,50,2026-09-02 22:06:46.461467+00,,0.4666666666666667,42
1281a676-d8fc-4043-b6a7-a143b93f9aeb,45.78742204649999,,,0.037499936156019646,,13.379514285714281,15.592,4588784.0,342970.8958044602,1221,2026-08-29 06:32:54.391279+00,,0.358,35
128755d0-d25d-4528-8895-5d6cda1c2e4a,45.4944761975,,,0.07981487052192983,,22.605809523809526,30.043,21764901888.0,962801259.7857271,570,2026-08-29 07:03:39.060978+00,,0.508,21
12932192-01c4-4b8a-abd0-a4940a972ecf,128.4096438749895,,,0.042803214624996505,,72.22710463321337,145.97748575151107,4588784.0,63532.714253228754,3000,2026-08-29 06:21:37.877607+00,,0.358,4
12b4ef6d-7bb8-4e8f-a5ba-caa3f7f788b8,113.279322794345,,,0.005949544264408876,,32.918282129032235,37.72538,4588784.0,139399.2548582275,19040,2026-08-27 18:48:19.518705+00,,0.358,31
12bb8d99-be24-49a1-98ff-286f054d4ed0,91.8786024834,,,0.06275860825368852,,29.52691034482759,30.98298,2623188992.0,88840618.99349791,1464,2026-09-03 21:00:43.132517+00,,0.574,29
12c7659b-22ec-4929-b95e-55c41b1e5205,62.943827504843014,,,0.14570330440935883,,20.068520496882062,20.997017708847007,4588784.0,228655.81948170692,432,2026-08-20 18:55:25.424537+00,,0.358,32
1354a9fd-955d-4111-9e05-f6943a7da819,16851.44001200001,25394.483244224986,33.64133520680232,8.425720006000004,16851.44001200001,211.76322418136021,234,21764901888.0,102779422.4995361,2000,2026-09-02 18:51:46.130626+00,,0.783,794
13845da7-b76a-4d95-923b-90c5cf69e085,168.3656537297374,,,0.056121884576579135,,111.32918956831419,133.09493653357634,4588784.0,41218.156871466446,3000,2026-08-29 06:18:23.751078+00,,0.358,3
1386188e-152f-430f-9520-3571d50b5b06,80.54965534235984,,,0.026849885114119947,,39.80356951985897,45.05483377201371,4588784.0,115285.740835644,3000,2026-09-02 20:17:09.266051+00,partial,0.358,21
139a2ad2-3c8f-4b2c-8cee-41ff5b45c7bb,92.50762702514557,,,0.010107913792083213,,21.846426481524645,27.270285813279607,,,9152,2026-08-29 08:24:08.760055+00,,,43
13aeeabb-c3b7-4d36-a718-92d1a9da0500,21.655344589499997,,,0.009431770291594076,,12.266444444444442,14.427,4588784.0,374092.4292106742,2296,2026-08-29 06:33:47.450816+00,,0.358,18
13f2f49e-f745-4d62-8463-d0bcfd533e0b,190.50217300000003,496.66977133,61.644097547981126,0.0994270213987474,,55.42857142857143,63,4588784.0,82787.34020618556,1916,2026-09-02 18:20:37.008592+00,,0.358,35
14a0cccc-2e3c-4a5e-86b7-87bd9d1062ae,3375.445117767334,,,0.6750890235534668,675.0890235534669,98.66535409769136,149.4282412679216,4588784.0,46508.56465235522,5000,2026-08-29 06:20:05.099457+00,,0.1524,89
14adc8de-e1b2-47ce-a850-8255dba2e398,4536.776495826326,15116.370968809997,69.98766102534016,0.9073552991652652,2268.388247913163,41.79699170940862,62.73538011393048,2623188992.0,62760234.282830276,5000,2026-09-01 20:05:20.408389+00,,0.2744,1073
14dc61a6-e970-4582-819b-02d2988bcbbc,321.86843918487205,,,0.32186843918487207,,22.421507386232385,32.391419279799464,2623188992.0,116994319.19598469,1000,2026-08-20 20:13:08.827962+00,partial,0.574,142
14fdaec4-3517-4b6e-b2bc-97320a5fb96d,158.48411514680353,,,1.9810514393350442,,22.430365167036225,29.84394492535759,21764901888.0,970332035.4314073,80,2026-09-02 13:02:58.0707+00,,0.6125,71
1500caaa-7d57-4641-898a-c9a596ad425f,493.2704688155002,,,0.2466352344077501,493.2704688155002,29.101094117647037,30.008,21764901888.0,747906652.5818926,2000,2026-08-29 07:08:10.199643+00,,0.771,170
150fba20-bdb9-42a2-9c98-6f24051ed75c,223.82172607514516,,,0.04476434521502903,44.76434521502903,21.969349759648296,29.178861341446417,4588784.0,208872.08998913318,5000,2026-08-20 19:01:21.102743+00,,0.2054,102
1514d6f2-b88f-4569-b0e3-861bfe3b6fe8,2009.8771584071685,,,0.4019754316814337,401.9754316814337,40.58286304150464,70.96561715223312,4588784.0,113071.96328920878,5000,2026-08-27 17:15:56.517045+00,,0.1486,493
15448c04-ad68-44e4-bc10-da4323e055cc,1192.129793724166,,,3.7254056053880182,,42.35783308109897,63.02149605697078,21764901888.0,513834167.25611484,320,2026-09-02 23:36:53.302311+00,,0.50625,280
157c3c1f-9b86-4d15-9643-cfb602ebef84,64.49472721349998,,,0.1295074843644578,,24.614740740740743,29.941,2623188992.0,106569840.39073244,498,2026-09-01 07:17:45.698749+00,,0.574,27
15d2332a-fa12-4b1d-aa4a-0a16358abfff,77.31726640532582,,,0.025772422135108608,,38.13400825279056,41.54943785481089,4588784.0,120333.1149870458,3000,2026-08-27 17:18:45.669865+00,,0.358,21
15e0f110-96ab-4e70-a921-df9618ea2add,150.3909275,162.0073516,7.170306770202142,0.0300781855,30.0781855,70.77272727272727,82,4588784.0,64838.3095696853,5000,2026-09-02 18:26:27.043536+00,,0.2192,22
15eb52f7-b215-4e58-9fd4-dfb647280692,1351.9486945199994,,,0.27038973890399987,675.9743472599997,29.72086813186813,30.021,2623188992.0,88260846.90262772,5000,2026-09-01 07:19:22.203961+00,,0.1628,455
15eef8e1-b9ac-4f14-be75-00a505d1a220,947.6373234999999,1607.39334156,41.04508840503823,0.18952746469999998,473.81866174999993,148.890625,201,2623188992.0,17618228.091929898,5000,2026-09-02 18:37:38.049474+00,,0.2488,64
16548010-a615-45ce-9a97-7f76787004aa,47.737803870499995,,,0.023868901935249997,,21.24013043478261,26.719,2623188992.0,123501548.16866349,2000,2026-08-29 06:41:29.251953+00,,0.574,23
16ae623e-3ba2-4ec8-92c5-c3120bf82994,352.6173865,80.28185133999999,339.2242837134354,0.406241228686636,,161.2608695652174,231,21764901888.0,134967037.8603397,868,2026-09-02 19:05:34.106551+00,,0.492,23
16e03163-37cb-4f60-9a3d-8078c0dbb387,11.708128403,,,0.0039027094676666665,,15.763000000000002,16.075,4588784.0,291111.08291568863,3000,2026-09-01 07:04:54.372655+00,,0.358,8
16ec45b3-64c0-48f4-90c2-32d8f4bf7d8d,46.461096427,,,0.12799200117630855,,23.151285714285706,30.025,2623188992.0,113306406.58031955,363,2026-09-01 07:17:40.669549+00,,0.574,21
16f18c4a-69b5-41b2-adf3-090d5b680902,72.01388916256,,,0.07194194721534466,,33.97793600000001,37.89984,2623188992.0,77202717.43404306,1001,2026-09-03 21:00:26.963151+00,,0.574,20
1716da5e-19be-470d-8cdb-07fbfea71dd2,674.4300185,591.42450494,14.034845169024718,2.1075938078125,,196.11428571428573,223,21764901888.0,110980706.013986,320,2026-09-02 18:58:45.511603+00,,0.49375,35
1765e269-8f79-4259-a450-bcf3b754808d,711.602468058965,,,0.142320493611793,142.32049361179298,87.0890809205591,140.12765080735036,4588784.0,52690.69269643339,5000,2026-08-29 06:22:07.815785+00,,0.2196,13
1775a7a8-cd9d-426e-ba7f-ed598280115c,20256.65063008798,,,10.128325315043991,20256.65063008798,22.741057165673006,38.10424353963052,21764901888.0,957075202.328479,2000,2026-09-02 12:33:29.390442+00,,0.587,8803
1781c2fa-522b-438f-ad14-5c54cc672b8a,129.6101605,376.9148089000001,65.61287658655324,0.043203386833333336,,50.92307692307692,61,4588784.0,90112.07250755288,3000,2026-09-02 18:25:55.804454+00,,0.358,26
179bfec9-a1cb-40c8-b0f3-d4683f1409eb,2530.4456788085004,,,1.2652228394042502,2530.4456788085004,29.418258139534878,33.007,21764901888.0,739843323.9917215,2000,2026-08-29 07:00:16.444229+00,,0.7225,860
17a26b75-0744-4a87-beb8-885a67f1a3fd,120.46323399999999,323.29334370000004,62.73872124265453,0.060231616999999994,,53.56521739130435,70,4588784.0,85667.23376623377,2000,2026-09-02 18:26:31.762267+00,,0.358,23
181712b2-8f34-4b12-9dca-bce3931af7a1,195.0072725,335.0684232,41.80076097961594,0.0390014545,39.0014545,80.72,102,4588784.0,56848.16650148662,5000,2026-09-02 18:22:14.984719+00,,0.2188,25
1829ca85-b8cd-4ba3-bbe8-124a75beafcc,,,,,,,,4588784.0,,3000,2026-09-01 13:20:55.649089+00,,0.358,0
182e780c-6570-42d6-8bd0-4b180b20bf1a,541.3528204149139,,,0.2547542684305477,,90.88919682428298,132.3310455999101,4588784.0,50487.672466415825,2125,2026-08-29 06:14:48.068322+00,,0.358,12
18430817-c062-4b36-9c8f-965bafe80950,93.00335297675616,,,0.7500270401351303,,21.76350030619188,29.311295403850224,2623188992.0,120531576.03759553,124,2026-08-20 19:47:00.014875+00,,0.574,43
186a1a9e-f136-4e4a-b9a0-8ff09253aae8,68.83229916900001,,,0.058730630690273046,,26.236407407407402,30.435,21764901888.0,829568681.0327183,1172,2026-08-29 07:05:47.839078+00,,0.492,27
1882876a-0ef6-4183-bf12-0ebf6ec0a9db,614.4811818389999,,,0.30724059091949996,614.4811818389999,28.367414746543762,29.572,21764901888.0,767250103.0659411,2000,2026-08-29 07:07:06.247356+00,,0.7625,217
188a2895-6d82-4b08-aa90-177ce8e8e65b,1384.0983439999986,3282.0221419100003,57.827879150306075,0.27681966879999975,276.8196687999997,71.01025641025642,79,4588784.0,64621.42557954791,5000,2026-09-02 18:20:31.502425+00,,0.1524,195
18c1a83e-1a35-42b8-8c9f-f47fde621dd7,45.446221557,,,0.07987033665553603,,22.592761904761904,30.09,21764901888.0,963357290.2573096,569,2026-08-29 07:03:26.821592+00,,0.492,21
18c744a4-092a-4b45-8c68-6dcb4d7a8265,157.01848334278503,,,1.0130224731792583,,42.73418551405127,55.35738862765236,2623188992.0,61383853.70975373,155,2026-09-02 21:11:35.434834+00,partial,0.574,37
18d4c60f-9397-46b5-ba9c-508245c51b0c,51.40546221980504,,,0.017135154073268346,,20.983166941540308,28.94741045049618,4588784.0,218688.81912746924,3000,2026-08-20 19:09:07.825883+00,partial,0.358,25
1905816a-12cc-4a72-960c-a88652de76d2,13455.032606008355,,,6.727516303004178,13455.032606008355,22.43400126520568,33.64398756709217,21764901888.0,970174764.2207978,2000,2026-09-02 15:08:25.868297+00,,0.787,5925
19733fe8-6fef-4699-96f8-c9cf9f0afa19,25.5082395625,,,0.008502746520833333,,22.34527272727273,24.112,4588784.0,205358.15588409995,3000,2026-09-03 15:18:56.129348+00,,0.358,11
1977c7cd-79de-465a-8428-0a2e1af67dfc,68.983601,231.89628055999998,70.25239006274124,0.3332541111111111,,33.61904761904762,40,4588784.0,136493.57507082153,207,2026-09-02 18:22:48.804105+00,,0.358,21
1979cbbb-2c2d-4698-976c-815ab4acad49,535.1794475240479,,,0.10703588950480958,107.03588950480957,73.61433218462433,134.70189596034845,4588784.0,62335.470061609136,5000,2026-09-01 13:20:16.81946+00,,0.2176,12
1a076fb4-e0de-401e-838e-e6c55e8415cd,194.6608662425,,,0.17196189597393993,,60.35678787878789,75.033,21764901888.0,360604045.59151787,1132,2026-09-01 07:55:17.180634+00,,0.552,33
1a27fa0f-113e-4851-91be-84164149869b,138.94456035466027,,,0.08705799520968688,,43.0339530918969,66.93909962167022,4588784.0,106631.70985479481,1596,2026-09-02 20:10:32.167439+00,,0.358,33
1a3963d6-ebce-47a1-a50a-a9d9d0cdc86b,121.3668591320125,,,0.09724908584295873,,34.20682439393937,51.971535,2623188992.0,76686130.28179155,1248,2026-08-27 18:51:07.364219+00,,0.574,33
1a40ac2f-4af0-424f-8b4d-40da2968fb8b,1246.2579913346035,,,3.894556222920636,,42.459624717957155,64.20377637694526,21764901888.0,512602314.1413947,320,2026-09-03 02:05:49.295961+00,,0.49375,292
1a802d72-8150-4e51-bc29-821a9cb9f580,134.0600394024314,,,1.6757504925303928,,22.45778359976746,28.18510816195064,21764901888.0,969147368.9427378,80,2026-09-02 15:19:09.576636+00,,0.55,60
1a92a2e4-7e69-4202-a50c-27f07ded9eeb,876.5664251385008,,,0.4382832125692504,876.5664251385008,28.587824104234585,29.594,21764901888.0,761334679.0102876,2000,2026-08-29 07:05:26.644523+00,,0.7475,307
1acdc9d2-76c4-4c30-8bbc-13f8b1349ebc,185.90980199999998,,,3.3198178928571425,,45.951219512195124,56.0,21764901888.0,473652323.46496814,56,2026-09-01 13:05:13.880342+00,,0.5,41
1ae8cedb-5a23-4378-b233-f733a47630e3,24.8451923635,,,0.030597527541256157,,12.316285714285712,14.67,4588784.0,372578.56032662914,812,2026-08-29 06:31:24.803624+00,,0.358,21
1aebef3d-cf97-45eb-ade0-22fd32a70b34,45.16572169400001,,,0.018450049711601312,,16.058586206896553,16.802,4588784.0,285752.67715842207,2448,2026-09-01 07:02:12.086765+00,,0.358,29
1b32ee80-15c1-442c-b2dc-8e957c9d392c,2059.893162,3145.1683875599997,34.506108793810846,0.4119786324,1029.946581,151.47058823529412,185,2623188992.0,17318140.918058254,5000,2026-09-02 18:32:44.949787+00,,0.287,136
1b36c04c-e950-4b2b-921c-3b873178ff3b,546.6194119742661,,,0.5466194119742661,,44.1891067405197,66.15323173948454,2623188992.0,59362797.42886582,1000,2026-09-02 21:03:02.906329+00,,0.574,123
1b41f670-8b36-4d1b-b595-98f15ae67e2a,1334.7120154209879,,,0.06421824554565954,,87.4141824620576,149.37992898692255,,,20784,2026-08-29 08:03:54.690512+00,,,41
1b509bce-381f-4f1e-a4c8-89e95f132b9d,91.264481,187.55063640000003,51.338751628997414,0.030421493666666667,,53.611111111111114,61,4588784.0,85593.89844559586,3000,2026-09-02 18:21:38.807234+00,,0.358,18
1bbe4673-c8e7-4fdb-8c6e-07e07eb8b6ef,147.64189245613218,,,0.09922170191944367,,39.5045238328148,60.63061877810893,4588784.0,116158.44350940599,1488,2026-08-27 17:24:49.509799+00,partial,0.358,38
1c2f6ac1-a9fb-41ad-a9e8-829f80ae8871,82.09257329546163,,,0.02736419109848721,,40.49800445250363,44.55424158206118,4588784.0,113308.89168580543,3000,2026-09-02 20:17:13.002618+00,partial,0.358,21
1c927236-9dab-4ce4-8fd1-05b02168ecc3,216.4940740431719,,,0.04329881480863438,43.29881480863438,73.13540194850837,149.55908110823006,4588784.0,62743.676492415725,5000,2026-09-01 13:16:48.806024+00,,0.2184,13
1cd9257d-9b0c-4b4b-bf03-8ec7c4ac9326,110.91384871612968,94.74383328,17.067090148592385,0.0842810400578493,,40.76185549280664,61.1895056720493,4588784.0,112575.44448166242,1316,2026-09-01 19:35:40.303576+00,,0.358,28
1ce39c1d-9a90-4531-a32b-e52d24c7abd5,75.89248400000001,,,0.3794624200000001,,38.75,52.0,2623188992.0,67695199.79354839,200,2026-09-01 13:00:51.943418+00,,0.574,20
1d65dc41-d1bc-47ba-ab61-cac45c6cdc9a,176.598348962,,,0.364872621822314,,60.47100000000002,75.075,21764901888.0,359922969.48950726,484,2026-09-01 07:42:08.246676+00,,0.5099009900990099,30
1d7757f5-6243-4fff-8bfa-be63167b41ba,79.58754778867198,,,0.04974221736791999,,26.358973793103438,28.916096,2623188992.0,99517872.45550247,1600,2026-09-03 21:00:58.153005+00,,0.574,29
1d8f9a80-ea42-40fd-9164-2b3570f40c9e,96.18789941354142,,,0.03206263313784714,,37.96338655539949,56.57671667815107,4588784.0,120873.9371368686,3000,2026-08-27 17:23:39.132589+00,,0.358,26
1d94f24a-19fa-4b61-8fb8-b5529a7da577,371.0354978290003,,,0.07420709956580006,74.20709956580006,18.89620812182739,19.153,4588784.0,242841.52515760047,5000,2026-09-01 07:04:01.202234+00,,0.1524,197
1da5f7ca-7eff-4504-a9c2-8ac4f698414f,42.148649463775605,,,0.008416263870562221,,21.977678540363588,22.41140790602344,,,5008,2026-08-29 08:23:46.064321+00,,,20
1dad67e7-4632-4f3f-8e43-5701c8ea0959,1662.3800423852804,,,1.6876954745028228,,88.4368670403709,148.9763584121902,2623188992.0,29661713.26266601,985,2026-09-01 14:18:06.300953+00,partial,0.574,38
1df7d8c7-f0f7-4070-a43c-9ad3346e80ff,699.237589424441,,,0.1398475178848882,139.8475178848882,103.91050147725893,149.27685100645755,4588784.0,44160.92632373896,5000,2026-08-29 06:17:06.794312+00,,0.2068,20
1e487ce8-c8dc-44ab-a631-62ea0d9d3f9d,1333.961204827501,,,0.2667922409655002,666.9806024137505,29.722182628062352,30.052,2623188992.0,88256943.4696664,5000,2026-09-01 07:18:33.862283+00,,0.198,449
1e78452a-df01-4dcd-af22-2087a2c59597,60.40083754698751,,,0.04653377314868067,,26.88086999999999,27.01962,4588784.0,170708.16532351825,1298,2026-08-27 18:47:34.570209+00,,0.358,21
1e8652ff-0e81-4ab0-a395-697406269f21,16.26268039248,0.0,,0.01926857866407583,,5.949951538461538,6.01921,2623188992.0,440875690.3385251,844,2026-08-20 13:35:48.734643+00,,0.574,26
1e9b16b9-b1d9-4583-9b89-3e36601978c9,405.92431435750024,,,0.08118486287150005,202.96215717875012,29.548971014492725,30.251,2623188992.0,88774292.36752164,5000,2026-09-01 07:24:16.358302+00,,0.2688,138
1eebf2c4-3ce9-4a1c-9f06-6a7e4170e429,16226.140708000004,24337.764718739985,33.32937147056098,8.113070354000003,16226.140708000004,212.10091743119267,231,21764901888.0,102615783.80518188,2000,2026-09-02 18:47:03.113535+00,,0.712,763
1f1a1f57-076a-4c49-be81-ad50d143d154,199.4483500185,,,0.1994483500185,,34.634509090909084,50.13,2623188992.0,75739170.58026205,1000,2026-09-03 15:20:08.350837+00,,0.574,55
1f309bd9-1191-4145-86f2-f8eb6ad39408,11587.201940339592,40603.37668093502,71.46246719480288,5.793600970169796,11587.201940339592,41.186043957872855,63.239010661493246,21764901888.0,528453325.3609458,2000,2026-09-01 22:45:14.828098+00,,0.6905,2782
1f569410-6d35-4596-a147-7b3176fa113e,158.0971185,222.94690808000001,29.08754830398006,0.1580971185,,85.75,169,2623188992.0,30591125.271137025,1000,2026-09-02 18:37:06.464281+00,,0.574,20
1f68e6a1-dfb8-45d4-ba24-cff2debfe0f2,85.66010169700003,,,0.1784585452020834,,26.541636363636357,30.188,21764901888.0,820028636.8861277,480,2026-08-29 06:52:42.827285+00,,0.49,33
1fa662d8-feb6-407d-b424-edb23c79806a,194.3062874532559,,,0.10729226253630916,,71.07219254448437,142.56523164685012,4588784.0,64565.11099088243,1811,2026-09-01 13:21:33.205119+00,partial,0.358,12
1fc6f893-df18-441b-9fb8-93a04f80d090,10542.726442573463,34880.17928451502,69.77444881639734,5.271363221286731,10542.726442573463,41.417267807289605,63.42220646542806,21764901888.0,525503082.1750461,2000,2026-09-01 23:03:22.610767+00,,0.8145,2525
20013780-1335-4c3d-be12-8f675baba3bb,144.8699722628671,,,1.8108746532858386,,34.42149099766419,43.39934849546883,21764901888.0,632305610.7440827,80,2026-09-01 23:13:53.954547+00,success,0.45,43
201d460e-1d13-4245-aadc-84e0419f27fc,228.139212847,,,0.4073914515125,,66.52931428571425,74.985,21764901888.0,327147545.7349415,560,2026-09-01 07:44:58.542679+00,,0.49,35
20bc800f-48cd-47aa-9c5d-176a5ba62c0f,106.41285646026498,,,0.13435966724780932,,31.761937903225785,43.369025,2623188992.0,82589072.49275824,792,2026-08-27 18:50:57.830393+00,,0.574,31
21482239-67d1-4379-815a-7ca4a78bead5,118.88743950629751,,,0.037152324845717975,,24.176115446808502,30.639868,2623188992.0,108503328.32714398,3200,2026-09-03 16:52:22.822412+00,,0.574,47
215f509d-adfc-4b3e-b611-3da84b94e947,629.9043124251043,,,0.29559094904979083,,88.62821270216567,146.71993534699584,4588784.0,51775.657661297635,2131,2026-09-01 13:17:28.44598+00,,0.358,13
21718bb2-6f80-4325-91b2-b7d5e04ba466,30.31474569915,,,0.1464480468557971,,13.917809714285717,15.661448,2623188992.0,188477141.57978958,207,2026-09-03 16:51:00.328008+00,,0.574,21
21ab224e-6981-4dd0-ab0d-93854eb9594f,9090.053396917267,,,1.8180106793834534,4545.026698458633,44.057713508033835,66.7089112517589,2623188992.0,59539834.98307662,5000,2026-09-02 21:10:28.733852+00,,0.2836,2043
21cfb0ce-7f13-4231-873e-2e4d80f202d5,76.732642323104,,,0.025577547441034666,,39.50346577973086,44.247046901654606,4588784.0,116161.55467438746,3000,2026-09-02 20:15:43.5062+00,,0.358,20
21e9b596-e291-4321-9e4c-68986814e042,13591.405310030426,,,6.795702655015213,13591.405310030426,22.43387273842522,33.65561049169231,21764901888.0,970180322.4871026,2000,2026-09-02 15:18:41.393857+00,,0.7025,5980
225fdd5b-b9c7-4de1-a679-9c961107cfea,85.6052555,,,0.4280262775,,43.9,50.0,2623188992.0,59753735.58086561,200,2026-09-01 13:00:56.254738+00,,0.574,20
2271fc40-dc0c-4a85-aec6-84acaa6058c2,41.461671,,,0.013820557,,36.5,53.0,4588784.0,125720.1095890411,3000,2026-09-01 12:57:42.944607+00,,0.358,12
22735916-7ee4-4471-8171-54b728c8ddf3,77.91086924469366,133.1879462,41.50306280141914,0.02597028974823122,,38.66266244328947,45.46273230449874,4588784.0,118687.73928155735,3000,2026-09-01 19:33:04.637074+00,,0.358,21
22a90d66-c3cc-4a81-8a48-88cda18b96a0,222.44643509021506,,,0.11178212818603772,,110.29089383784923,149.73561791417058,4588784.0,41606.191049158384,1990,2026-08-29 06:14:32.308584+00,,0.358,15
22b2ac90-d3bb-4a3e-8de2-eaccde3d41f6,1074.4734889774684,1999.021270275,46.25002220063141,0.21489469779549367,214.89469779549367,42.115866861214286,62.66513491978629,4588784.0,108956.18069839478,5000,2026-09-01 19:31:45.845696+00,,0.1556,255
22c6a42d-7ccc-4d14-8ab3-3f3bcc057ee5,100.359668664,,,0.19007513004545454,,27.692513513513507,29.963,21764901888.0,785948948.8875422,528,2026-08-29 06:55:53.511135+00,,0.49728260869565216,37
2306aa39-fd92-462a-83cd-fdd8f95451af,5.039471428109907,,,0.001679823809369969,,48.93593408599554,59.107873985902685,4588784.0,93771.25594325205,3000,2026-09-01 13:22:09.919436+00,partial,0.358,2
230dc21d-edd4-4e31-81bb-392290720061,117.04309649999999,,,0.5654255869565217,,38.12903225806452,49.0,2623188992.0,68797680.8392555,207,2026-09-01 13:00:39.454003+00,,0.574,31
2373c4f7-b73e-4e2b-8389-9a4bcaa89536,127.56217499999995,,,0.6749321428571426,,38.484848484848484,48.0,2623188992.0,68161603.72913386,189,2026-09-01 12:58:50.689624+00,,0.574,33
23c6a3a7-0f47-4d13-bdfa-8af8a119e6b2,273.64369766002574,,,1.710273110375161,,21.932476946622554,31.89516409787461,21764901888.0,992359501.4356844,160,2026-09-02 13:31:25.400751+00,,0.475,124
23c82ba6-3f5b-462a-9c3d-b737bfcf7fc2,2439.727570104,,,1.219863785052,2439.727570104,70.55891618497103,74.576,21764901888.0,308464231.9468606,2000,2026-09-01 07:53:50.239843+00,,0.792,346
23d1d6db-760d-49e3-84f1-c973a33fdb54,126.65157556327189,,,0.6332578778163594,,34.081441531258115,53.73191142901807,2623188992.0,76968252.34326188,200,2026-09-01 19:44:13.719671+00,,0.574,38
23da6e40-b994-4e3b-a0e7-dea8765c91b0,,,,,,,,4588784.0,,3000,2026-09-01 13:22:03.143324+00,partial,0.358,0
243cb937-bc07-4a70-95bb-8030d310e0b6,3599.2432989999998,2754.96773607,30.645569887303687,1.7996216495,3599.2432989999998,198.0054945054945,213,21764901888.0,109920696.60670976,2000,2026-09-02 19:03:22.124503+00,,0.764,182
243d805e-d46a-4df6-8909-75f678bee8a7,64.8429540533271,104.39105441999999,37.88456835348909,1.2968590810665421,,34.00267037846258,48.95174270947898,2623188992.0,77146558.27918556,50,2026-09-01 19:52:56.199123+00,,0.574,20
246517b9-e0cb-4d04-9875-1ccfe217dce3,1325.6489397325001,,,0.6628244698662501,1325.6489397325001,71.82082162162162,74.975,21764901888.0,303044456.97746915,2000,2026-09-01 07:57:42.32267+00,,0.804,185
25010add-0b7a-4cf2-b526-ccab7479b958,248.04484349999998,588.0344810800001,57.817976414506504,0.9614141220930232,,112.56521739130434,146,21764901888.0,193353705.4553882,258,2026-09-02 19:02:16.576291+00,,0.4588235294117647,23
259bb8c7-a521-432a-abad-2982d60352f5,130.4197884015,,,1.63024735501875,,42.66963333333333,49.123,21764901888.0,510079421.5402211,80,2026-09-03 15:24:02.923528+00,,0.55,30
25cd888b-4a3b-48fb-9e11-3ca1556fcc03,9.599338075,,,0.0031997793583333333,,15.985714285714286,16.45,4588784.0,287055.29937444144,3000,2026-09-01 07:05:12.616319+00,,0.358,7
25dd9e75-2644-47f4-8ae5-5ad042762d12,2114.515576776566,,,0.42290311535531316,422.90311535531316,43.990022795762926,65.86082139125357,4588784.0,104314.1991834109,5000,2026-09-02 20:13:13.747155+00,,0.1552,479
25eb5aa1-1628-4b17-9174-7915c9befe3e,340.9782025388411,,,1.0655568829338784,,22.037249677737442,32.79231045503773,21764901888.0,987641480.0521785,320,2026-09-02 16:20:32.278283+00,success,0.49375,154
2621e459-2619-463b-8709-60a44ad33a83,116.13508504064463,323.0730822,64.05299870549084,1.4516885630080578,,39.75964904177852,46.95165154757744,21764901888.0,547411821.09354,80,2026-09-01 22:45:24.237646+00,,0.6125,30
26bb6a24-31b3-4a5c-b5c5-8028d5cb1333,173.65271775490666,,,0.17902342036588315,,44.10223645775387,46.69805557984332,4588784.0,104048.78229691727,970,2026-09-02 20:07:47.880626+00,,0.358,40
26d6a7a2-7f61-4e9e-b021-a7600cffe700,455.88512276726306,1490.29659972,69.40977233304325,1.424641008647697,,40.42377828015608,63.405868290947005,21764901888.0,538418297.6949567,320,2026-09-01 23:12:47.669508+00,,0.49375,113
276f6cb4-62a5-43b3-98c7-074ff1ea10f3,8775.449660999997,11217.410665469999,21.76938223352177,4.387724830499998,8775.449660999997,154.9575221238938,162,21764901888.0,140457214.2719101,2000,2026-09-02 19:00:00.876071+00,,0.6655,565
277ee2e7-bdd9-4d7c-864b-9dfc28221b80,125.40749658527427,,,0.0833826440061664,,42.659054260300465,66.98124781145675,4588784.0,107568.816973761,1504,2026-09-02 20:16:57.114055+00,partial,0.358,30
2783a062-a781-41f7-b1c8-fa2be9637588,438.6184345385848,,,0.17686227199136484,,86.54934910765158,148.1691662810643,4588784.0,53019.27798778002,2480,2026-08-29 06:21:03.570261+00,,0.358,9
283be7b6-2c35-4260-8f20-f96f3f11460d,75.38053051642771,57.763983679999996,30.497458302079,0.037690265258213854,,33.94404071364648,43.58508653486472,4588784.0,135186.73391630646,2000,2026-09-01 19:36:49.519903+00,,0.358,23
284d8c14-286f-446d-996a-af9bc495ba92,609.0859425164655,,,0.6090859425164655,,44.16407715141122,61.949816995574345,2623188992.0,59396440.75447818,1000,2026-09-02 20:45:27.879149+00,,0.574,137
288772d3-e6a6-4b31-8d2a-a244c781f245,1233.0311533956933,,,3.8532223543615416,,42.47430455562718,62.115408605260775,21764901888.0,512425150.1162364,320,2026-09-03 02:06:35.237172+00,,0.50625,289
2894e0e1-2b10-48fc-b5aa-4d9f1075ddfa,3160.5671061837356,,,0.6321134212367471,632.1134212367472,91.40586724992478,145.9667427726003,4588784.0,50202.29158214979,5000,2026-08-29 06:19:26.99649+00,,0.152,83
291fc678-3a85-4f4f-9119-9833890d8e20,772.1291753563962,,,0.15442583507127924,154.42583507127924,99.34812307210723,149.14361678027763,4588784.0,46188.93501057332,5000,2026-08-29 06:17:26.844424+00,,0.2168,13
29342e31-e836-4319-9de4-47a875978c5e,1576.6683756203524,,,0.05140415935121128,,84.5972811347795,148.59591563776428,,,30672,2026-08-29 08:02:46.660549+00,,,47
29c5f876-af01-4707-862c-4d7f5b703a7b,53.90966306997001,0.0,,0.012479088673604168,,14.025735090909087,29.675262,2623188992.0,187026845.65176514,4320,2026-08-20 13:36:17.597687+00,,0.574,33
29d0dc66-d35b-43f2-9e26-767777021def,122.72032627591747,,,0.0045983335684921115,,32.226711363636355,40.309093,4588784.0,142390.70031755845,26688,2026-08-27 18:48:36.346938+00,,0.358,33
29da65f6-0747-42bd-98e8-204e52a598fd,37.865018508,,,0.18932509254,,27.959214285714285,38.029,2623188992.0,93821985.31023507,200,2026-09-03 15:19:46.214381+00,,0.574,14
29f4d670-442e-4396-9743-318ee2238754,157.43317470949998,,,0.13571825405991378,,57.80932142857141,75.118,21764901888.0,376494678.54232615,1160,2026-09-01 07:57:12.002477+00,,0.508,28
29fa271e-92f6-4738-806c-96a2611f0b29,98.50271546020348,,,0.0732907109078895,,33.682433481481475,37.365714,2623188992.0,77880031.840402,1344,2026-09-03 21:00:20.527746+00,,0.574,27
2a1f1d5d-e6f8-43c9-b8a4-77fb6179c2fc,261.05299976884754,664.985919,60.74307856602186,1.6315812485552972,,38.73243464307519,63.82206469340468,21764901888.0,561929609.862293,160,2026-09-01 21:51:56.564586+00,,0.475,68
2a3f58ee-21c0-4ba3-b910-670b47d56df7,66.46279926944376,73.54609734,9.631099849949209,0.022154266423147922,,36.9901177570405,54.05796966894662,4588784.0,124054.32256637236,3000,2026-09-01 19:37:39.694909+00,partial,0.358,19
2a669e55-695c-4dd3-9884-fe70e9a11bd1,27.282372422999995,,,0.005456474484599999,5.456474484599999,19.615933333333327,28.479,4588784.0,233931.463878004,5000,2026-09-01 07:05:03.692104+00,,0.2056,15
2a6b2c08-44ee-4b95-a6b6-5e9f1e0a27ea,100.23635794081399,,,0.006930057932854949,,28.448059878787888,32.418704,4588784.0,161303.93494501876,14464,2026-09-03 20:59:15.205943+00,,0.358,33
2aa6ff9a-cb8d-48ab-be11-29e3815fd9e0,44460.1352638862,,,22.2300676319431,44460.1352638862,43.805695352595315,66.57380366894013,21764901888.0,496850962.25074565,2000,2026-09-03 00:27:59.087658+00,,0.62,10041
2b0824ea-f25f-47ec-b74e-321efce30d63,448.0403626600714,1527.20884305,70.66279672888177,1.4001261333127233,,40.80406646129384,63.337293415286325,21764901888.0,533400314.61437494,320,2026-09-01 22:05:58.651351+00,,0.50625,110
2b488e4e-37ac-48d8-9005-97553c74499d,533.8185047961488,,,1.6681828274879649,,21.281910746691416,31.686369458580618,21764901888.0,1022694914.3362831,320,2026-09-02 13:59:56.611198+00,,0.50625,248
2b66e126-f033-4e81-aa15-fd628c2afb74,215.06902121159274,,,2.6883627651449093,,44.76335031236501,66.63952377159359,21764901888.0,486221467.69894177,80,2026-09-03 02:07:13.471689+00,success,0.55,49
2ba598bb-733e-4e2c-9da9-1335a938015e,236.12477239478602,530.5117536,55.4911327048898,0.04722495447895721,47.2249544789572,41.20152812851338,62.41476911296933,4588784.0,111374.12150556492,5000,2026-09-01 19:33:32.450432+00,,0.2122,58
2bc1fb5b-0a00-4853-bf76-0b8ac98a2624,325.12865330167887,,,0.06502573066033578,65.02573066033577,21.83156071833021,31.58205138794871,4588784.0,210190.37801301884,5000,2026-08-20 19:00:09.896028+00,,0.2168,148
2bd6f2af-7d9e-467d-a1b7-ca05fd346605,20292.380027322273,,,10.146190013661137,20292.380027322273,22.183936347147718,33.60002900519101,21764901888.0,981110905.9911455,2000,2026-09-02 14:16:46.442677+00,,0.4995,8997
2c1c5de1-15db-43e1-be83-b7ec469e8e7c,183.58869449999997,157.56233248,16.51813705112774,0.8869019057971014,,85.68181818181819,100,2623188992.0,30615468.34164456,207,2026-09-02 18:30:17.224462+00,,0.574,22
2c58b8b2-9b46-44f3-8417-67f2ad82e2e5,19439.12924364091,,,3.887825848728182,9719.564621820455,81.01387880887998,149.76086113646633,2623188992.0,32379501.272718605,5000,2026-09-01 13:36:57.495555+00,,0.182,485
2c7f05dd-4d99-4067-82fa-246939670405,80.49270667249999,,,0.503079416703125,,34.29204347826088,40.052,21764901888.0,634692473.2495937,160,2026-09-03 15:28:37.37282+00,,0.53125,23
2d0ead93-6aad-4069-b097-bc3a90dcd2f9,83.67216546115242,,,0.02789072182038414,,39.425989587944734,49.55497436765724,4588784.0,116389.82427477509,3000,2026-09-02 20:17:05.590323+00,partial,0.358,22
2d7b0bcf-bccb-486b-bf6b-f3b4c37d5022,1887.4812076316896,,,0.37749624152633793,377.49624152633794,40.49920245004252,60.1035213231553,4588784.0,113305.53992169251,5000,2026-08-27 17:16:45.392201+00,,0.1498,464
2d9cc67a-8a5b-4982-89c3-0dd0157c4582,12.496544867112465,,,0.004165514955704155,,121.4329637554778,141.58335011179116,4588784.0,37788.61898849934,3000,2026-09-01 13:20:20.651493+00,,0.358,2
2dbf5cd3-b8a1-4cdc-84e8-056f9e50a498,52.4008554565,,,0.010480171091299999,10.480171091299999,19.344785714285706,21.46,4588784.0,237210.381535076,5000,2026-09-01 07:04:42.800088+00,,0.199,28
2e098e13-954a-4b5a-8c2b-da6767768153,608.6422495449999,,,0.30432112477249995,608.6422495449999,28.231740740740754,29.296,21764901888.0,770937296.7070158,2000,2026-08-29 07:06:13.798412+00,,0.809,216
2e481d1f-4daf-484d-80a6-18391649799d,79.68079849210987,,,0.2825560230216662,,41.6723098859654,42.51044155022356,2623188992.0,62948010.30176276,282,2026-08-27 17:37:06.84702+00,,0.574,20
2e49af65-5ab9-431f-b441-d5ab669b6fe1,359.67444131850004,,,0.07193488826370001,179.83722065925002,29.650631147541027,29.956,2623188992.0,88469920.89129762,5000,2026-09-01 07:24:42.770087+00,,0.267,122
2e64e92f-c038-4654-b4b3-ef6ba4279e6b,87.44357798852867,,,0.10876066913996103,,21.878319789483875,32.49181733008496,4588784.0,209741.15216131287,804,2026-08-20 18:59:34.705147+00,,0.358,40
2f02f0f4-ad6c-4eca-952e-5ec98d57294f,41.256054881,,,0.206280274405,,22.406499999999998,27.057,2623188992.0,117072679.44569658,200,2026-09-03 15:21:22.368425+00,,0.574,18
2f0a99ee-aea8-46ab-a33c-79f0663b08c9,31.102167934999997,,,0.006220433586999999,6.220433587,22.26506666666667,28.961,4588784.0,206097.92320406254,5000,2026-09-01 07:05:10.159566+00,,0.2154,15
2f16877b-fd27-42c4-bd95-48ffcb8d0e1d,369.4239521658026,,,0.07388479043316051,73.88479043316052,82.0501923918473,145.05728883502312,4588784.0,55926.54771710142,5000,2026-09-01 13:20:06.477987+00,,0.204,12
2f5ab074-6b36-463f-bc06-4fad307f7c93,741.5806487232915,,,0.7415806487232914,,81.73158284107187,145.14521504190864,2623188992.0,32095169.343542818,1000,2026-09-01 14:09:43.368178+00,,0.574,25
302ba339-2374-4cc9-b796-f2e287a49cf7,302.15697156993264,575.28121072,47.47664864775185,0.06043139431398653,60.43139431398653,42.27399927121357,72.85162141444368,4588784.0,108548.61331098918,5000,2026-09-01 19:35:49.689229+00,,0.2066,72
304f109e-1d08-454f-9d3e-ba871c71c0f3,46.51313246798208,,,0.02325656623399104,,21.596765379388962,33.659128254619965,4588784.0,212475.5221158878,2000,2026-08-20 19:00:36.619275+00,,0.358,22
306c26ce-8b98-412b-8c06-17e8869b2227,1230.235299666986,1853.2683337800004,33.618069372730886,0.2460470599333972,246.0470599333972,43.75998994999529,111.39987590184049,4588784.0,104862.54693485126,5000,2026-09-01 19:34:30.063536+00,,0.1488,281
30e35c67-2917-43c2-86dd-eead017209a1,249.19723113034033,,,3.114965389129254,,44.24458932825103,64.12824305624805,21764901888.0,491922339.396711,80,2026-09-02 22:36:04.42367+00,,0.6125,57
31556bd3-ca3b-4f4c-9001-800ceb374637,175.99732699999996,,,3.142809410714285,,43.4390243902439,55.0,21764901888.0,501044905.9000562,56,2026-09-01 13:05:23.744076+00,,0.5,41
32441a21-0da5-435c-855e-172ff79476a3,4330.932131903582,,,0.8661864263807163,2165.466065951791,22.32586186898164,33.61438927604504,2623188992.0,117495530.85090607,5000,2026-08-20 20:08:06.703606+00,,0.2616,1918
3273aa7c-b2d2-4344-9e51-0a8c64581320,353.6333870220029,,,0.07072667740440058,70.72667740440059,39.8501617711461,52.10372935637364,4588784.0,115150.9503613246,5000,2026-08-27 17:19:20.000483+00,,0.2132,89
327d30b3-d349-40d5-9099-0bcfff3ff3f6,1561.402412500001,3246.9579099200005,51.911836992723096,0.3122804825000002,312.2804825000002,67.25431034482759,69,4588784.0,68230.33314106261,5000,2026-09-02 18:23:44.380387+00,,0.1428,232
32c98a2e-922c-48c2-bb5b-effcf6c65cb8,28.529896874000002,,,0.06109185626124197,,13.55931818181818,14.004,4588784.0,338422.916142874,467,2026-09-01 07:01:01.010877+00,,0.358,22
32fe79cd-7268-47ab-877a-7f5f7c480b20,43.569423624345475,,,2.1784711812172737,,22.739221819469073,23.250876846368985,21764901888.0,957152450.5453889,20,2026-09-02 14:47:46.945502+00,,0.45,20
32feeb06-78d0-4813-929e-f43714f70d6d,435.95046381064344,,,0.08719009276212869,87.19009276212869,76.64029682361407,142.04548380107437,4588784.0,59874.298380667606,5000,2026-09-01 13:20:35.895294+00,,0.2218,11
33420cb3-2597-423c-ba21-d71061ee16bc,93.57711050893849,,,0.007292480557118024,,28.25861441935482,32.96728,4588784.0,162385.3148602028,12832,2026-09-03 20:58:43.815701+00,,0.358,31
338305bf-723b-4e22-93d1-4d85eba5c50e,10530.40765560821,34866.595906475,69.79800470382992,5.265203827804105,10530.40765560821,41.45761221261243,66.210306660905,21764901888.0,524991689.73794824,2000,2026-09-01 22:01:13.261909+00,,0.7815,2519
33961b20-c9c8-43fe-bc7c-5e7df0e63d4c,143.0359490931453,,,1.0216853506653234,,39.20355595506999,47.083585756770674,2623188992.0,66912016.73150154,140,2026-08-27 18:27:13.662241+00,partial,0.574,37
339e254b-764f-4b32-b73b-4009027ab9a9,283.23469651379975,,,1.7702168532112483,,21.921393487808327,30.814972026309636,21764901888.0,992861238.5022256,160,2026-09-02 13:31:49.340098+00,,0.53125,128
33c443ea-77ed-43c3-827b-8fe3f3d52977,222.3742785301994,,,0.06949196204068732,,51.56986673684208,58.213625,2623188992.0,50866701.00169107,3200,2026-08-27 18:51:51.827968+00,,0.574,38
33faddb7-2f3e-4a0c-b202-f4717157c86c,134.7000872055,,,1.6837510900687502,,43.064733333333336,49.227,21764901888.0,505399667.0438765,80,2026-09-03 15:23:46.657344+00,,0.6875,30
341c1e3c-35c8-4def-b449-4e0b86b0c747,184.4448143585,,,0.3810843271869835,,61.042000000000016,75.034,21764901888.0,356556172.60247034,484,2026-09-01 07:41:53.08492+00,,0.5717821782178217,31
3422c22f-e211-40bd-a2a4-9ad5a643629a,,,,,,58.16008639326982,58.16008639326982,4588784.0,78899.19504196275,3000,2026-09-01 13:20:58.905294+00,,0.358,1
347dd69f-d639-4f0f-b547-1970262a48cb,336.1775916479843,,,0.17213394349615171,,88.71996732313005,148.49021154729496,4588784.0,51722.11102475987,1953,2026-08-29 06:14:40.028015+00,,0.358,13
347eb846-3716-4d34-8159-86afeabe3882,1603.21668742934,,,0.320643337485868,320.643337485868,21.842445824055865,32.368197752040174,4588784.0,210085.63038055968,5000,2026-08-20 18:57:59.693991+00,,0.1498,728
3480efbb-eba2-4582-935d-90eb218b33e6,96.95781085019401,,,0.01877571859996011,,36.96849240000001,36.985578,4588784.0,124126.89028130341,5164,2026-09-03 20:58:18.771127+00,,0.358,25
350f9969-1d99-4a36-ae5d-4950ddd6812b,199.4853621765,,,0.17622381817712013,,61.843303030303026,75.009,21764901888.0,351936278.0046736,1132,2026-09-01 07:55:32.620638+00,,0.492,33
35225f82-6694-4635-84a1-53ccdc9ee9f4,6.8019262595,,,0.0022673087531666666,,12.22166666666667,13.264,4588784.0,375463.03013773344,3000,2026-08-29 06:34:22.098164+00,,0.358,6
352583de-a991-483a-8afc-c478ba02c0a5,129.0713476985,,,0.4033479615578125,,67.46174999999998,74.836,21764901888.0,322625812.2269287,320,2026-09-01 07:47:50.218197+00,,0.50625,20
359f548a-f377-4d73-a026-2afe188a4d1d,359.637979,172.37070554,108.64216913966457,0.4143294688940092,,163.47826086956522,232,21764901888.0,133136367.9319149,868,2026-09-02 19:05:26.488276+00,,0.508,23
35b4a2ac-a9ce-4034-b201-05a69e061696,44450.841547822994,,,22.225420773911498,44450.841547822994,43.8179317879835,66.66395680445326,21764901888.0,496712213.46802,2000,2026-09-03 00:10:56.949038+00,,0.672,10034
35b4beab-d029-4c6d-8438-144cb3951384,158.36052693400003,,,0.13651769563275865,,58.13910714285715,75.084,21764901888.0,374359066.6867334,1160,2026-09-01 07:57:19.142509+00,,0.492,28
35c42fe0-c46d-4062-854e-bdf529fe0349,75.11710710496533,,,0.02503903570165511,,35.469037623582125,41.53285811361536,4588784.0,129374.35880552558,3000,2026-08-27 17:25:16.701076+00,partial,0.358,22
362ef555-b512-47b0-b5e1-1465c4ea5871,8.4035906175,,,0.0028011968725000004,,15.670499999999999,15.984,4588784.0,292829.45662231586,3000,2026-09-01 07:05:17.784997+00,,0.358,6
3634915f-1568-4cb3-b6a6-77fb76e49820,2466.8429385396657,,,0.06060443540044383,,86.20338592177272,147.74327091531833,,,40704,2026-08-29 08:03:33.802311+00,,,64
3657b1c7-16cc-4731-b136-9a07be13b5d2,583.134461572315,,,3.6445903848269685,,42.90245152024599,60.86693723451326,21764901888.0,507311380.04384154,160,2026-09-03 01:33:25.89598+00,,0.46875,136
36658687-9e69-4129-9b0b-d1302b6dacba,72.85812319518664,160.90760820000003,54.720523155979265,0.02428604106506221,,38.05914819823132,44.73260221594665,4588784.0,120569.80298401028,3000,2026-09-01 19:33:08.504538+00,,0.358,20
36974a66-89c7-49a9-ace0-47222ccbbe88,85.72903988348122,,,0.05669910045203785,,21.670334833080513,27.861951572273483,4588784.0,211754.1807888941,1512,2026-08-20 19:08:30.123619+00,partial,0.358,40
36af1c55-572f-419f-ab24-3a1cb5348fad,174.49571900000004,352.03659975000005,50.43250641441295,0.09107292223382048,,49.166666666666664,55,4588784.0,93331.20000000001,1916,2026-09-02 18:20:42.503823+00,,0.358,36
36c652e5-83fc-45d4-8375-782dc5c4eb2c,58.00529033240029,,,0.019335096777466764,,35.9416822373056,54.32395695992029,4588784.0,127673.04461996163,3000,2026-08-27 17:25:23.590983+00,partial,0.358,17
36ecffd9-92f8-4997-9f7c-4a11c35d6f5e,16264.365148499994,24335.634909909993,33.16646469792002,8.132182574249997,16264.365148499994,210.98439531859557,223,21764901888.0,103158822.97898883,2000,2026-09-02 18:48:26.564066+00,,0.7325,769
36f8ee23-14df-4716-9b0e-83d67446c160,163.64302899999998,474.90951395999997,65.54227190871077,0.32468854960317456,,47.6,51,4588784.0,96403.02521008403,504,2026-09-02 18:18:51.337327+00,,0.358,35
3711faf3-c8e6-465d-b231-28fb1d8c2da0,56.311647274923466,,,0.018770549091641154,,36.94595576460662,41.271033104796786,4588784.0,124202.60634848564,3000,2026-08-27 17:24:27.447856+00,,0.358,16
3737a483-30ff-4044-80ad-803885772d9a,50.41510902350001,,,0.01680503634116667,,23.995619047619044,28.912,2623188992.0,109319496.47951612,3000,2026-08-29 06:42:03.43995+00,,0.574,21
374134fb-3bb9-4cd8-bd68-65a0637fc273,214.88841775388676,513.39674373,58.1437902794922,1.3430526109617922,,41.039171515039506,60.03051707940356,21764901888.0,530344572.86799467,160,2026-09-01 22:58:42.91143+00,,0.53125,53
37458542-7c00-4b5f-a962-adf3d9ec4e78,240.78480877699997,,,0.04815696175539999,120.39240438849998,28.51327058823529,29.959,2623188992.0,91998881.14842708,5000,2026-08-29 06:41:24.539146+00,,0.2554,85
3794aaa7-5166-4562-acc6-8bef84de74df,258.7757025,,,1.617348140625,,49.15094339622642,66.0,21764901888.0,442817581.5984645,160,2026-09-01 13:09:22.64573+00,,0.46875,53
37b11ae1-778a-4b99-9486-79a6391c6be5,28662.90448813435,,,14.331452244067176,28662.90448813435,44.19844451816827,67.06679349365159,21764901888.0,492435924.5052909,2000,2026-09-03 00:50:15.073622+00,,0.788,6416
37ca7f39-95ea-4887-b129-db62114174f8,84.80893265323199,,,0.036243133612492304,,21.409613513513516,30.4737,4588784.0,214332.87420642175,2340,2026-08-27 18:47:22.002756+00,,0.358,37
37f0aea2-03a5-401c-8fa4-fb9d5322059e,537.3956288212263,,,0.5187216494413381,,70.89720603519258,146.6380707188192,2623188992.0,36999892.361031525,1036,2026-09-01 13:37:10.7286+00,,0.574,27
3818ab00-a657-4b06-a1a4-db82c03ae90b,450.93845295021083,,,0.09018769059004217,90.18769059004217,39.99353920819983,58.89347743646011,4588784.0,114738.1324796373,5000,2026-08-27 17:18:05.517263+00,,0.196,113
387b993f-03ec-4b0c-8656-455167807a31,144.52758333167552,,,0.17083638691687414,,40.75739678854235,43.12731028129126,4588784.0,112587.75980731897,846,2026-08-27 17:19:36.762724+00,,0.358,36
39215ae0-43e6-4b3d-b302-db7feb84cfe4,24941.810609112024,,,12.470905304556013,24941.810609112024,42.144443654380936,65.95987785116206,21764901888.0,516435857.274332,2000,2026-09-02 23:24:28.024293+00,,0.7815,5866
3959ce00-e382-40d0-881a-4591ad5119b9,4596.661814492108,14201.749385579991,67.63312962585148,0.9193323628984216,2298.330907246054,41.69362370422733,62.868780772644875,2623188992.0,62915831.221790254,5000,2026-09-01 20:03:21.983971+00,,0.257,1092
39a008f0-9c53-4c18-84d9-0619aabb77bc,65.80016139,,,0.02193338713,,23.98071428571429,28.094,2623188992.0,109387441.95633395,3000,2026-08-29 06:38:13.0027+00,,0.574,28
39a3cc5a-54bd-4124-acd0-fff44c914716,1095.6981013262316,2322.7671522849996,52.827897525227655,0.21913962026524633,219.13962026524632,42.62318490531736,73.50834919867764,4588784.0,107659.34104158267,5000,2026-09-01 19:34:57.61499+00,,0.1556,257
39ccd097-1b1d-4b3e-bcbe-76526c8021d1,69.17285227083974,,,1.3834570454167947,,34.11768251712308,43.07684103012055,2623188992.0,76886493.99570051,50,2026-09-01 20:05:51.97105+00,partial,0.574,21
3a0659a9-ef8b-42d8-b664-c5c0668f7c3c,71.9906736787107,,,0.023996891226236904,,39.2590985838228,64.68597857032016,4588784.0,116884.59912553534,3000,2026-09-02 20:15:50.574163+00,,0.358,19
3a073d07-1938-473a-9d22-83e5a82979dc,81.23557390133917,,,0.027078524633779723,,39.95187023125374,44.51564824244703,4588784.0,114857.80198620749,3000,2026-09-02 20:11:26.150449+00,,0.358,21
3a2e8247-140e-4c74-90ad-06cb48022d97,110.70987,480.02129128,76.93646677529932,0.1687650457317073,,49.69565217391305,59,4588784.0,92337.73578302712,656,2026-09-02 18:24:49.883116+00,,0.358,23
3a77dda0-6627-4405-8a75-516856f6b051,189.3714199818946,,,0.010511291073595393,,43.80547488595729,45.28154198314103,,,18016,2026-09-02 21:17:08.808404+00,,,44
3a79aae2-6fc3-4e0a-9197-cc5cd32e70b5,220.52367121800006,,,0.39379227003214295,,66.42629411764705,74.936,21764901888.0,327654917.03409445,560,2026-09-01 07:45:06.651557+00,,0.51,34
3a931e30-4272-4b4c-8620-54a51408feed,411.68978290499996,,,0.08233795658099999,205.84489145249998,29.08138028169015,30.324,2623188992.0,90201667.4102494,5000,2026-08-29 06:37:51.047902+00,,0.2506,142
3ab3521e-9550-402e-98ee-79e6f0a11f89,2149.094492201251,,,0.03692094715848768,,103.21971671365411,146.3571743468418,,,58208,2026-09-01 14:37:00.903305+00,,,28
3ad89673-ff5f-4739-83e2-24df6c483f54,272.4199705,707.4661674000001,61.49356915523365,0.2724199705,,99.64285714285714,233,2623188992.0,26325911.030824374,1000,2026-09-02 18:33:53.620089+00,,0.574,28
3b3ad688-d087-41a1-8140-a498b6559ea0,80.1936625655,,,0.501210391034375,,34.1975652173913,40.056,21764901888.0,636445950.1617202,160,2026-09-03 15:28:53.954288+00,,0.46875,23
3b3df63a-c2f9-4693-8ce4-5b0e234be6e5,111.53328833204715,496.11009168,77.51843991837437,1.3941661041505893,,39.68089866464258,52.8181387095987,21764901888.0,548498209.9811536,80,2026-09-01 21:38:57.059959+00,,0.55,29
3b3e8bdb-d282-4ea2-a70d-4544c8ab6746,504.75764250000003,754.039856,33.05955401646567,2.670675357142857,,192.96296296296296,221,21764901888.0,112793157.57696737,189,2026-09-02 18:44:08.466953+00,,0.4740740740740741,27
3b660797-3285-4c03-8710-5d44271922ff,75.96103154286,,,0.02182788262725862,,32.022310454545455,35.00096,4588784.0,143299.59128069843,3480,2026-08-27 18:47:55.395462+00,,0.358,22
3b66b7da-ab8c-4b41-ba64-430e0607db38,1987.7525189999992,3242.4727197,38.696399605054815,0.39755050379999984,993.8762594999996,160.6209677419355,189,2623188992.0,16331547.673243962,5000,2026-09-02 18:33:46.142996+00,,0.2764,124
3b70a250-b58e-479e-a507-a08381c32311,526.463187,271.187296,94.1326879117523,2.230776216101695,,185.75862068965517,226,21764901888.0,117167654.49266753,236,2026-09-02 18:48:53.32694+00,,0.46153846153846156,29
3b98153a-086b-40ed-85d6-1cb74f1bb778,151.8089521995,,,0.4744029756234375,,40.73319444444444,43.072,21764901888.0,534328382.16715145,320,2026-09-03 15:29:32.042166+00,,0.49375,36
3b9ecdc4-2666-40da-b968-f38ec30e2f18,310.4650326752246,,,0.1268239512562192,,94.67278577437426,147.10240080091395,4588784.0,48469.93740034296,2448,2026-09-01 13:19:33.6935+00,,0.358,9
3bb6ab2a-4ec7-4196-97b8-45dac8e46ab8,18794.85748366093,56830.59813140995,66.92827789670382,9.397428741830465,18794.85748366093,42.247509230665116,65.85542771086263,21764901888.0,515175978.0480045,2000,2026-09-01 22:21:46.435029+00,,0.562,4369
3c19b220-352c-417e-b722-d267bd69600b,495.63307780040736,,,3.097706736252546,,43.188738071858104,63.82344835015086,21764901888.0,503948549.08210593,160,2026-09-02 23:03:52.245869+00,,0.475,115
3c4598cf-91c9-47ec-bb0a-a13c1746b3c2,130.21194991697988,,,0.08368377244021843,,42.84883833369554,62.83631719312788,4588784.0,107092.37819386726,1556,2026-09-02 20:14:56.210732+00,,0.358,31
3ca0548b-8843-48a7-8665-c39116aa1e36,9071.394159402966,,,1.8142788318805931,4535.697079701483,44.02463227369831,65.99943410874876,2623188992.0,59584574.737428874,5000,2026-09-02 20:44:47.707625+00,,0.2836,2040
3cc52491-dc9a-4381-9884-3c36b5b7a5b6,79.66144962534408,,,0.008890786788542866,,41.63947544830823,51.485849827753064,,,8960,2026-09-02 21:17:13.857537+00,,,20
3d8f9e27-77fb-4646-aa03-cc21c33f5bd9,45.57101353637603,,,0.015190337845458677,,81.97683386035568,132.15966523135526,4588784.0,55976.59465376296,3000,2026-09-01 13:21:59.761005+00,partial,0.358,6
3de4d409-a849-4e7e-8e68-9afc5515bdcf,277.6428040238587,,,0.1128629284649832,,106.91780515173154,137.29925697593924,4588784.0,42918.80097508422,2460,2026-09-01 13:21:52.804427+00,partial,0.358,3
3e122981-050e-48f0-b81b-7b7e6e206ce4,89.27564650128002,,,0.013356619763806107,,27.61180477419353,31.528458,4588784.0,166189.20919971,6684,2026-09-03 20:58:12.095947+00,,0.358,31
3e413356-551b-42e5-93f3-20b9e053ab25,443.8058801826104,,,0.08876117603652207,88.76117603652207,39.646428051878665,59.634675666040074,4588784.0,115742.68415796309,5000,2026-08-27 17:18:34.446908+00,,0.2138,112
3e51af30-d6c5-494b-baaa-4387d81f3231,8341.29757822922,,,1.668259515645844,4170.64878911461,40.49280652216837,61.32437069738763,2623188992.0,64781604.865148015,5000,2026-08-27 18:26:17.381305+00,,0.2884,2044
3e5b286d-fe0f-456c-9b6a-d975f1b772ac,33.630817613000005,,,0.04982343350074075,,16.48985714285714,28.565,2623188992.0,159078939.81581753,675,2026-08-29 06:39:49.152502+00,,0.574,21
3e8dbc94-5cde-4ecd-95af-9ca5c7d2a8ee,79.42246735950002,,,0.03971123367975001,,27.762758620689652,30.393,2623188992.0,94485891.25596185,2000,2026-09-01 07:21:33.971074+00,,0.574,29
3ea921d0-bcce-4e5b-8c2e-0938ff2a5b3c,30.352885773500002,,,0.036658074605676334,,22.62715384615385,25.007,4588784.0,202799.87625487414,828,2026-09-03 15:18:22.034+00,,0.358,13
3eb60580-6abe-43e0-b410-2d30648c7b8b,32.197608531,,,0.0064395217062,6.4395217062,22.986,27.252,4588784.0,199633.86409118594,5000,2026-09-01 07:05:06.87946+00,,0.2292,15
3ed1ef93-882d-4149-83f8-31aab8ef2661,139.0999343721661,,,0.046366644790722035,,93.0851758406817,147.43861808656877,4588784.0,49296.61418756787,3000,2026-08-29 06:21:41.679055+00,,0.358,3
3ede918c-cf0e-4cf4-9280-7a7d3d238b0c,1684.1263058973022,,,1.8345602460754926,,92.39112583095968,149.66814602920377,2623188992.0,28392218.06647783,918,2026-09-01 13:28:22.113728+00,,0.574,32
3ee4052c-897b-4001-820b-28914cf365a7,115.03569727043991,,,0.5751784863521996,,43.45970180453728,46.05756045451865,2623188992.0,60359111.61558255,200,2026-09-02 20:55:11.225806+00,,0.574,27
3f0547c1-bbfb-4c2d-9f61-a1101e13b7d5,62.58351124669021,,,0.0208611704155634,,38.604897352308605,43.90060381727189,4588784.0,118865.3335384555,3000,2026-09-02 20:16:28.178883+00,,0.358,17
3f8d9789-0b58-4b16-ab45-14b33e0e5ed1,230.11806622639983,636.29125716,63.83447617157264,1.438237913914999,,40.09198966662517,43.32613533334776,21764901888.0,542874077.0657818,160,2026-09-01 22:58:56.992596+00,,0.46875,58
3f8e0f38-d2dc-4767-9e89-ec40b23aecca,47.208254831758154,,,0.015736084943919385,,21.147396129546188,22.707157156596942,4588784.0,216990.4971699451,3000,2026-08-20 19:07:59.868347+00,,0.358,23
3f8e859c-e2f7-4bc7-9c35-e84fdb52899e,63.465706168091316,,,0.42310470778727544,,33.20532200490733,43.17096819201486,4588784.0,138194.23281972195,150,2026-09-01 19:33:59.893688+00,,0.358,20
3f9ee26e-feed-4583-a4c2-168f262090e7,99.71963802200001,,,0.18886295079924245,,27.510864864864867,30.215,21764901888.0,791138410.0394733,528,2026-08-29 06:55:45.14742+00,,0.5027173913043478,37
3fe15b95-0c04-4db8-a072-f590b33489d0,62.01852813400001,,,0.050014942043548394,,24.594846153846145,30.087,21764901888.0,884937508.9340172,1240,2026-08-29 07:07:20.27074+00,,0.508,26
4001f281-d3e6-46d4-bc6c-323456addc30,96.99827436126073,,,1.796264340023347,,23.042808548373113,32.6323296926816,21764901888.0,944542061.4552935,54,2026-09-02 12:34:01.674169+00,,0.5,43
403375b3-13eb-47d8-8190-eb3bd6e36027,100.73291388799804,,,0.14268118114447315,,39.82151392541142,62.36325438818028,4588784.0,115233.7906739338,706,2026-08-27 17:19:45.035362+00,,0.358,26
407e17b7-8ca2-4d0d-b342-4db2c9194364,276.0997073676348,,,3.451246342095435,,44.25528133337114,45.076518474861935,21764901888.0,491803491.7470507,80,2026-09-03 01:01:47.498127+00,,0.45,63
40906d4c-d9d9-4ec8-8b72-3cd34ef43ba5,23.508087962097,0.0,,0.06955055610087871,,10.245015428571426,16.329704,2623188992.0,256045392.0532338,338,2026-08-20 13:35:15.750623+00,,0.574,21
40a30fea-258b-4f33-bd21-8531547511cf,79777.97838542672,,,39.88898919271336,79777.97838542672,80.80587353671837,149.97812065092842,21764901888.0,269348018.1005652,2000,2026-09-01 14:57:27.454235+00,,0.505,1847
40aeb5d0-d254-45a6-a024-40a4895a8108,37525.97762655356,,,7.505195525310713,18762.98881327678,84.51703477764308,149.7132087574561,2623188992.0,31037399.725408975,5000,2026-08-29 07:42:10.121157+00,,0.2446,1007
40be13b4-f33b-4d56-bf91-21c4ff37bfdc,347.79444508435813,,,1.0868576408886192,,21.894661109931377,32.12791715554351,21764901888.0,994073476.5758709,320,2026-09-02 16:20:55.853447+00,success,0.50625,158
40d0b2c6-d3d7-4dff-9b7a-c37034c8ef06,883.2037747784995,,,0.4416018873892497,883.2037747784995,28.52112903225802,29.283,21764901888.0,763115017.7604617,2000,2026-08-29 07:04:51.446587+00,,0.767,310
40ecd9e5-b6ab-469b-8eb4-6cc2330bc8fc,12564.78795177623,,,6.282393975888115,12564.78795177623,22.362958030071844,33.63760295648022,21764901888.0,973256841.0105842,2000,2026-09-02 13:02:42.867864+00,,0.7025,5558
41190ad6-834a-4c08-87b4-2a8c5fbebdd1,24.882692980500003,,,0.004976538596100001,4.976538596100001,14.633944444444442,18.905,4588784.0,313571.2327883043,5000,2026-08-29 06:33:57.995089+00,,0.2032,18
41526e07-4ce1-4001-986b-dff234bc6b04,42190.304877724884,,,21.095152438862442,42190.304877724884,43.846567089753144,71.6373647002415,21764901888.0,496387820.817252,2000,2026-09-02 21:35:02.30331+00,,0.4975,9521
4189d4f9-c864-495c-be11-d413f4b3eddd,78.503833515393,,,0.04023774142254895,,31.170862125000014,31.20741,4588784.0,147213.8942323206,1951,2026-09-03 20:57:51.572597+00,,0.358,24
42272ecd-5b11-41af-8483-a4d7b60b1c8d,151.73860089311833,,,1.8967325111639792,,22.453389797418673,31.98259880157268,21764901888.0,969337017.0103302,80,2026-09-02 15:18:55.836934+00,,0.6125,68
42c9b989-32d2-4743-8ef1-f9b1ae6db65e,185.09554066235006,,,0.07475587264230617,,119.47376130069782,149.37443175955815,4588784.0,38408.299446191435,2476,2026-09-01 13:15:44.568433+00,,0.358,4
42f0d6c7-6e93-4415-b7a4-d4bd82fa6a03,79.19717303461478,,,0.5244845896332104,,33.045652198735155,43.50489145565248,4588784.0,138861.95897733376,151,2026-09-01 19:37:03.683871+00,partial,0.358,25
4304e2a7-c738-41eb-958e-dc3e592bf174,6407.1478911895,,,3.20357394559475,6407.1478911895,67.12796960167731,72.542,21764901888.0,324230004.5293813,2000,2026-09-01 07:51:10.208197+00,,0.6,954
437181c3-3f69-4403-8e3e-56ec0d351628,239.8579719073472,,,0.04797159438146944,47.971594381469444,21.962913139217925,32.61841044109222,4588784.0,208933.30365205833,5000,2026-08-20 19:00:54.773952+00,,0.211,109
43a685e9-c988-40c6-b3ab-a857372b9ac3,70.88634102044828,29.76433108,138.1586901110639,0.023628780340149428,,39.00388161774056,44.884720589982706,4588784.0,117649.41871613191,3000,2026-09-01 19:36:15.344873+00,,0.358,19
44369421-fa8d-45b1-9ddd-6012e49e12f2,355.3958056659165,,,0.0710791611331833,71.0791611331833,39.575082993692476,59.44512587198075,4588784.0,115951.34243259492,5000,2026-08-27 17:23:54.403966+00,,0.2218,90
445852a4-c82d-447f-af74-679292d786fc,240.5389206378792,,,0.04810778412757584,48.10778412757584,21.8644435888587,32.018271738676184,4588784.0,209874.26372643997,5000,2026-08-20 19:07:27.730529+00,,0.211,110
451ff978-9e55-4b74-8240-b237d62ded35,122.52981495502,,,0.0908974888390356,,33.49874024242427,50.131644,2623188992.0,78307093.72998686,1348,2026-08-27 18:51:14.973003+00,,0.574,33
45558c6b-ce46-40e7-a8a2-b09d64218300,3251.385786225179,,,0.6502771572450358,650.2771572450358,100.6462445110172,148.60085486682237,4588784.0,45593.19647041267,5000,2026-08-29 06:15:24.494847+00,,0.152,71
45ae295d-6612-4366-9993-0ff388a37446,59.151286244151436,,,0.019717095414717146,,21.61527574708038,22.65366843608991,4588784.0,212293.5674609572,3000,2026-08-20 19:00:32.594713+00,,0.358,28
45b802a5-1f65-4228-b3e9-12605dc707fb,174.54096691405462,,,1.0908810432128413,,22.45058224590173,28.582421298412303,21764901888.0,969458237.1899552,160,2026-09-02 16:19:19.211808+00,success,0.53125,78
45f8b7b6-090e-487d-b528-77a5cbf8d8bf,508.4220783113014,,,0.5084220783113014,,40.56309709371572,59.73123365151829,2623188992.0,64669346.76953946,1000,2026-08-27 18:28:40.11631+00,partial,0.574,125
46630b4a-b32e-4338-a62e-2aa26662ba39,2518.162750695502,,,1.259081375347751,2518.162750695502,29.33875524475527,30.282,21764901888.0,741848169.9863799,2000,2026-08-29 07:03:20.216358+00,,0.5845,858
46e24837-d91d-4a52-99e6-1c355dc44e54,404.8499299115002,,,0.08096998598230004,202.4249649557501,29.473340579710168,29.988,2623188992.0,89002092.75245295,5000,2026-09-01 07:23:59.629919+00,,0.2648,138
46f9bc44-1895-4b7a-b826-e84ee6effa26,132.84856888828043,,,0.088330165484229,,39.79718957410893,41.721235277870754,4588784.0,115304.22246161196,1504,2026-08-27 17:24:54.51709+00,partial,0.358,34
47f4932f-d664-46fd-882f-1be6d045ecab,241.41542519741327,,,0.24141542519741327,,22.379204446904197,30.81903570724375,2623188992.0,117215471.09610842,1000,2026-08-20 20:04:38.807328+00,,0.574,107
47f9d65b-4701-4b37-b8e2-7bb83428bd30,85.91366849999999,202.82132023999998,57.64071134221111,0.25645871194029846,,29.566666666666666,39,4588784.0,155201.2626832018,335,2026-09-02 18:18:56.427687+00,,0.358,30
4808a971-97f5-416a-83c3-8028accbd769,1509.4075519163337,,,0.3018815103832667,301.88151038326674,21.803940630443755,32.76973668801484,4588784.0,210456.63615470086,5000,2026-08-20 18:56:43.716371+00,,0.15,687
480c8673-aef1-4dbc-9802-1bf564f29c67,1377.7583339999987,3034.83272836,54.60183616958262,0.27555166679999976,275.55166679999974,68.925,74,4588784.0,66576.48168298876,5000,2026-09-02 18:19:47.205137+00,,0.132,200
481dc37d-8af1-452e-94af-2d11b0e02918,3326.5101295089994,,,1.6632550647544997,3326.5101295089994,40.524320341047456,74.406,21764901888.0,537082465.6608523,2000,2026-09-01 07:41:44.924596+00,,0.7215,821
48540d6b-4f02-4bdd-b1c9-585740040851,670.2719299999999,1018.4340895899999,34.1860276623461,2.0945997812499995,,202.0,226,21764901888.0,107747039.04950495,320,2026-09-02 18:58:33.433118+00,,0.50625,34
486f1ed6-dd8b-4a62-83fa-fe6619041b3b,22.756917854000005,,,0.004551383570800001,4.5513835708000006,18.988153846153843,24.909,4588784.0,241665.62148059928,5000,2026-09-01 07:02:45.75652+00,,0.213,13
48b4e89b-b566-437a-9a1e-44b2821691ef,261.450913,615.7730955,57.54103014395178,0.052290182600000006,52.2901826,76.42857142857143,87,4588784.0,60040.16448598131,5000,2026-09-02 18:21:34.934496+00,,0.2046,35
48ec2e3a-6735-4f70-a0d5-21dfa8b3b48f,370.60467400000005,154.7877492,139.42765232741044,2.3162792125000005,,160.83333333333334,223,21764901888.0,135325814.84766838,160,2026-09-02 18:53:42.607589+00,,0.46875,24
490a98e2-0d5a-4b64-b674-34d7454800ae,514.3834303776601,,,1.607448219930188,,21.120449771138293,30.920803165764426,21764901888.0,1030513181.4826391,320,2026-09-02 14:01:23.566146+00,,0.50625,241
490d5d2b-2dd1-4b96-810b-f338d390430b,158.8396105,307.60303032,48.36214378812886,0.1588396105,,70.33333333333333,170,2623188992.0,37296525.95260664,1000,2026-09-02 18:37:13.840306+00,,0.574,24
4a2875ef-0192-47e3-b36c-96e6c26a97ee,416.87957314100765,,,0.19608634672672043,,78.29207018146306,136.83814274044897,4588784.0,58611.09547064283,2126,2026-08-29 06:22:55.087518+00,partial,0.358,14
4a463320-4f3c-4c1f-82f4-508f2675006c,341.80479166825506,1096.59209568,68.83027034256517,1.068139973963297,,40.99638523696653,55.726222845024715,21764901888.0,530898072.16404384,320,2026-09-01 23:14:53.327794+00,success,0.49375,84
4a4d7094-4f9d-4f55-8bb7-962bea05c8ec,551.905306,,,0.551905306,,41.88549618320611,68.0,2623188992.0,62627621.27792965,1000,2026-09-01 12:59:59.222135+00,,0.574,131
4a639bc5-be39-4433-b675-ecdf6c830bf5,137.15917805298085,,,0.08883366454208604,,42.403255585111005,59.97736241031065,4588784.0,108217.72848996182,1544,2026-09-02 20:16:52.605092+00,partial,0.358,33
4ac12285-7e31-43fa-9963-376f887cb164,498.1267473328822,,,0.19798360386839514,,94.88767700735225,139.06212806888428,4588784.0,48360.1679872977,2516,2026-08-29 06:20:48.816129+00,,0.358,8
4ac1fd35-87fc-40ae-a50e-c3063ea498de,23.953760135999996,,,0.03290351667032967,,12.435649999999999,14.947,4588784.0,369002.3440672583,728,2026-08-29 06:33:01.818888+00,,0.358,20
4acc76a3-0509-45a1-852a-ef5ca663dabf,62.77491812499999,,,0.0462941874078171,,21.23826666666667,26.446,2623188992.0,123512386.07042632,1356,2026-08-29 06:37:29.064798+00,,0.574,30
4ae21ebb-4afb-40fa-bd6d-a7d8e89e3e69,132.019318380624,,,0.005560112802418463,,35.14545029411763,37.31977,4588784.0,130565.52019104546,23744,2026-08-27 18:48:28.742902+00,,0.358,34
4afa72d6-ed33-4134-90d2-bd7546acacbe,98.05883899999999,92.7733932,5.697156930118614,0.032686279666666665,,53.526315789473685,61,4588784.0,85729.49459193707,3000,2026-09-02 18:21:42.930831+00,,0.358,19
4b076e74-c4b6-413c-a975-5fc01dac9e28,138.44358532607083,,,0.046147861775356944,,111.17938113028741,144.4531445525046,4588784.0,41273.69619572317,3000,2026-08-29 06:17:33.960661+00,,0.358,4
4b824e7d-1639-4ccd-bf52-923044a21c44,22762.195444134333,,,11.381097722067167,22762.195444134333,43.34803879735995,65.38278795208596,21764901888.0,502096576.7273781,2000,2026-09-02 22:54:34.692344+00,,0.797,5205
4b8cb239-bf68-4a43-a9b9-e76081bf55ef,26124.391555775826,,,13.062195777887913,26124.391555775826,43.601485568459225,77.42293773822713,21764901888.0,499177989.103758,2000,2026-09-03 01:32:14.374144+00,,0.7865,5941
4b952c32-b67d-4e61-ab39-a40b5eff75fa,232.8576487257104,450.60108019999996,48.32288270983368,0.04657152974514208,46.57152974514208,40.60770229755036,45.04312243916216,4588784.0,113002.79849315227,5000,2026-09-01 19:33:24.51815+00,,0.2184,58
4ba35868-2d91-4f42-bc66-9a89b4990141,4075.3605601089703,13320.855579254987,69.40616512308965,0.8150721120217941,2037.6802800544851,41.63793860927833,62.6314299893782,2623188992.0,62999972.61188779,5000,2026-09-01 19:47:49.930513+00,,0.281,969
4bc37bab-fb1a-438a-adcb-6ef8b6a694a5,67.25463968955404,,,0.009752702971223033,,21.315746333721183,30.545026280937957,,,6896,2026-08-29 08:24:00.648621+00,,,32
4bca7816-a2d0-44f6-823d-f81391f24df8,53.89552331861184,,,0.017965174439537282,,21.0974679208096,33.29468823167373,4588784.0,217504.01599017618,3000,2026-08-20 19:01:34.244327+00,,0.358,26
4bf110b8-1d17-4f15-8a58-4e0cf6e53471,209.32096089850003,,,0.041864192179700006,41.864192179700005,17.23105737704918,17.988,4588784.0,266308.903718933,5000,2026-08-29 06:33:15.89903+00,,0.1462,122
4bf6b21d-2aad-4629-a058-3e4939dbd23d,276.08425556699996,,,1.7255265972937497,,49.553490566037745,51.237,21764901888.0,439220358.4325685,160,2026-09-03 15:24:42.856891+00,,0.46875,53
4cb4fc24-713a-4ba4-a71b-b55401a511d1,33.365078904,,,0.12882269847104247,,21.64446666666667,22.221,4588784.0,212007.2566660609,259,2026-09-03 15:18:14.063988+00,,0.358,15
4dd52aab-e7b7-4b6b-8a07-4de7d10026e6,59.947395652499985,,,0.019982465217499995,,21.762148148148146,28.543,2623188992.0,120539065.08412501,3000,2026-08-29 06:41:34.277388+00,,0.574,27
4e587a03-f70c-4486-b84f-aa79c462ed16,10820.980168977123,,,2.1641960337954247,5410.4900844885615,40.79941133665433,61.04372057967931,2623188992.0,64294775.48964825,5000,2026-08-27 17:46:10.300741+00,,0.1524,2633
4e5de350-ebd6-44ac-90fa-e5de1e2da456,36.696267000000006,,,0.012232089000000002,,36.18181818181818,42.0,4588784.0,126825.68844221106,3000,2026-09-01 12:57:57.618541+00,,0.358,11
4e691d97-0d31-4efa-bc96-8528e1d1a4e8,634.5948338249999,,,0.12691896676499997,317.29741691249995,29.89647417840373,30.008,2623188992.0,87742419.93709442,5000,2026-09-01 07:21:02.81613+00,,0.2592,213
4e9085e4-82ed-4c0a-9eeb-b6704204eb22,50.6317555655235,,,0.031644847228452185,,19.93324808000001,28.687984,2623188992.0,131598672.80395573,1600,2026-09-03 16:51:46.713997+00,,0.574,25
4ebd514f-9e6e-432d-94e9-95a5c6815232,227.49648100000002,236.90330868000004,3.9707455891662558,0.4902941400862069,,78.33333333333333,126,2623188992.0,33487519.04680851,464,2026-09-02 18:31:49.628423+00,,0.574,30
4f2b78af-cba3-42aa-be48-a8cbfcbd9e17,34.032463914,,,0.07562769758666667,,15.442304347826084,16.063,4588784.0,297156.6870229438,450,2026-09-01 07:03:11.982774+00,,0.358,23
4f652889-782e-428f-b055-319a14a96ffc,30.58215240779604,,,0.012411587827839302,,74.17606798667332,116.9735454758924,4588784.0,61863.403177753156,2464,2026-09-01 13:19:40.082586+00,,0.358,5
4f93f2e0-cb41-4c3e-8d85-6b899434f6b6,786.078454584394,,,0.1572156909168788,157.2156909168788,99.46570296856812,142.97756393344946,4588784.0,46134.334379058164,5000,2026-08-29 06:18:13.317073+00,,0.2078,21
4fd69c43-1fcb-4674-a543-f6c4d405c67f,4628.265046677598,15620.380268070014,70.37034331271471,0.9256530093355195,2314.132523338799,41.78349356442772,66.53809345894021,2623188992.0,62780508.95756705,5000,2026-09-01 19:52:19.723987+00,,0.2744,1096
500ba8dd-e199-409a-af97-b4a7f77e413f,71.03484157036148,,,0.023678280523453825,,69.37429351828452,102.31769630313394,4588784.0,66145.30782631415,3000,2026-08-29 06:22:29.462471+00,,0.358,4
5024f4c5-1683-4fc5-bb2d-f3250eec6214,469.6864508073309,,,0.19834731875309583,,95.07962633306374,145.46186725993897,4588784.0,48262.53716990324,2368,2026-08-29 06:23:16.522259+00,partial,0.358,15
502b9a2b-4dab-4201-894b-9daa8eb27a5c,7951.731195882921,,,1.5903462391765844,3975.8655979414607,40.48494083761844,61.060370370771395,2623188992.0,64794191.06776967,5000,2026-08-27 17:57:10.757253+00,,0.2562,1949
503a29de-7184-4202-a85e-54c9d0b46a28,104.76229801573797,0.0,,0.004165167701007394,,30.037328838709687,33.016225,4588784.0,152769.37655276275,25152,2026-08-20 11:16:10.361552+00,,0.358,31
506b3c6a-3866-449b-b607-e1c5673caa38,136.5570877365,,,0.24341726869251337,,52.2174074074074,74.062,21764901888.0,416813146.5851462,561,2026-09-01 07:53:04.289535+00,,0.508,27
506e837b-3997-4add-8d65-0a3c2a766ab0,254.38842782367473,,,3.179855347795934,,44.21357910738092,63.50174550145426,21764901888.0,492267360.55771184,80,2026-09-02 22:36:30.106578+00,,0.45,58
5087ec0f-6bd4-4d78-a566-d32a14c84ae6,135.55847442468718,,,0.04518615814156239,,114.23581406579692,141.77349583444766,4588784.0,40169.399041153396,3000,2026-08-29 06:23:20.069255+00,partial,0.358,4
510391f2-c866-48f3-8604-ca119c1ece94,826.0888654290393,,,2.581527704465748,,39.63152312424913,57.52286920702744,21764901888.0,549181564.8811848,320,2026-09-03 02:08:39.216974+00,success,0.49375,208
510d5fe9-7407-4b8f-aaf6-94f333d2ca05,531.2440771256057,,,0.5312440771256057,,44.37033616854014,66.05346103979743,2623188992.0,59120331.701699324,1000,2026-09-02 21:12:17.812495+00,partial,0.574,119
5144e13c-7e03-4b73-b84f-d967c99790a8,98.9660114729486,,,0.15225540226607476,,39.068968159640974,51.939379252203146,4588784.0,117453.42188843129,650,2026-08-27 17:19:40.885421+00,,0.358,26
514ddba2-431a-4c5e-b2ee-518671869014,59.901906891778125,,,0.019967302297259376,,39.40641153177081,43.45913804540231,4588784.0,116447.64954810371,3000,2026-09-02 20:16:31.42185+00,,0.358,16
51617e6f-1e26-455f-9b0f-d05a1a16c776,90.07302169835405,281.3458916,67.98495219314798,0.45036510849177025,,35.41023888430424,42.877950031939974,2623188992.0,74079957.51089782,200,2026-09-01 20:06:05.800487+00,partial,0.574,26
51850301-94be-48af-b54f-c647a4a8986a,90.67602831949958,,,0.010877642552723079,,42.462426016528745,44.754770380528726,,,8336,2026-09-02 21:17:34.04735+00,,,22
51ad56dc-ad57-47af-b6b7-95760be7ec14,63.97766097044554,,,0.021325886990148514,,39.390256139343364,43.95104243067504,4588784.0,116495.4090109782,3000,2026-09-02 20:17:16.447721+00,partial,0.358,17
51bea0e9-9bf9-4003-a939-837856fc28cb,15903.036359912876,,,3.1806072719825753,7951.518179956438,81.5779126476135,149.94567018892639,2623188992.0,32155627.753448524,5000,2026-09-01 13:40:50.563781+00,,0.2458,375
5216791f-50f1-4be5-8558-0ccf29568290,344.57520631524096,,,0.06891504126304819,68.9150412630482,22.09706752760906,33.53279278074018,4588784.0,207664.8403353327,5000,2026-08-20 19:00:27.98026+00,,0.2178,155
524faef6-bb8d-4eb1-9655-a6afeb4e1fdd,50.797952407203994,,,0.0317487202545025,,20.720120166666668,28.507068,2623188992.0,126601051.09911644,1600,2026-09-03 16:51:56.452668+00,,0.574,24
52a10c36-e7f0-484b-a67a-0a5d9d1de332,209.39785012735203,,,0.05072622338356396,,47.182943799999975,61.56092,2623188992.0,55596128.192408405,4128,2026-08-27 18:51:25.20312+00,,0.574,40
52e71061-f254-452f-b877-befb473820b1,114.33826691844698,,,0.15814421427171088,,40.34223646300865,42.50524143696366,4588784.0,113746.39589472518,723,2026-08-27 17:24:44.033767+00,partial,0.358,29
52ec7d21-2687-40c3-99e9-b330547d4f4e,241.52752675105023,,,0.12112714480995498,,44.33889964663171,65.64111273089286,4588784.0,103493.4118025321,1994,2026-09-02 20:07:42.228999+00,,0.358,55
5328b737-a251-44e8-b095-da69a6333e46,513.5728966810002,,,0.25678644834050013,513.5728966810002,27.838837837837886,30.147,21764901888.0,781817905.4305803,2000,2026-08-29 07:08:33.997068+00,,0.7685,185
5328bbf3-bc77-4595-b518-118dc59608f1,93.45339103508383,242.18877807,61.4129970100956,1.0741769084492394,,38.707420475968604,42.66671531476501,21764901888.0,562292749.564975,87,2026-09-01 23:13:32.39652+00,success,0.47126436781609193,25
53518a12-a361-414a-8f56-6c43b8292b89,103.42405536000001,,,0.10342405536000002,,28.99670588235294,33.251,2623188992.0,90465068.77860366,1000,2026-09-03 15:22:05.388365+00,,0.574,34
5358f24e-4c76-48bb-b347-e17ab9a905f4,45.73854637143573,,,0.01524618212381191,,78.97794636998604,135.67824755313222,4588784.0,58102.09319071221,3000,2026-09-01 13:20:24.103027+00,,0.358,6
53752e62-df50-45ed-9d73-6acd4c3015e9,683.4948720053866,,,0.022831870390345625,,83.5196861651582,131.42233329871905,,,29936,2026-09-01 14:37:17.194461+00,,,23
5392b97f-2001-498a-9e34-26f8a6703841,149.82571649999997,,,2.539418923728813,,41.37837837837838,58.0,21764901888.0,525996975.7387329,59,2026-09-01 13:08:16.303751+00,,0.5384615384615384,37
53add029-59c0-43bf-b06d-52c287f3a075,44.3659027655,,,0.2143280326835749,,31.85092857142857,38.123,4588784.0,144070.65055291055,207,2026-09-03 15:18:09.441362+00,,0.358,14
540918c8-4b0f-48d9-84da-84541446adf4,117.1538990478125,,,0.005839010120006604,,32.942813687499985,36.394418,4588784.0,139295.44827378224,20064,2026-08-27 18:48:12.165782+00,,0.358,32
546c6be9-a19d-4ac3-a6eb-8d3b1ae3c8b2,57.04615104838534,,,0.019015383682795112,,21.647498144827725,23.830829051580693,4588784.0,211977.56753689368,3000,2026-08-20 19:00:41.197155+00,,0.358,27
548ff074-22d2-40b7-9baa-e189e3cb12eb,319.2116537261114,,,0.06384233074522229,63.842330745222284,21.936431095426208,31.75290588296243,4588784.0,209185.53159528173,5000,2026-08-20 19:06:25.637954+00,,0.2038,145
54f32f88-4b60-4fcb-b95f-ed559b8e59c8,48.566376566092,,,0.0041018899126766895,,12.200963459459457,12.796292,4588784.0,376100.13465307915,11840,2026-09-03 16:45:06.318792+00,,0.358,37
55630e89-1845-427e-8d56-f717e7952dd1,657.4094333954229,,,0.30748804181263933,,103.76765651036617,149.82278659400131,4588784.0,44221.71757865217,2138,2026-08-29 06:18:48.970761+00,,0.358,10
55827f92-da73-4544-9958-23bef8c37ede,876.7555754775003,,,0.43837778773875014,876.7555754775003,28.411177993527474,29.239,21764901888.0,766068266.9672619,2000,2026-08-29 07:04:15.180358+00,,0.7995,309
5595f28e-69c4-423b-bb6c-ee327dbe9d1a,689.1309619535195,,,3.3291350819010606,,84.60503004071434,148.29723137882172,2623188992.0,31005118.61691494,207,2026-08-29 07:13:56.571933+00,,0.574,21
55de7f60-8e95-4f54-b80b-5069c49ac595,504.35585342700375,,,3.1522240839187736,,43.204792417783246,62.98871934575858,21764901888.0,503761288.2741566,160,2026-09-02 23:04:35.071943+00,,0.46875,117
56230a04-7e96-4444-accb-092b873fb618,4231.388947083003,,,0.8462777894166006,2115.6944735415013,22.2597495439239,33.54558398701497,2623188992.0,117844497.16398697,5000,2026-08-20 19:35:13.661719+00,,0.2364,1882
56248fda-0970-41e3-8028-d6139b643bdc,12504.502549632229,,,6.252251274816114,12504.502549632229,22.338368328159177,33.911376278027525,21764901888.0,974328185.8489064,2000,2026-09-02 12:53:11.172773+00,,0.787,5535
564e0fa9-8d88-4663-b9df-f24c645a7137,79.12037881050111,127.95945084,38.167616154094844,0.02637345960350037,,37.44774376134284,43.85647548608929,4588784.0,122538.33045976414,3000,2026-09-01 19:37:28.570113+00,partial,0.358,22
566905b9-da8b-46fd-8189-66f51824cc08,140.57720291814144,,,1.757215036476768,,22.447861849681967,31.10743837046099,21764901888.0,969575723.235679,80,2026-09-02 13:03:12.237115+00,,0.55,63
567e6a66-0919-4a4b-ad94-9be87ae6ecd0,188.1106335985,,,0.1881106335985,,30.938517241379312,35.187,2623188992.0,84787159.36947249,1000,2026-09-03 15:21:56.578776+00,,0.574,58
56d305ad-cb6c-42e0-98a5-c860b816c046,46.124391900999996,,,0.009224878380199999,9.2248783802,20.905782608695652,25.616,4588784.0,219498.31230385602,5000,2026-09-01 07:02:26.535288+00,,0.2094,23
56dc0f3e-8fa0-4cf5-80a8-c76cd94833ae,1418.9331186375007,,,0.7094665593187504,1418.9331186375007,29.705761506276186,30.18,21764901888.0,732682846.1677896,2000,2026-08-29 06:55:28.427467+00,,0.748,478
570b5c38-2ac4-48c4-b24e-ea9a208f93d6,150.93479346837591,,,0.20071116152709564,,42.62571094582727,52.53717931882361,4588784.0,107652.96104578419,752,2026-09-02 20:12:18.914009+00,,0.358,36
5725b54a-5b7c-4d56-89d9-77c9043c0d5f,104.57010895598701,,,0.13887132663477691,,39.48125376408949,60.491310416465616,4588784.0,116226.9067598296,753,2026-08-27 17:15:04.672541+00,,0.358,27
5773fbcd-1dd5-4932-b9cb-8214648717ec,519.2502769999999,,,0.5192502769999998,,41.63709677419355,59.0,2623188992.0,63001246.36993995,1000,2026-09-01 12:59:40.015706+00,,0.574,124
57a81e15-f363-4b6e-bba9-2430507517ee,28.765695279000003,,,0.13896471149275363,,21.29630769230769,22.021,4588784.0,215473.22034877844,207,2026-09-03 15:18:17.981113+00,,0.358,13
57c02ec7-93c7-4f13-bcb3-db83189cd2df,151.44061050000005,,,2.566790008474577,,40.3421052631579,61.0,21764901888.0,539508331.2093933,59,2026-09-01 13:08:06.708206+00,,0.5384615384615384,38
57c523f7-a9f5-42e8-9bc9-e3dbf406f721,205.57546845299998,,,0.18096432082130282,,61.7571764705882,75.006,21764901888.0,352427088.3460081,1136,2026-09-01 07:55:24.862428+00,,0.508,34
587516c4-fe48-45aa-9748-83e70793f0be,152.2782510287482,,,1.9034781378593526,,22.383922983837802,30.701106951163407,21764901888.0,972345281.1964747,80,2026-09-02 13:03:26.859912+00,,0.45,68
58861056-1480-47a1-9fc1-39c1ea3e717a,9254.804971344925,,,1.850960994268985,4627.402485672463,44.14156013282571,66.4096145294147,2623188992.0,59426739.42893276,5000,2026-09-02 21:02:30.141624+00,,0.2744,2075
58cabc3f-de40-44c4-a1a6-28a7f02372d9,294.23965952389074,577.1008082,49.0141660966243,0.05884793190477815,58.84793190477815,41.24067854595584,63.196203455919544,4588784.0,111268.39232013527,5000,2026-09-01 19:36:07.752211+00,,0.2176,72
58fea8cc-f2aa-4d39-acad-0db035e85ecc,48.936205553292,,,0.05910169752813043,,15.04127418750001,21.12299,2623188992.0,174399386.6011691,828,2026-09-03 16:51:24.22598+00,,0.574,32
59ab1db7-96db-419d-8bad-dcabddf199b3,138.00316089523966,219.59173899,37.15466641414767,0.2782321792242735,,39.462659742322494,59.49928174353136,2623188992.0,66472686.05635089,496,2026-09-01 19:57:40.65338+00,,0.574,35
59bbf820-4065-4325-9380-fd83ef2afbb7,515.6301367475885,,,0.1031260273495177,103.1260273495177,39.93048629948587,58.495115547796104,4588784.0,114919.3116653599,5000,2026-08-27 17:23:16.574243+00,,0.2078,129
59c07823-59e9-4177-be71-1125fc141449,20.599846300656203,,,0.006866615433552068,,92.29857693117334,108.35989657419798,4588784.0,49716.73619000471,3000,2026-08-29 06:21:45.051948+00,,0.358,3
59dfd3de-27ea-4eeb-9aa9-c36955555f6f,47.4498774655,,,0.02095842644235866,,16.06790000000001,16.553,4588784.0,285587.03999900405,2264,2026-09-01 07:04:37.716074+00,,0.358,30
5a2b90b8-07ea-4083-923b-786ff12387a4,3593.1604439999996,4335.8555452,17.129147718544253,1.7965802219999998,3593.1604439999996,196.5191256830601,212,21764901888.0,110752079.7904513,2000,2026-09-02 19:03:46.600856+00,,0.653,183
5ade76b8-8fed-4249-b986-671ee84ef610,337.5560354029214,,,0.06751120708058428,67.51120708058428,39.81511883789144,51.53102375714712,4588784.0,115252.29947657282,5000,2026-08-27 17:24:05.143851+00,,0.2196,85
5b6a25a7-82f6-4cbe-82cc-9f2c160be32e,695.8116458899997,,,0.13916232917799995,347.90582294499984,29.81556410256411,30.032,2623188992.0,87980525.3047152,5000,2026-09-01 07:20:25.802348+00,,0.2838,234
5b70035f-6688-485b-8cba-824ce3a343e2,8206.936979940117,,,1.6413873959880234,4103.468489970059,40.720053971524536,61.90692221262677,2623188992.0,64420076.50172546,5000,2026-08-27 18:18:17.471043+00,,0.281,2000
5b7f4a49-2aff-4eee-86e4-66b611a6d2e9,9.074499542000002,,,0.003024833180666667,,14.932428571428572,15.741,4588784.0,307303.2613583093,3000,2026-09-01 07:02:39.600991+00,,0.358,7
5bc54f55-70ed-4324-8075-e32b180f2ae3,53.3730926896525,,,0.0034893496789783277,,12.375674894736841,13.412331,4588784.0,370790.60649464297,15296,2026-09-03 16:45:16.817575+00,,0.358,38
5bdf1068-42cb-4986-bc69-54ec3a21a468,78.51614642807974,62.98811712,24.652315417679432,0.026172048809359912,,36.634666545986676,51.60300066613502,4588784.0,125257.97100513532,3000,2026-09-01 19:33:44.045623+00,,0.358,22
5beb04e2-f75d-44d8-8b76-98ec3d9f040f,1330.2103334214999,,,0.6651051667107499,1330.2103334214999,29.783340044742694,30.107,21764901888.0,730774381.0903406,2000,2026-08-29 06:57:33.767651+00,,0.7915,447
5bf55cda-f178-48da-9f82-7c084b91ac7d,130.27423021470602,,,0.006566241442273489,,36.995014250000025,37.421874,4588784.0,124037.90329665833,19840,2026-08-27 18:48:04.796833+00,,0.358,32
5c35fa34-aa62-41cf-a07a-cd19ac723091,2768.9603700000002,1401.8166662600001,97.52656938995409,1.3844801850000001,2768.9603700000002,199.66906474820144,215,21764901888.0,109004877.22245443,2000,2026-09-02 19:04:49.638888+00,,0.7895,139
5cd6063f-dfd4-4207-8c9e-b0d17ee3bc5a,1213.2294633820277,,,3.7913420730688365,,42.42479413056685,64.00380687788332,21764901888.0,513023158.6042865,320,2026-09-02 23:35:22.192987+00,,0.50625,284
5cf084a8-d2c1-498b-91b7-f26c1dc66920,161.17635794896427,60.216245840000006,167.6625812529469,3.2235271589792855,,32.162240084605834,55.124582271786224,2623188992.0,81561140.80049933,50,2026-09-01 20:05:59.394428+00,partial,0.574,51
5f4937f1-ef4c-4e7f-abfe-b4034588f343,52.50520259827788,,,0.01750173419942596,,21.37094852645489,23.122944986190017,4588784.0,214720.65193173758,3000,2026-08-20 19:08:54.824853+00,partial,0.358,25
5f578ec6-b9ad-4e17-8c5c-8766b4ada49b,36.18315468664244,,,0.012061051562214146,,69.77680251764305,91.1787108346919,4588784.0,65763.74718287968,3000,2026-09-01 13:22:06.659328+00,partial,0.358,5
5faf6d77-a668-4f08-8024-4ea8d33c91a6,60.10842099999999,,,0.041741959027777775,,28.272727272727273,43.0,4588784.0,162304.25723472668,1440,2026-09-01 12:57:36.103967+00,,0.358,22
6043052c-701e-4411-92fc-8ed5020717bd,24941.610804386688,,,12.470805402193344,24941.610804386688,42.130666281329084,67.22219631226854,21764901888.0,516604739.70822257,2000,2026-09-02 23:34:36.965563+00,,0.785,5868
605a3632-664c-4b51-8f21-a2b5b222f7e5,113.88881081082906,,,0.5694440540541453,,42.920471613673605,46.27653477064947,2623188992.0,61117431.69113511,200,2026-09-02 21:11:40.261158+00,partial,0.574,27
607f9ff2-9883-479d-b30c-e54c94c8e384,20033.414181871292,,,10.016707090935647,20033.414181871292,22.387928122603867,33.57126111698829,21764901888.0,972171331.2999772,2000,2026-09-02 12:18:30.130268+00,,0.654,8819
611b6b71-9177-48e3-9c38-3589f9966913,67.642654142,,,0.051244434956060604,,26.783115384615375,30.804,21764901888.0,812635183.6016092,1320,2026-08-29 07:08:57.413222+00,,0.508,26
6128e626-6322-4d12-bce5-a54ea2d326fc,25015.1517094896,,,12.5075758547448,25015.1517094896,44.08317415145491,66.61438335314432,21764901888.0,493723564.7601768,2000,2026-09-02 22:26:14.163328+00,,0.788,5625
61806315-581a-4238-9305-5bf9e8d66f55,541.6179574357121,,,0.5416179574357122,,44.20006595394558,63.409523008924545,2623188992.0,59348078.68235403,1000,2026-09-02 21:12:01.662998+00,partial,0.574,122
61b704e6-9853-4c26-81eb-4b3cb3bc44ce,61.71008346849998,,,0.07704130270724092,,15.7914,16.165,4588784.0,290587.5349873982,801,2026-09-01 07:03:07.742573+00,,0.358,40
61dca262-f6f3-434d-b6fe-c2fbda2b4ff9,42.61280527,,,0.05968180009803922,,13.682000000000004,13.992,4588784.0,335388.3935097207,714,2026-09-01 07:01:05.814119+00,,0.358,32
61f88814-29f3-467f-83e0-7ad9eb628d5c,3324.9270144949987,,,1.6624635072474994,3324.9270144949987,73.58229867256624,75.041,21764901888.0,295789915.2464862,2000,2026-09-01 07:43:48.295874+00,,0.79,452
62040f0f-ed82-4b4a-80d2-2f9bc8144d22,214.48123505869503,,,0.0670253859558422,,29.072534999999995,31.035708,2623188992.0,90229111.15250185,3200,2026-09-03 21:01:34.682164+00,,0.574,68
6295dd60-a0b1-4931-b069-9f1da55fe39c,23891.214308480605,,,11.945607154240303,23891.214308480605,42.293068847747534,66.53771230673972,21764901888.0,514621011.92874694,2000,2026-09-02 23:14:17.151178+00,,0.8145,5599
62c6fc31-ec6f-44da-abe0-58a39a55b59c,1224.1846415200198,2430.498154209999,49.63235666731355,0.24483692830400397,244.83692830400395,44.48652063296111,82.84457144530394,4588784.0,103149.98643881496,5000,2026-09-01 19:35:27.248009+00,,0.148,275
62efa9b9-bd2b-4bef-84a4-475f4a66920f,246.45974850000002,588.4632876500001,58.11807572835593,0.9442902241379311,,112.6086956521739,142,21764901888.0,193279051.51505792,261,2026-09-02 19:02:34.062843+00,,0.5348837209302325,23
630aa097-77b6-48f4-be22-9d486d0725b3,1128.539818157433,,,1.128539818157433,,95.79561511040774,147.43908369608437,2623188992.0,27383184.386641126,1000,2026-09-01 14:20:02.406877+00,partial,0.574,26
633d3d7c-eb8f-4ce8-9bb9-b513c46757b0,260.05473751965826,668.1981616800001,61.08119530502414,0.26005473751965824,,39.99065976053312,63.97328031528987,2623188992.0,65595041.63491775,1000,2026-09-01 20:05:31.618592+00,,0.574,65
6347107a-15c6-4b39-a03e-eac2808226bd,126.4220123645114,,,0.08083248872411215,,39.35546920239528,60.43172238704684,4588784.0,116598.38119070664,1564,2026-08-27 17:17:43.18364+00,,0.358,33
635d6471-f3da-46ee-978c-f7fd86ac6da8,110.47471429162805,,,0.008278980387562054,,32.141208750000004,34.488192,4588784.0,142769.49058426433,13344,2026-09-03 20:58:36.731884+00,,0.358,32
636b0e45-6976-4c39-92d0-1e1b03a53f03,2962.5937342790044,,,1.4812968671395021,2962.5937342790044,72.1369245742093,74.914,21764901888.0,301716520.5817698,2000,2026-09-01 07:46:39.246172+00,,0.7805,411
636d8ec4-6b92-4178-b593-d8d81e18c0ab,239.17320874722674,716.9550697799999,66.6404187893367,0.23917320874722675,,41.241722133300634,56.20013748823704,2623188992.0,63605224.42591954,1000,2026-09-01 20:06:41.127036+00,partial,0.574,58
63a9b733-6852-4f42-ac3f-f1a542ba9097,98.44783795031901,209.53746216000002,53.01659334064781,1.668607422886763,,39.23130505034515,42.65354277171324,21764901888.0,554784039.4315028,59,2026-09-01 21:24:08.891741+00,,0.46153846153846156,26
63cfde4c-1acf-49d0-bb8f-7a9113fdcb4b,41.63292560899999,,,0.018924057094999995,,20.740800000000004,28.237,2623188992.0,126474822.1862223,2200,2026-08-29 06:41:02.544397+00,,0.574,20
63fcc400-a63e-417b-af57-1e02826a3149,230.13116999999997,,,0.9470418518518517,,104.43478260869566,143,21764901888.0,208406637.56203163,243,2026-09-02 19:02:25.366922+00,,0.5328947368421053,23
6400b3b8-62fb-403d-9286-8df7bfb59815,765.7890933160475,,,0.3586834160730901,,82.64836273806856,148.31101191523672,4588784.0,55521.777419147424,2135,2026-09-01 13:17:39.004078+00,,0.358,18
6402f343-ef1b-47da-af67-adf74ddd8e2c,11763.801470712024,41878.81193637501,71.909896850502,5.8819007353560115,11763.801470712024,40.86787478322774,65.72739710984469,21764901888.0,532567499.6178749,2000,2026-09-01 22:35:37.387955+00,,0.788,2839
6434f5fb-9850-4808-8c2d-c7e5ffc7c244,218.00548554031465,500.24649844000004,56.42038750492876,0.04360109710806293,43.60109710806293,40.87656147085077,43.636780792489375,4588784.0,112259.54030581265,5000,2026-09-01 19:36:41.82327+00,,0.2122,54
64546616-0ede-471f-b608-559fa9373d86,6990.55222686652,,,1.398110445373304,3495.27611343326,22.43093917905979,33.32358787559397,2623188992.0,116945125.26024124,5000,2026-08-20 19:57:17.094972+00,,0.1762,3074
647da36d-0450-4ebe-af5a-35f0ac9ff220,271.96051359750004,,,1.6997532099843753,,49.73155769230769,51.216,21764901888.0,437647700.9359094,160,2026-09-03 15:25:02.340844+00,,0.53125,52
64841ec2-69ba-4fd1-b4b1-7b12992cd36e,1411.8580178004986,,,0.7059290089002493,1411.8580178004986,29.675147058823498,30.178,21764901888.0,733438720.4503677,2000,2026-08-29 06:53:42.746063+00,,0.816,476
6488c566-e0aa-4d8c-a87d-bfa2ed8af3dd,131.17175976303568,,,0.08744783984202378,,44.71036930026201,53.353266892149435,4588784.0,102633.55172002816,1500,2026-09-02 20:14:51.759496+00,,0.358,30
64912b94-56ae-45d1-8b67-2dae681d7b85,204.66844114589216,,,2.558355514323652,,44.263927413244794,45.942121248532736,21764901888.0,491707427.693988,80,2026-09-03 02:07:03.830878+00,success,0.55,47
6491b25f-f341-448d-8b5a-8942dbd1c521,71.74577706265882,262.30198024,72.64764185271756,3.5872888531329408,,34.15626251234535,43.61847637622542,21764901888.0,637215558.3513668,20,2026-09-01 22:30:42.914346+00,,0.55,22
64973d88-e9f9-425f-89bc-27e5dd3fc3a9,59.6647413073318,82.23355192,27.444771733347977,0.019888247102443933,,36.80752424964858,50.91727279970349,4588784.0,124669.72700680382,3000,2026-09-01 19:33:40.1345+00,,0.358,17
64c657e2-fd61-42b0-b92f-1f5a43072c09,733.1483004653793,,,0.7331483004653793,,82.91945883913658,144.44038720723296,2623188992.0,31635384.850846365,1000,2026-09-01 13:52:31.273915+00,,0.574,29
65161da0-5fe4-458b-ad14-329d4d84ed46,954.4869323722512,,,0.0459241210725679,,96.02880641096193,147.81786129796023,,,20784,2026-08-29 08:03:01.10761+00,,,27
6548b379-4e6a-48bb-8ea2-3dd86acea62e,89.44853100000002,,,0.039369952024647895,,26.823529411764707,36.0,4588784.0,171073.08771929823,2272,2026-09-01 12:57:32.333916+00,,0.358,34
65773735-a191-47fc-a202-8f473cb125a8,12.330336366173999,0.0,,0.01526031728486881,,4.807770333333333,19.244284,2623188992.0,545614455.3771322,808,2026-08-20 13:35:32.278523+00,,0.574,24
65c4dc29-c3f1-4224-888e-19310b5ce17c,91.719358599274,,,0.05732459912454625,,29.483111482758627,32.108552,2623188992.0,88972596.85545774,1600,2026-09-03 21:01:05.651488+00,,0.574,29
665b16d1-9ab0-4074-993d-3e707879b38f,139.280597,,,1.7410074625,,49.206896551724135,64.0,21764901888.0,442314053.7855641,80,2026-09-01 13:08:35.094783+00,,0.55,29
665c6aab-8450-42f4-ab41-c3ae39b03a40,247.23348915174736,,,0.24723348915174737,,22.43146861281232,32.66437288241494,2623188992.0,116942365.0889134,1000,2026-08-20 20:13:23.708107+00,partial,0.574,110
669088b1-c49b-4dfd-b335-feb0b8c07b6e,76.5311261765,,,0.1839690533088942,,26.215833333333325,30.001,21764901888.0,830219722.991831,416,2026-08-29 06:52:35.542179+00,,0.5803571428571429,30
66ac6653-b277-4583-a47d-9afb91ccef8d,20878.28472342279,,,10.439142361711394,20878.28472342279,22.351407137769776,33.45783732080273,21764901888.0,973759806.4339006,2000,2026-09-02 14:47:38.537579+00,,0.587,9175
66acd1d6-1d17-44de-993c-3d631d6293a0,65.4553541805,,,0.049587389530681814,,25.9728846153846,30.078,21764901888.0,837985545.7066916,1320,2026-08-29 07:08:46.715027+00,,0.494,26
6771548b-5481-45ec-9342-191b087ad713,11609.304445801763,,,5.804652222900882,11609.304445801763,21.667893730404202,33.226752223252824,21764901888.0,1004477046.0296137,2000,2026-09-02 13:12:35.15208+00,,0.8115,5279
6791898c-bd95-4ae8-89e4-ece61629c169,10.623884788,,,0.0035412949293333333,,21.009333333333334,21.424,4588784.0,218416.44983182076,3000,2026-09-01 07:02:53.936296+00,,0.358,6
67b24374-aa0e-43c7-bad6-efebcb58a93a,83.47820167799999,,,0.020848701717782216,,31.56016127999999,32.341686,4588784.0,145397.98955045143,4004,2026-08-27 18:47:42.716028+00,,0.358,25
67b6b37e-7921-4681-8e5f-ecde6c2c4d1b,366.4313115,,,0.38653091930379746,,160.0,239,21764901888.0,136030636.8,948,2026-09-02 19:06:44.020321+00,,0.508,24
67d1a771-03e1-4eb7-ad29-0e70d46475f5,8853.129048256655,,,1.770625809651331,4426.564524128327,44.02657298527136,65.9713881365074,2623188992.0,59581948.22198769,5000,2026-09-02 20:36:46.475431+00,,0.2744,1991
67edb065-c5c6-4fb1-80ca-22e00d24da74,5758.080463993269,17058.997915410015,66.2460802648215,1.1516160927986538,2879.0402319966347,42.26262768640861,63.5823223359889,2623188992.0,62068762.29902764,5000,2026-09-01 19:44:00.568282+00,,0.182,1353
6818581c-a515-41f6-a1ad-d1e32ea4842f,338.29603043235164,,,0.06765920608647033,67.65920608647033,84.11223401282348,142.45897443226485,4588784.0,54555.488316960036,5000,2026-09-01 13:16:11.144065+00,,0.204,12
681876d8-042b-45a4-ad04-591b52eb91aa,65.773129784,,,0.205541030575,,29.723217391304342,30.094,21764901888.0,732252555.3497926,320,2026-08-29 06:58:38.420831+00,,0.49375,23
689cf09f-424e-4ebe-bf51-033eba365059,8047.954896682506,,,1.609590979336501,4023.977448341253,40.982467344873236,67.15334981371373,2623188992.0,64007590.61004051,5000,2026-08-27 17:53:07.775636+00,,0.281,1949
68a3e3b9-fff0-4dc4-9d68-e6e16494f5a0,106.893934347629,,,0.00719921432836941,,29.34243464705884,33.319644,4588784.0,156387.2955736466,14848,2026-09-03 20:58:59.929418+00,,0.358,34
68aee978-b1b9-45c8-a475-c4da245f6bbc,12.7963193175,,,0.0025592638635000002,2.5592638635,14.357400000000002,18.806,4588784.0,319611.0716424979,5000,2026-08-29 06:34:17.168755+00,,0.2158,10
694dbcad-1854-42a0-8a4d-5fa688a74d02,55.357540116967506,85.90142704000002,35.556902807691124,0.018452513372322503,,36.62738101333374,56.930514543635326,4588784.0,125282.88600076294,3000,2026-09-01 19:36:53.034732+00,,0.358,16
695befd7-0c53-496a-9bcb-a5b148b859ea,3361.805808558328,,,0.6723611617116656,672.3611617116655,94.54826203871907,148.61902044052698,4588784.0,48533.77419164847,5000,2026-08-29 06:20:41.45073+00,,0.147,76
695fa644-a2d5-4659-a715-b7ff67a65f7e,375.1864955,,,0.39576634546413497,,150.07692307692307,240,21764901888.0,145024974.13839057,948,2026-09-02 19:06:35.771874+00,,0.504,26
69666c59-5de6-4232-873d-3825f476f219,259.1077325000001,534.42510572,51.51654932997221,0.051821546500000024,51.821546500000025,73.38888888888889,81,4588784.0,62526.9583648751,5000,2026-09-02 18:25:35.497091+00,,0.2206,36
69801178-ba08-4571-9c3f-b9842b24f12a,95.93729542444659,,,0.21225065359390838,,19.767010380376433,29.705981415956774,4588784.0,232143.55189267691,452,2026-08-20 18:55:31.813094+00,,0.358,49
69bc8f03-b64b-469b-a948-48a7770e5273,31.506961941499995,,,1.5753480970749998,,32.3138,36.033,21764901888.0,673548201.94468,20,2026-09-03 15:23:20.02039+00,,0.55,10
6a254fbc-3838-4052-b842-5a221109d09b,1404.8978399999996,3303.8178364699997,57.47653443565527,0.2809795679999999,280.9795679999999,69.93532338308458,77,4588784.0,65614.68193782457,5000,2026-09-02 18:20:09.465291+00,,0.1532,201
6a748de2-9ebc-4e9d-baa5-813274c2a2ac,731.1027932059616,,,0.7311027932059616,,73.19337457436559,149.37257214350456,2623188992.0,35839159.03938545,1000,2026-09-01 14:19:25.615143+00,partial,0.574,20
6a8a5b7e-b041-4823-8ab7-ec98dea3e533,197.4950820800005,,,3.797982347692317,,45.590541508511826,47.76893455660537,21764901888.0,477399503.66539204,52,2026-09-02 22:07:05.566417+00,,0.5,44
6add882a-79a2-4208-8a37-7c1917f110f4,57.95508996317531,98.11219288000001,40.92977818357441,0.01931836332105844,,37.84916045864849,45.185195697832114,4588784.0,121238.72615387081,3000,2026-09-01 19:36:45.538136+00,,0.358,16
6b26bb5d-dc83-4a17-9200-2b8b91e06d48,44423.97045018654,,,22.211985225093272,44423.97045018654,43.74017603574299,66.71677533012607,21764901888.0,497595205.61175746,2000,2026-09-02 23:53:55.749182+00,,0.4975,10046
6b56fca8-d2e1-4ebb-a66d-897fd89216b4,145.63741204244877,,,1.8204676505306097,,22.436327616766512,31.06271582311735,21764901888.0,970074169.8804238,80,2026-09-02 15:19:23.804974+00,,0.45,65
6bb39d4e-da88-4c87-920a-31349bdc2731,3325.982906651496,,,1.662991453325748,3325.982906651496,73.46525607064015,75.045,21764901888.0,296261158.704355,2000,2026-09-01 07:44:41.783906+00,,0.752,453
6bb3f82b-9f3e-4eb5-86fb-0611b7031139,116.55733538629141,,,0.038852445128763805,,87.68324590294043,138.45812231388015,4588784.0,52333.64655637271,3000,2026-08-29 06:23:34.378098+00,partial,0.358,4
6be7c54e-ff69-464b-88e6-82ba3487f938,486.46929279341464,,,0.09729385855868293,97.29385855868293,100.73088511998203,147.89542874199373,4588784.0,45554.886115953734,5000,2026-09-01 13:20:44.090357+00,,0.2184,14
6c543d0d-197c-4bba-a1f3-0756e14bda54,239.33446325495348,438.70935776000005,45.44578112557983,0.23933446325495347,,39.30612153800984,49.67484391368843,2623188992.0,66737416.19262337,1000,2026-09-01 20:01:12.659923+00,,0.574,61
6c585240-ae8f-4822-a888-d59bf51b4e4d,651.4189859999999,696.860701075,6.520918026357374,2.1428256118421047,,208.3125,220,21764901888.0,104481977.26012601,304,2026-09-02 18:48:35.732146+00,,0.6517857142857143,32
6c69a812-6236-4177-bb4a-2498f68e78a8,129.23784999999998,140.752859,8.181012507888044,0.04307928333333333,,58.04347826086956,66,4588784.0,79057.70187265918,3000,2026-09-02 18:26:40.803389+00,,0.358,23
6c832618-2a8c-49f6-bffb-6a3266a5729a,78.378198902388,,,0.016479856791923465,,31.146968999999988,31.760904,4588784.0,147326.8233579968,4756,2026-09-03 20:58:04.993229+00,,0.358,24
6c8c388d-5bca-4f28-8815-e27cfbd660cd,1617.8956385004997,,,0.8089478192502498,1617.8956385004997,29.625509157509185,30.144,21764901888.0,734667605.9568497,2000,2026-08-29 06:51:29.680164+00,,0.7625,546
6cd9f658-ec3c-4902-ba29-f3aa9bff8527,112.045186,,,0.56022593,,42.22222222222222,56.0,2623188992.0,62128160.336842105,200,2026-09-01 12:59:06.991705+00,,0.574,27
6d06b35f-24a0-4fe7-928c-a55d2f391446,1172.5444702535299,,,1.6217765840297786,,79.73825247806944,149.57914080287418,2623188992.0,32897497.881853636,723,2026-09-01 14:18:24.752468+00,partial,0.574,35
6d131408-a5ca-40ea-8e11-2e5c012caf94,350.66736780221413,,,0.07013347356044283,70.13347356044282,41.933799609933175,56.14184332881716,4588784.0,109429.24425367407,5000,2026-09-02 20:11:57.233038+00,,0.2082,84
6d1acb1e-28cf-4dac-b6a8-70f7c04147e9,18114.876556500018,26927.53778850001,32.7273191526766,9.05743827825001,18114.876556500018,211.5936768149883,222,21764901888.0,102861778.36510035,2000,2026-09-02 18:58:22.121345+00,,0.751,854
6d1c8861-b7e2-4bd1-b2a7-8cfb805d4fdb,8186.928687682114,,,1.637385737536423,4093.464343841057,40.608177889317176,60.534291312329906,2623188992.0,64597554.68836449,5000,2026-08-27 18:14:47.207076+00,,0.243,2001
6d7540a0-5fec-4545-aa15-931f6ffeb659,100.75248215269262,,,0.8125200173604243,,21.70299157402227,30.681877792537104,2623188992.0,120867622.46822536,124,2026-08-20 19:46:53.68358+00,,0.574,46
6d8d2889-42a0-45ba-a3f2-7394b0a6810c,305.58476573202665,,,0.1615141467928259,,90.33951560742541,148.8794206058279,4588784.0,50794.87054082485,1892,2026-09-01 13:13:37.034941+00,,0.358,10
6d9438ac-91a3-42ec-a0b6-3812f8945789,97.51442242200673,,,0.48757211211003365,,22.130194625573793,33.42819128116427,2623188992.0,118534384.1923842,200,2026-08-20 19:31:54.634138+00,,0.574,44
6e34e97f-6780-41fe-88c0-b25ff4d454e2,,,,,,119.69860062312611,119.69860062312611,4588784.0,38336.1541079991,3000,2026-08-29 06:18:20.380477+00,,0.358,1
6e667012-2ef0-44fd-93e0-39f78e35abc7,4257.219123823198,,,0.8514438247646396,2128.609561911599,22.370336711503462,33.56791141452139,2623188992.0,117261936.0106047,5000,2026-08-20 19:46:00.328385+00,,0.2828,1886
6e69148b-a80e-43fe-892a-a83675f57f2a,268.71529337749325,876.5047950200001,69.34240463894305,0.2687152933774933,,39.58534249540977,61.85894022546835,2623188992.0,66266674.14344537,1000,2026-09-01 19:52:40.906421+00,,0.574,68
6e75396e-433f-4901-a7b3-bdb7e4cedb77,49.450980446500004,,,0.3190385835258065,,34.95021428571428,38.151,2623188992.0,75055018.8492611,155,2026-09-03 15:19:29.346796+00,,0.574,14
6e825912-1b15-4ff2-9a16-7e8a7dee47c9,2370.2841618139983,,,1.185142080906999,2370.2841618139983,68.15733333333344,74.452,21764901888.0,319333237.1376027,2000,2026-09-01 07:55:09.307933+00,,0.747,348
6e9aa218-d593-45c2-bda9-fbd3d55902c4,62.661889798000004,,,0.049731658569841276,,25.611799999999988,30.059,2623188992.0,102421110.2694852,1260,2026-09-01 07:19:32.51547+00,,0.574,25
6ed7ebc0-3c7f-471c-83b3-50a52d9968de,73.06455789217728,82.43014052000001,11.36184236583991,0.4970378087903216,,33.240294254360734,43.53198405844845,4588784.0,138048.83810250886,147,2026-09-01 19:37:08.016224+00,partial,0.358,23
6ef5d760-b967-4234-90d8-fa39c12c18bb,1675.166944232704,,,0.3350333888465408,335.0333888465408,21.848052490882203,33.20119319510657,4588784.0,210031.71801765976,5000,2026-08-20 19:04:40.596543+00,,0.1498,760
6f096650-6297-40a7-9ec5-5b2f57072a9c,118.61816549999999,149.2454437,20.52141589096969,0.1569023353174603,,55.18181818181818,65,4588784.0,83157.53542009885,756,2026-09-02 18:24:39.783879+00,,0.358,22
6f0fddd2-3b4e-4fe1-83cf-8317aa8bdebe,85.45415800000002,28.90143,195.67449776706556,0.02848471933333334,,56.5625,74,4588784.0,81127.67292817679,3000,2026-09-02 18:22:34.011056+00,,0.358,16
6f525459-34a4-46a9-a4ac-2f847e2643de,135.24796857050003,,,0.24151422959017863,,51.730592592592586,74.19,21764901888.0,420735599.5205932,560,2026-09-01 07:53:11.159939+00,,0.508,27
6f7d5563-fb67-428d-8967-2fa68b2e3262,213.3604359693535,,,0.08673188454038759,,72.61107983264186,144.71385923544358,4588784.0,63196.7464273564,2460,2026-09-01 13:21:39.815724+00,partial,0.358,12
6f7eba81-a343-402a-a728-4208ec45bfa8,59.307950121954796,,,0.019769316707318265,,36.39892732191102,59.838384160024646,4588784.0,126069.20966150823,3000,2026-08-27 17:19:23.402929+00,,0.358,17
6f84d985-6168-49bb-879c-1fc1567c23f3,72.2250176048577,,,0.3611250880242885,,22.142972929915306,25.474719425998586,2623188992.0,118465980.16908804,200,2026-08-20 20:12:45.088271+00,partial,0.574,33
6fa4e50f-fcc6-4ebc-bd24-94406dd6062f,60.13294211436893,,,1.431736717008784,,22.052432909813398,31.708138855466153,21764901888.0,986961482.9806173,42,2026-09-02 16:18:35.714622+00,success,0.42857142857142855,28
6fde76d1-89e2-4ec2-9f30-a46597085927,23113.125284417438,66232.52791287003,65.10306036510771,11.55656264220872,23113.125284417438,41.59556322379415,74.17159947984736,21764901888.0,523250563.30886984,2000,2026-09-01 21:05:01.586655+00,,0.505,5479
70414b64-d381-4696-b692-94e4135fba01,135.51201352544993,311.82439569,56.54220279154518,0.8469500845340621,,39.612057839958936,48.71910427295434,21764901888.0,549451431.5801212,160,2026-09-01 23:14:15.061712+00,success,0.53125,35
70a7ae51-a499-4fb2-9332-f59462eedca1,739.307055390523,,,0.1478614110781046,147.8614110781046,86.03906562434287,140.75385507057473,4588784.0,53333.72656596708,5000,2026-08-29 06:21:56.679934+00,,0.2182,19
70bd7741-b92b-4ef7-95d6-2dcd51b87c9c,138.3409069737079,,,1.7079124317741714,,33.60631220945869,44.30061626032391,2623188992.0,78056437.00654808,81,2026-09-01 19:39:20.035637+00,,0.574,42
70db0e34-ec76-40ef-b96e-e584ad1c175f,1569.1884214999993,3587.604418799999,56.26082927992184,0.31383768429999986,313.83768429999986,68.23913043478261,72,4588784.0,67245.64001274291,5000,2026-09-02 18:24:09.63878+00,,0.158,230
7198954c-2aaf-4b8c-898d-ad7b10601c20,650.1586149999998,585.1038396,11.118500853536325,2.1386796546052627,,208.34375,220,21764901888.0,104466305.74711265,304,2026-09-02 18:48:44.569004+00,,0.53125,32
71b3f9f1-8dcb-4375-b39c-09c7ee11d596,11532.973200295835,38676.96415577498,70.18128632369971,5.766486600147918,11532.973200295835,41.55061835360561,63.29421557212192,21764901888.0,523816557.9817737,2000,2026-09-01 21:38:38.10963+00,,0.6905,2748
71c5112b-8da0-4536-b235-5591db180ddb,61.90089024500001,,,0.050244229094967535,,25.556680000000007,30.068,21764901888.0,851632602.0437707,1232,2026-08-29 07:07:13.321925+00,,0.494,25
71cad89b-d2c4-46ca-acff-fbe34657e237,152.57693252162258,,,0.09959329799061527,,42.94450704075495,66.49111522784025,4588784.0,106853.80543884642,1532,2026-09-02 20:15:01.304691+00,,0.358,36
72c594b1-85ea-48a7-9b75-a423c5a4282f,61.7976389245,,,1.1884161331634615,,28.553809523809523,31.027,21764901888.0,762241615.0759635,52,2026-09-03 15:27:14.719171+00,,0.5,21
72e23fe3-1bef-449c-af3b-56a082edc5b6,71.46235195912725,,,0.02382078398637575,,38.809952732920216,52.416404334581514,4588784.0,118237.29937469371,3000,2026-09-02 20:11:18.732257+00,,0.358,19
72ebd8c2-4d5d-446b-b41b-83a9851136bc,41.17035580422066,,,0.02058517790211033,,21.09734262135839,22.653053869023942,4588784.0,217505.30777058325,2000,2026-08-20 19:07:08.977084+00,,0.358,20
7378e258-b66d-452c-aebc-3a37a4b3a6cf,72.2188055,,,0.1421630029527559,,24.6,36.0,4588784.0,186535.93495934957,508,2026-09-01 12:57:22.451665+00,,0.358,30
739b766f-f6d9-413f-8315-167dfa4729fa,134.736137561277,,,0.045350433376397506,,34.263048324324316,36.1305,4588784.0,133928.07191478906,2971,2026-09-03 20:57:45.302231+00,,0.358,37
73bcf8a6-ac60-45ed-8b72-aabaec8c4f58,390.0972223525872,,,0.07801944447051744,78.01944447051744,85.3695684223348,149.92391009345098,4588784.0,53751.987796150795,5000,2026-09-01 13:20:52.440151+00,,0.2122,12
745a4f4b-6412-43dd-8eb4-2f9edf7bb652,225.08961665969323,338.03964724,33.41324945239781,0.045017923331938645,45.01792333193865,40.61554907160083,43.633592394733355,4588784.0,112980.96676990551,5000,2026-09-01 19:36:26.797972+00,,0.2218,56
746a8334-43b8-46ef-bdde-fd92cfd67c03,84.29201384508349,0.0,,0.004613179391696776,,27.723115407407413,29.831578,4588784.0,165521.94558818993,18272,2026-08-20 11:15:22.347912+00,,0.358,27
746d8a0e-1395-4453-9604-c71da89e4ac2,528.9983745000001,,,0.5289983745000001,,41.47244094488189,60.0,2623188992.0,63251376.871843554,1000,2026-09-01 12:59:23.645192+00,,0.574,127
7483215c-b45a-4295-9dae-e097a7206905,1961.3181172729194,,,0.3922636234545839,392.26362345458386,44.026048142060844,63.79105717239473,4588784.0,104228.84164377331,5000,2026-09-02 20:14:46.882335+00,,0.1586,444
74ca62a9-bef7-435a-84b6-7ecef8404478,16820.61268200002,25368.257994805004,33.69425411297614,8.41030634100001,16820.61268200002,211.59899117276166,238,21764901888.0,102859194.9676635,2000,2026-09-02 18:50:19.291391+00,,0.813,793
75519d73-73bd-41a5-ad2b-67e37b19fab4,358.47334300000006,573.45789696,37.489160947938885,0.46434370854922286,,163.91304347826087,223,21764901888.0,132783221.067374,772,2026-09-02 19:04:02.217755+00,,0.508,23
75561adc-4d93-446c-a6da-19425239bbe2,46.781413545741,0.0,,0.014619191733044063,,18.195982217391308,30.762242,2623188992.0,144163088.34885624,3200,2026-08-20 13:36:34.813534+00,,0.574,23
758b1c3a-b607-4a53-b2cd-26bd05f039bd,13.476913903000002,,,0.0026953827806000005,2.6953827806,15.019,17.957,4588784.0,305531.9262267794,5000,2026-08-29 06:34:19.766708+00,,0.2216,10
75b2c9a6-ff7b-4624-96bb-da3b962d66cc,46.047208916327875,,,0.6578172702332553,,21.640259701583673,27.20850801255749,2623188992.0,121217999.60691,70,2026-08-20 19:21:41.808432+00,,0.574,22
75b4c114-c773-4539-8700-3763cd12c8a3,126.28246922101133,395.08946039,68.03699367319098,0.013468693389612983,,37.02370261556227,45.25120777853231,,,9376,2026-09-01 20:54:44.076418+00,,,35
76940922-e07a-494c-aeab-3cab20ac4996,,,,,,122.80959720119915,122.80959720119915,4588784.0,37365.02768983264,3000,2026-09-01 13:16:31.697454+00,,0.358,1
76a917f3-24ec-4508-899c-12d7adcbb9f3,812.3605201497875,,,0.8123605201497874,,83.86674934484792,146.485663374809,2623188992.0,31278057.305092715,1000,2026-09-01 14:19:44.086846+00,partial,0.574,29
76c66d4b-c60b-4ca1-9713-03d6cb2d480f,131.43038456213768,,,0.04381012818737923,,113.6080458309581,146.6651686977352,4588784.0,40391.36459426327,3000,2026-08-29 06:23:30.799966+00,partial,0.358,5
76df378b-3525-4e86-ab6f-074cf8c91578,25.6552573325,,,0.03102207658101572,,12.21045454545454,14.307,4588784.0,375807.79510851373,827,2026-08-29 06:31:28.648636+00,,0.358,22
76fe31b6-987f-4579-9ca9-15d76fd3ea41,4681.338684867503,,,2.3406693424337512,4681.338684867503,29.868981481481462,30.06,21764901888.0,728679078.0426869,2000,2026-09-01 07:33:35.843468+00,,0.4885,1566
773d11bd-d961-4a22-80e3-277a76400af9,133.86807482680743,256.97091962,47.90536025447275,0.8366754676675464,,40.26219435665378,43.38779997732186,21764901888.0,540579127.2875098,160,2026-09-01 23:14:23.962967+00,success,0.46875,34
77f3bde0-1a50-415b-be73-0f90a248f1cd,61.481590950499985,,,0.7685198868812498,,30.473263157894728,34.103,21764901888.0,714229446.8179183,80,2026-09-03 15:27:42.436689+00,,0.6,19
78358b7e-eb78-4cae-a9f9-d88504fe7736,33.662611829999996,,,0.04987053604444444,,17.61015,29.908,2623188992.0,148958923.80246618,675,2026-08-29 06:36:06.22587+00,,0.574,20
78a955b0-b6f8-4fa3-99d6-b1a0c35bf4ff,3113.1825317304997,,,1.5565912658652499,3113.1825317304997,29.40445935727791,30.115,21764901888.0,740190514.0831287,2000,2026-08-29 06:45:30.865246+00,,0.7245,1058
78e8c929-9fc3-45ad-80ee-c7d943349c11,204.1875253517814,,,2.5523440668972674,,44.166336951270985,63.594506795229215,21764901888.0,492793910.25824404,80,2026-09-03 02:07:22.847963+00,success,0.45,47
7900caa8-d72c-4338-bb40-541f05918ba4,75.857838497,,,0.18235057331009616,,25.9494,30.342,21764901888.0,838743935.8135448,416,2026-08-29 06:52:50.25683+00,,0.5,30
7938d74b-85ed-451e-83c7-c3f6f8538d99,208.2725518695,,,0.0416545103739,104.13627593475,28.372837837837853,30.018,2623188992.0,92454234.11618453,5000,2026-08-29 06:41:44.475357+00,,0.2656,74
794a3206-b45c-4117-bab9-275ecb597cce,152.26606695843108,,,0.030453213391686218,30.453213391686216,70.66791363512115,134.48405106525016,4588784.0,64934.47682201596,5000,2026-09-01 13:16:40.471987+00,,0.2218,12
79d396dd-d71e-42ed-9da4-d72a8fa48a5c,704.0540619731993,,,0.14081081239463986,140.81081239463987,85.34002834805102,146.0916736713196,4588784.0,53770.59380956718,5000,2026-08-29 06:18:01.854207+00,,0.2196,23
79f80098-805e-41f4-8cf9-6a40cef41224,1679.1850933214089,,,0.044659178013867255,,91.05362391101743,149.69610204805886,,,37600,2026-08-29 08:02:22.450945+00,,,45
7a1a3a5a-1606-4a5a-b8e9-438a518f594f,186.8359261812082,,,0.011771416720086202,,43.24951018383482,65.69324085555132,,,15872,2026-09-02 21:17:21.444538+00,,,44
7a3cc6cc-2785-488e-b5c6-4085301920fd,89.46072242752366,,,0.4473036121376183,,21.93841800899599,34.066358736671106,2623188992.0,119570562.96968836,200,2026-08-20 19:57:29.866041+00,,0.574,41
7a4213c1-a5b7-4b72-84ec-732a84e4ccff,410.54013957915805,1322.37508905,68.95433504618634,1.282937936184869,,41.956477958773874,50.96525790114972,21764901888.0,518749498.2154134,320,2026-09-01 22:06:19.31201+00,,0.49375,98
7a448bdc-cbf0-445c-b994-346dbba11a51,1018.7550071670001,,,0.20375100143340003,509.3775035835001,29.410179710144877,30.061,2623188992.0,89193232.33836432,5000,2026-08-29 06:37:23.841986+00,,0.178,345
7a589e15-c0a5-464e-8d65-5d8b363090d8,66.51279032162401,,,0.022170930107208005,,38.57039950454961,46.26632798444525,4588784.0,118971.64817955087,3000,2026-09-02 20:12:00.694102+00,,0.358,18
7a6a1712-b48b-41df-8ae5-8eb072ffcfe9,104.26527616713943,,,0.08747086926773442,,21.84611190239188,32.587158202650606,4588784.0,210050.37511950056,1192,2026-08-20 19:08:36.695057+00,partial,0.358,48
7a916c98-75f7-4252-9509-0056cb0264d3,10123.975073351321,33018.63257645499,69.33859980449175,5.061987536675661,10123.975073351321,41.34505558917731,66.51695484089144,21764901888.0,526420912.43668056,2000,2026-09-01 21:43:23.310991+00,,0.8115,2416
7a926611-74f1-47c7-9130-df4012a6c984,3.5820840999999994,,,0.0011940280333333332,,10.85,10.85,4588784.0,422929.400921659,3000,2026-08-29 06:32:47.182225+00,,0.358,4
7aa6ea18-8369-4f77-b60a-ca10badd21be,1970.9567627677689,,,0.39419135255355375,394.19135255355377,43.85256652845794,65.68118721049143,4588784.0,104641.17298635481,5000,2026-09-02 20:14:00.513923+00,,0.1482,448
7b365059-bb80-49f1-b9ab-ec33e61058d5,247.13705150000004,527.9189616000001,53.18655523359402,0.24713705150000004,,79.8125,215,2623188992.0,32866894.183241975,1000,2026-09-02 18:37:56.117773+00,,0.574,32
7b4581d6-d5ee-4878-8de7-846591d6db9a,11732.861566595258,,,2.3465723133190517,5866.430783297629,44.31838590596697,66.4383471735778,2623188992.0,59189632.888837166,5000,2026-09-02 20:29:26.836695+00,,0.1808,2625
7b544731-38ce-4e37-b701-602706eee2c3,615.4619680847014,,,0.6154619680847014,,44.01292749414078,65.57761131280846,2623188992.0,59600420.634351395,1000,2026-09-02 21:12:58.577107+00,partial,0.574,139
7b865d18-6b96-4a43-907e-7eff0102fdb4,228.62283000000002,871.3467079000002,73.76212844701104,1.9051902500000002,,66.48571428571428,79,2623188992.0,39454926.82423722,120,2026-09-02 18:34:20.178719+00,,0.574,35
7b89d2ad-b894-4415-9050-192b282b98bc,590.0141074999999,,,1.8437940859374997,,49.35294117647059,67.0,21764901888.0,441005163.40405244,320,2026-09-01 13:07:01.885038+00,,0.50625,119
7ba40f77-05cc-434c-a7c4-7f07f846aebb,286.58030534433067,539.66638732,46.896765839448086,0.057316061068866136,57.316061068866134,41.31157192900844,49.70883648969321,4588784.0,111077.44841773539,5000,2026-09-01 19:35:58.546209+00,,0.204,70
7bb2e3df-b33c-4d9a-a1bf-6699d074b3e1,197.94306262449996,,,0.19794306262449995,,36.398529411764706,49.076,2623188992.0,72068543.2734031,1000,2026-09-03 15:19:56.960215+00,,0.574,51
7bbde9d4-28e6-4fb6-9fc3-acca24837643,319.93056399999995,,,1.9995660249999996,,47.11764705882353,56.0,21764901888.0,461926756.6741573,160,2026-09-01 13:06:38.656225+00,,0.46875,68
7bc8e8fc-9a31-4073-8ea3-2c2f0d473c0a,551.7801633490182,,,1.7243130104656816,,21.16573911835882,32.15970334090687,21764901888.0,1028308142.9989598,320,2026-09-02 16:17:25.40871+00,,0.49375,259
7c5720a0-d666-472d-9990-9fd4b7e24177,250.03250054447105,,,3.125406256805888,,44.23082799164808,64.60240178839237,21764901888.0,492075388.9597042,80,2026-09-02 22:36:17.180027+00,,0.55,57
7c7a8025-522d-44ff-95cf-663a09c2b5be,286.7497255328193,,,1.7921857845801206,,22.01994458344089,32.68554202496319,21764901888.0,988417650.4407426,160,2026-09-02 15:47:49.614996+00,,0.475,130
7cc8c093-baec-439a-87c1-c27558578bab,126.04092932442708,392.34306275999995,67.87481638192554,0.3580708219443951,,42.99752147611615,54.39754293411941,2623188992.0,61007911.664329395,352,2026-09-01 19:39:12.713672+00,,0.574,30
7d52d98e-d8d0-46b4-b1f5-610199a4879f,139.75885781963052,,,0.21369855935723323,,43.215820618092174,45.86570051594886,4588784.0,106182.96573729574,654,2026-09-02 20:16:42.493607+00,partial,0.358,33
7dbd72ce-dbcf-4f68-9117-797ecf731349,10542.499319183717,31009.23370546501,66.00206435502555,5.2712496595918585,10542.499319183717,41.567228534453115,65.84594287682397,21764901888.0,523607241.93964726,2000,2026-09-01 23:07:47.214148+00,,0.7815,2514
7e094628-9fd2-4594-a3d2-a6e627ceeb2f,320.81410300000005,,,2.00508814375,,47.38235294117647,55.0,21764901888.0,459346160.2681564,160,2026-09-01 13:06:23.632382+00,,0.53125,68
7e25019a-14ff-46d0-9bc3-8a584d2fbfbc,66.93351692621656,,,0.05596447903529812,,21.933319936345146,22.764803676443183,4588784.0,209215.20377752036,1196,2026-08-20 19:05:58.143037+00,,0.358,31
7e7639d1-c286-497a-8b42-1508f02ce404,177.913873,,,0.177913873,,87.5909090909091,230,2623188992.0,29948187.765438505,1000,2026-09-02 18:32:51.177919+00,,0.574,22
7f06a4fc-a087-46f7-91b9-98945dd8418a,65.37150034999999,,,0.20428593859374997,,29.47213043478261,30.048,21764901888.0,738490959.6597522,320,2026-08-29 06:58:30.852841+00,,0.509375,23
7f487a43-b5fb-4bf4-8ac9-bbc8bd915066,488.59075406523516,,,0.20529023280051897,,110.18447407241877,145.53235447639673,4588784.0,41646.375667991306,2380,2026-08-29 06:16:43.479356+00,,0.358,8
7f7347e8-8151-48e9-b804-1c91ed6a049f,11641.038327674356,38055.04957399501,69.41000351335956,5.820519163837178,11641.038327674356,41.23015115234383,62.831315105727874,21764901888.0,527887996.5193317,2000,2026-09-01 21:33:53.788883+00,,0.786,2790
8012e9be-4603-4f8a-af73-5153e962ac65,448.362670293682,,,0.0896725340587364,89.6725340587364,42.826372611856556,45.92468263066216,4588784.0,107148.55637177142,5000,2026-09-02 20:15:26.966735+00,,0.2108,105
808987f9-1367-4d56-b754-e7a1f97223a8,390.3377345030579,,,0.07806754690061159,78.06754690061157,39.87764295172465,57.55078983830913,4588784.0,115071.59551920161,5000,2026-08-27 17:19:08.98302+00,,0.2196,98
80dda078-af30-43b3-9a3a-b05516ad4314,4084.1265260000023,3897.589045764999,4.785970969353203,0.8168253052000004,2042.0632630000011,147.27075812274367,162,2623188992.0,17812015.266558807,5000,2026-09-02 18:31:36.41873+00,,0.1634,277
80ee742e-a4d9-40a0-80dd-1164eaeacd00,308.0456084915001,,,0.06160912169830002,61.60912169830002,19.090419753086387,19.462,4588784.0,240371.03737638466,5000,2026-09-01 07:01:31.047919+00,,0.1562,162
8106531a-2a9e-41db-b3e8-a82b5584c818,755.2350080937103,,,0.15104700161874207,151.04700161874206,88.55405417711935,149.25612025072124,4588784.0,51819.01656158903,5000,2026-08-29 06:22:19.105483+00,,0.2078,22
810eb556-324c-4f6d-b831-506df56446fd,389.56958024392105,,,0.07791391604878421,77.91391604878422,39.71146661131833,60.58891524913968,4588784.0,115553.1233563691,5000,2026-08-27 17:24:17.091029+00,,0.2132,98
81de9796-6d89-4a88-a1ea-de373e3a2533,42.23891059887865,,,0.014079636866292882,,20.769738716851414,24.96190050923642,4588784.0,220936.0484769563,3000,2026-08-20 19:01:29.706353+00,,0.358,21
81f0c75e-bf6e-4a0c-abcf-ecb0f23241e6,367.1717682059997,,,0.07343435364119993,73.43435364119993,18.890589743589757,19.131,4588784.0,242913.75030031215,5000,2026-09-01 07:03:39.641051+00,,0.1544,195
821db783-c629-4a5d-ab66-7d309c760c90,4.826365994,,,0.0016087886646666666,,11.797,12.556,4588784.0,388978.89293888275,3000,2026-08-29 06:32:44.882324+00,,0.358,5
823557cd-7da3-4be0-8422-5c5316388dfd,1201.5189722155337,,,3.754746788173543,,42.500340331987694,60.87489681342736,21764901888.0,512111237.65093106,320,2026-09-02 23:36:07.992144+00,,0.49375,281
8275720f-8304-405c-9586-f7ccbeb17384,2997.1913314140047,,,1.4985956657070023,2997.1913314140047,74.09027160493825,74.876,21764901888.0,293761939.5438865,2000,2026-09-01 07:45:52.86816+00,,0.8135,405
8283a824-cb5a-4879-8f45-6b72b12c386d,168.87330649999996,,,3.127283453703703,,42.9,54.0,21764901888.0,507340370.3496504,54,2026-09-01 13:05:04.048689+00,,0.5,40
82f3940b-fd0f-417b-87f2-2e7d5f42bd61,101.32984674807406,,,0.033776615582691356,,38.55862627818246,42.63009968719501,4588784.0,119007.97416624932,3000,2026-08-27 17:25:08.585869+00,partial,0.358,27
839a9be4-5961-4dda-af87-10b82b9c5489,577.3867365160002,,,1.8043335516125005,,51.07697169811322,52.011,21764901888.0,426119661.4521294,320,2026-09-03 15:25:52.089762+00,,0.54375,106
83a3270e-ab01-4458-b8b0-732f473c3a0a,484.4941790058715,1223.24132556,60.392592297021196,1.5140443093933484,,40.08957285443981,62.51525902105566,21764901888.0,542906804.3958867,320,2026-09-01 23:12:25.657619+00,,0.50625,121
83a84fa2-783f-4a9c-b75e-c2e17472b87c,522.9745303863491,,,1.634295407457341,,21.14905410615061,31.79901649505868,21764901888.0,1029119400.7428582,320,2026-09-02 16:16:43.373274+00,,0.50625,246
83b3890a-44fc-4ef8-9224-622613dc9ac9,77.10765479866205,123.9611276,37.79690755357242,0.025702551599554018,,37.7087104220973,51.5411951371302,4588784.0,121690.29247181503,3000,2026-09-01 19:36:11.790601+00,,0.358,21
83b74741-4fb2-463f-94ac-0bd9f18aca74,9.252791302,,,0.0030842637673333334,,14.93514285714286,15.926,4588784.0,307247.41262219497,3000,2026-09-01 07:02:36.936133+00,,0.358,7
841abf5d-b155-4923-b505-ff56b20193a8,28498.206340479035,,,14.249103170239518,28498.206340479035,44.22355098767495,66.64080844818304,21764901888.0,492156360.17256624,2000,2026-09-03 01:01:08.561014+00,,0.6965,6382
843b46af-a9fd-4cd9-8dbc-85b9c53de46e,487.008876,,,1.5219027375,,48.68,72.0,21764901888.0,447101517.83073133,320,2026-09-01 13:09:42.255929+00,,0.50625,100
844abaf0-03e6-43b5-9ba2-8e0dfaa59153,480.83807375066203,,,0.480838073750662,,40.653596939249944,59.626363896357105,2623188992.0,64525384.947362,1000,2026-08-27 18:27:46.39961+00,partial,0.574,118
844b11b6-4cd1-43cc-a307-f71a80a21f5a,613.4945781048725,,,0.6134945781048725,,44.1284274461906,63.63563876950274,2623188992.0,59444424.916312024,1000,2026-09-02 21:12:38.296715+00,partial,0.574,138
84d6cf1b-5da0-48d1-8052-4e822ca2562e,122.05021764804253,,,0.6102510882402127,,39.79304126592463,42.07035283615664,2623188992.0,65920796.91697944,200,2026-08-27 18:27:25.343618+00,partial,0.574,31
8513709d-945f-4ba5-b944-9a38e5675e09,288.4843314999999,687.23428026,58.02241829513246,0.6010090239583331,,77.10526315789474,89,2623188992.0,34020881.124914676,480,2026-09-02 18:36:12.611025+00,,0.574,38
8513d9cd-5802-4e95-8d14-f2f805d85790,621.0952685347319,,,0.6210952685347318,,44.03551078362022,62.369248545146455,2623188992.0,59569854.99474986,1000,2026-09-02 21:11:09.358591+00,,0.574,140
8518571b-ce4f-46d8-b0c7-efeedefe10dd,178.41202854500003,,,0.035682405709000005,35.68240570900001,17.2653653846154,18.263,4588784.0,265779.7212961919,5000,2026-08-29 06:32:04.752662+00,,0.1542,104
854c858e-c79b-4efc-99ec-6080c630c16d,16881.830843499996,25345.452847725002,33.39305892490573,8.440915421749999,16881.830843499996,210.23845193508114,235,21764901888.0,103524838.99910334,2000,2026-09-02 18:53:13.406298+00,,0.732,801
85a270fe-4a6b-4ec9-a091-2961b409549f,80.421343859,,,0.3723210363842593,,25.801062499999986,30.045,21764901888.0,843566108.4887497,216,2026-09-01 07:36:26.575778+00,,0.5333333333333333,32
85ee5dd4-8f36-4b17-ad88-e83ff918e0f0,724.8932218070336,,,0.7248932218070335,,78.5211631362655,136.2014167249524,2623188992.0,33407413.838836316,1000,2026-09-01 13:44:34.911901+00,,0.574,25
85eea40d-6745-49af-b192-860fa4487ba8,88.44499888284736,,,0.029481666294282453,,37.949070557358276,42.67335046808764,4588784.0,120919.53590969412,3000,2026-08-27 17:25:04.132801+00,partial,0.358,24
86106e4f-9278-4446-940e-b2308adebaad,72.4929162846958,131.13144720000003,44.71736731912177,0.362464581423479,,37.40049801875243,43.08145657197798,2623188992.0,70137809.14587677,200,2026-09-01 19:57:44.635512+00,,0.574,20
862dd48c-a40d-41e6-aa67-5107e5d18c70,213.2129325118725,,,0.08709678615681067,,69.36812986359932,135.97875423191806,4588784.0,66151.18511949315,2448,2026-09-01 13:21:46.352624+00,partial,0.358,10
8666b76e-ef12-4cb8-95da-82ab95ce802f,140.9547245,394.807154,64.29782918776593,0.046984908166666665,,59.958333333333336,71,4588784.0,76532.88116747742,3000,2026-09-02 18:25:46.382149+00,,0.358,24
8674cec8-7ecc-43d8-b957-c3f346a0db13,77.573036869092,,,0.04642312200424416,,28.881104875000002,30.099375,4588784.0,158885.3341955118,1671,2026-08-27 18:47:28.66336+00,,0.358,24
86842d37-2bf2-411f-a755-c31139a40c42,110.48684576611387,,,0.07326713910219752,,39.15071724358189,46.23710495160176,4588784.0,117208.17198444187,1508,2026-08-27 17:17:52.143487+00,,0.358,29
868decde-9f20-4386-b023-a0506da7f3aa,3302.8095002140026,,,1.6514047501070013,3302.8095002140026,73.58332739420925,75.076,21764901888.0,295785779.99603784,2000,2026-09-01 07:42:58.129047+00,,0.821,449
86fa148f-95ec-4dc8-9f16-be3ce0ba0d23,125.60109928543801,,,0.03925034352669938,,40.329623333333316,61.578192,2623188992.0,65043726.55104559,3200,2026-08-27 18:51:43.120003+00,,0.574,30
87367e6e-3ddd-490d-b9a7-c39037fd6e69,4451.454693443753,,,0.8902909386887506,2225.7273467218765,22.304843512887995,33.61932666044215,2623188992.0,117606249.53429022,5000,2026-08-20 20:11:41.345761+00,,0.2828,1973
8750539d-739e-44cc-854c-ca97b3755cb8,46.693103766,,,0.06176336476984127,,33.02814285714285,33.896,4588784.0,138935.57442354358,756,2026-09-03 15:18:26.542905+00,,0.358,14
8777941c-4374-421f-9c4b-4f01b769f4c3,12394.74168690989,,,2.4789483373819783,6197.370843454945,44.325145808861855,68.42630697959659,2623188992.0,59180606.0449676,5000,2026-09-02 20:24:58.356797+00,,0.1964,2771
878f3306-7d9d-498a-9d2f-26eba10d0edd,314.285025126834,615.1647447099998,48.91042963214775,0.0628570050253668,62.8570050253668,40.096174912982235,45.163889509963155,4588784.0,114444.43291557608,5000,2026-09-01 19:32:37.3564+00,,0.2066,79
87a67c5b-249f-4fbe-ae1a-07880d9b841e,500.7711096585319,,,3.129819435365824,,43.24504643067672,63.583879131032056,21764901888.0,503292369.5177406,160,2026-09-02 23:04:13.586427+00,,0.53125,116
87c03fd5-7740-415f-a870-71bd670b1d69,540.069916,627.0538216799999,13.871840450147166,0.4259226466876972,,199.03571428571428,224,21764901888.0,109351741.04862732,1268,2026-09-02 19:04:10.203115+00,,0.492,28
8817dd9e-c418-4e89-ac45-c4cbcbfe6027,42.149438021133896,,,0.014049812673711299,,102.54695373528034,143.35035635767204,4588784.0,44748.125935029806,3000,2026-09-01 13:20:27.561014+00,,0.358,5
883050bc-be58-4c29-b821-888c7a9539e6,25.5008873285,,,0.033290975624673626,,12.644857142857145,15.574,4588784.0,362897.25919063645,766,2026-08-29 06:32:58.112671+00,,0.358,21
88a85d96-1f35-489b-81d0-6c4ae0714cb6,116.29013955587905,318.11524227000007,63.4440215042642,1.453626744448488,,39.88596019729849,53.366290181022876,21764901888.0,545678273.2655426,80,2026-09-01 21:38:46.944719+00,,0.6125,30
88abe9aa-f23b-48d6-a7b8-3f8a669c0b64,544.3229485000003,,,0.5443229485000003,,40.1037037037037,68.0,2623188992.0,65410142.94791282,1000,2026-09-01 13:01:31.114103+00,,0.574,135
88d8b481-4bdc-4a5e-a817-02dc18bc37c2,1349.189015478539,,,2.2945391419703043,,93.6587200581316,147.87836410016322,2623188992.0,28007952.600375626,588,2026-08-29 07:33:59.945901+00,,0.574,30
88f8ebf7-f435-4c71-b7d6-b022e53f14c2,129.150151,323.79487700000004,60.11359037036278,0.0258300302,25.8300302,58.30434782608695,81,4588784.0,78703.97613721104,5000,2026-09-02 18:26:18.181118+00,,0.2118,23
88fb1256-da64-4f4a-b06e-1883cf16ae7c,472.70226480349396,,,0.0945404529606988,94.54045296069879,42.69303509446491,62.6058044834887,4588784.0,107483.19930514683,5000,2026-09-02 20:15:39.883554+00,,0.2072,111
8928feae-17ea-4fe6-823d-2772fd92ff3a,410.59677108550005,,,0.08211935421710001,205.29838554275003,29.45228571428572,30.059,2623188992.0,89065718.61509655,5000,2026-08-29 06:38:36.230781+00,,0.2604,140
894d8ed9-8d9a-44e0-a330-aacfe8b53b61,852.0876075000001,1176.27869254,27.560737697284747,2.13021901875,,205.47619047619048,223,21764901888.0,105924203.85816917,400,2026-09-02 18:53:23.847622+00,,0.4791666666666667,42
8953668f-4aa8-497e-b437-538f6f47e977,76.0592571322886,122.47151401,37.89636900701805,0.9507407141536074,,37.07762106744764,55.63560081862472,21764901888.0,587009124.679483,80,2026-09-01 23:13:38.804025+00,success,0.55,21
89ff03a8-df63-491b-8771-9104e7138e1c,96.15003342699998,,,0.19385087384475802,,27.356861111111115,30.024,21764901888.0,795592074.6755586,496,2026-08-29 06:55:37.283068+00,,0.5029761904761905,36
8a465d97-1509-4bc6-a2fb-e9f57a0ea2b8,2302.8087333081758,,,2.3028087333081757,,83.52655124316489,149.15221995395532,2623188992.0,31405450.75736812,1000,2026-08-29 07:50:53.499421+00,,0.574,60
8a57e33b-b9ee-40e2-b924-a23f970dfed8,609.0680549835005,,,0.30453402749175024,609.0680549835005,28.12416589861753,29.023,21764901888.0,773886129.3329903,2000,2026-08-29 07:06:39.934209+00,,0.765,217
8a5cbf3e-04ad-48db-a8be-b655613a1972,180.31848894199996,,,0.13660491586515147,,63.846275862069,75.115,21764901888.0,340895402.1847734,1320,2026-09-01 07:58:36.968704+00,,0.492,29
8a62566d-64bb-4c30-96bd-84f2c2355922,40.035559502,,,0.05931194000296296,,19.757714285714286,28.426,2623188992.0,132767837.11244793,675,2026-08-29 06:39:53.581123+00,,0.574,21
8a7c781d-6cef-4665-bf18-b7df7907e46a,74.92056072633945,,,0.024973520242113148,,37.26155685256559,53.52090752439731,4588784.0,123150.6246010235,3000,2026-08-27 17:18:38.200518+00,,0.358,21
8b27a6b0-b9a6-4127-89a5-9df87693ecd7,79.139525848701,0.0,,0.01818463369685225,,20.891072470588234,32.3246,2623188992.0,125565070.71109396,4352,2026-08-20 13:36:02.838768+00,,0.574,34
8b5f9bb3-ac3c-4a4f-ae9d-8307b8ebd706,25678.06871567664,,,12.83903435783832,25678.06871567664,43.092653922652055,66.08530607797375,21764901888.0,505072208.52691734,2000,2026-09-03 01:22:04.39265+00,,0.797,5908
8b8f22e6-999f-4a25-b773-2854559610f6,510.40185749999995,,,1.5950058046874998,,50.93,71.0,21764901888.0,427349340.03534263,320,2026-09-01 13:10:01.947334+00,,0.49375,100
8b98a0fc-7f27-4e7d-bf33-c9a37d029d87,149.52933800000002,126.91369400000002,17.819703522300752,0.029905867600000004,29.905867600000004,70.36363636363636,81,4588784.0,65215.27648578812,5000,2026-09-02 18:26:22.540693+00,,0.2114,22
8bf66dcc-2eed-4f22-a67f-120178a87ea9,14593.66298407815,,,2.91873259681563,7296.831492039075,82.47414748004424,149.2470507946809,2623188992.0,31806197.11934236,5000,2026-09-01 14:09:12.353498+00,,0.281,363
8c55b758-fc81-4255-8e5a-98e8294108b4,339.5491819155126,,,0.06790983638310251,67.90983638310252,42.22196263445852,62.59609698690845,4588784.0,108682.394509415,5000,2026-09-02 20:16:11.083719+00,,0.22,81
8c706ff8-31c4-4b33-a6b2-bb7aca71febc,6.13800944,,,0.002046003146666667,,11.970999999999998,12.049,4588784.0,383325.03550246434,3000,2026-08-29 06:34:24.350022+00,,0.358,6
8d307840-5b85-4725-8b9b-bcdecc171050,135.33510471774304,,,0.0856551295681918,,43.21662840480092,45.73424683341732,4588784.0,106180.98101077763,1580,2026-09-02 20:17:01.82958+00,partial,0.358,32
8d683cae-2a3c-4a97-8a1f-77fbd030f7cc,257.7343865,484.03079274999993,46.752481379192155,0.05154687730000001,51.546877300000006,77.17647058823529,87,4588784.0,59458.329268292684,5000,2026-09-02 18:21:28.108937+00,,0.224,34
8d7551b0-bd51-4cdb-a15c-f3970a3872cf,25154.40223646215,,,12.577201118231075,25154.40223646215,44.22745975800645,70.80902728440748,21764901888.0,492112863.9783551,2000,2026-09-02 22:35:51.507142+00,,0.6965,5636
8daab875-cd8f-4786-8acf-8e5a4cf1ab6f,129.97259597165402,,,0.004917244096990543,,33.254293542857155,38.37597,4588784.0,137990.72273437746,26432,2026-08-27 18:48:44.195928+00,,0.358,35
8dac6fb2-3096-470e-b32a-d4eda7adb674,165.65278449944586,,,0.06636730148214978,,63.43520221016149,94.55081179399215,4588784.0,72338.13151248908,2496,2026-09-01 13:15:50.992607+00,,0.358,6
8dbaaa57-d5ae-4ef1-a3b6-9b891e5d8f99,4044.1469469895846,12751.203552789993,68.28419427039327,0.8088293893979169,2022.0734734947923,42.25360521411571,63.3294453800551,2623188992.0,62082015.92993699,5000,2026-09-01 19:59:25.978011+00,,0.2458,950
8dd1c98a-f7c2-4e20-b4d8-4b7caf11ac50,84.0587012325,,,0.525366882703125,,34.39374999999999,40.03,21764901888.0,632815610.04543,160,2026-09-03 15:28:22.197865+00,,0.46875,24
8e134205-a7ce-4ecc-89c9-5cd489f2d403,12.953999007999998,,,0.004317999669333333,,15.760111111111112,16.677,4588784.0,291164.44469511637,3000,2026-09-01 07:05:00.014423+00,,0.358,9
8e780e58-bb9a-446f-a00a-b302f0b97506,10921.951195362128,,,5.460975597681064,10921.951195362128,21.00940225592323,33.50717036057636,21764901888.0,1035960072.6795437,2000,2026-09-02 13:50:13.98991+00,,0.7815,5135
8e87c2f4-392f-4fc3-956a-6efdcbdbbd34,120.56269929065053,,,0.007565430427375158,,31.226772472222237,35.940618,4588784.0,146950.31335953632,15936,2026-09-03 20:59:07.820095+00,,0.358,36
8f3c598f-f8f2-42a8-9caa-36e60f3732c6,166.05242883,,,0.14314864554310344,,58.85724137931034,75.126,21764901888.0,369791403.3675873,1160,2026-09-01 07:57:04.808904+00,,0.632,29
8f46a7a6-41cb-41f4-94cd-8e57ba8c731d,23260.394000184824,,,11.630197000092412,23260.394000184824,43.29869137784534,65.94954693263371,21764901888.0,502668815.04729396,2000,2026-09-02 22:45:38.445395+00,,0.8115,5324
8f50dd0a-ddf6-46cc-a1eb-bcc1c7e14f26,8.3547032815,,,0.0027849010938333337,,15.840499999999999,16.303,4588784.0,289686.81544143177,3000,2026-09-01 07:05:15.200216+00,,0.358,6
8f9532cf-1caa-4770-8d38-61f253b39ce4,229.03883274607668,345.51932123999995,33.711714897997034,0.04580776654921533,45.80776654921534,40.67451131841299,45.42049558352222,4588784.0,112817.18824050625,5000,2026-09-01 19:36:34.406916+00,,0.2184,57
8fe0f0f7-e000-4f46-858e-a1a72715b01a,77.21617639309557,,,0.38608088196547785,,22.230655641889697,23.819120429906143,2623188992.0,117998723.66593944,200,2026-08-20 19:31:47.760832+00,,0.574,35
8fe80959-415a-416c-bacd-79f610b63899,160.15661011124433,,,0.2048038492471155,,44.03522610890561,46.47385217251009,4588784.0,104207.11792534596,782,2026-09-02 20:16:47.758998+00,partial,0.358,37
9031df5c-6709-45b1-bc08-74ce68a4e3e6,259.4015448873835,,,0.25940154488738354,,22.28848388711919,32.972080593101964,2623188992.0,117692571.88085258,1000,2026-08-20 20:11:58.362154+00,,0.574,116
9051f56b-2ad1-4878-9a76-05ce4575f6c6,142.111680141,,,0.25377085739464283,,54.21244444444445,74.516,21764901888.0,401474276.0825722,560,2026-09-01 07:52:57.36931+00,,0.494,27
907819a2-793e-4bc2-9da5-e6c81dc73167,25.74675068778,,,0.05211892851777328,,10.698717913043483,10.802412,4588784.0,428909.7102378523,494,2026-09-03 16:43:38.117833+00,,0.358,23
90b03374-9e5c-4a4c-8e5c-2a8dfd07a6c0,3048.457757478494,,,1.524228878739247,3048.457757478494,29.873096078431434,30.053,21764901888.0,728578712.7941653,2000,2026-09-01 07:38:29.636357+00,,0.803,1020
90f716f4-0de4-4292-8903-d95c17940f58,18557.16791900003,27238.958892694976,31.87269751349878,9.278583959500015,18557.16791900003,202.38183807439825,218,21764901888.0,107543750.44266044,2000,2026-09-02 18:42:13.607134+00,,0.486,914
913a37c4-4ffc-4577-afa3-125169dc30b7,58.22037491530049,,,0.22221517143244462,,19.868473468830253,29.708226778382716,4588784.0,230958.05559490537,262,2026-08-20 19:08:24.213315+00,partial,0.358,30
9163b195-3512-4e09-bf87-89a19ff8bf75,10139.710309163254,33554.894432475,69.78172489987074,5.069855154581627,10139.710309163254,41.37766729286571,63.51773298085145,21764901888.0,526006015.1276986,2000,2026-09-01 22:58:18.091638+00,,0.7865,2407
917cfbf9-2c6e-454f-a64b-384d6cd8e90f,56.57388537267838,,,0.2886422723095836,,23.210262971698047,38.997529999246474,2623188992.0,113018495.10273297,196,2026-08-20 19:21:37.717155+00,,0.574,25
92038b9d-9dfa-4d77-ab52-9dc5af825e55,285.58655092448,,,0.11647086089905383,,71.45594452709796,109.24923146955125,4588784.0,64218.36602075582,2452,2026-09-01 13:19:46.502722+00,,0.358,8
921fc113-c3be-4d34-9dea-9c70e4c94d96,810.8821141175007,,,0.16217642282350014,405.44105705875035,29.409913043478287,30.125,2623188992.0,89194041.07458584,5000,2026-08-29 06:40:53.715701+00,,0.165,276
9223fd72-a06c-4e1c-89a0-939c6a6f158b,134.90630513550002,,,1.6863288141937502,,43.22300000000003,44.268,21764901888.0,503549080.0731089,80,2026-09-03 15:24:21.479763+00,,0.45,30
923f5c6e-7685-4287-a63e-7e7c4242df36,389.03873600000003,357.45837453999997,8.834696207814313,2.7988398273381296,,154.42307692307693,224,21764901888.0,140943324.80398506,139,2026-09-02 18:44:17.007094+00,,0.4588235294117647,26
929b744d-73d2-4fa0-a578-1f471d02a0dd,472.98177758222636,,,0.2014402800605734,,105.81736618501398,136.83794880920468,4588784.0,43365.13150381049,2348,2026-08-29 06:20:55.864779+00,,0.358,13
92f7e816-fd3a-4654-9fc5-65d487113ca5,273.1049628757339,223.11009757000002,22.408158953921024,1.706906017973337,,35.81663869008654,52.641625323505984,21764901888.0,607675725.1378859,160,2026-09-01 23:14:06.425736+00,success,0.53125,77
93463fde-9af7-4447-b3f8-d27ed33ce6cf,72.16001396718579,51.105591079999996,41.19788548033323,0.03608000698359289,,34.2951855566812,53.14058701978729,4588784.0,133802.5709881613,2000,2026-09-01 19:33:36.486668+00,,0.358,22
939c4617-f1af-483b-a88a-ee32d28cb2e4,130.44153599999999,,,0.5929160727272726,,34.3421052631579,48.0,2623188992.0,76384047.27662835,220,2026-09-01 12:58:56.813936+00,,0.574,38
94121c83-53e0-49c3-aa70-36e31bf6fecb,2922.4096758711094,,,0.5844819351742219,584.4819351742219,92.77793367197279,147.73182071007838,4588784.0,49459.864198142,5000,2026-09-01 13:19:27.217897+00,,0.148,61
9463244c-3179-4ef5-b222-1aef68147038,20.510104427021,0.0,,0.013914589163514924,,8.94159318181818,25.663205,4588784.0,513195.34524684324,1474,2026-08-20 11:14:24.686278+00,,0.358,22
94861a3c-0bb4-448c-b0f4-2e33cb937c74,478.00935091949924,,,0.09560187018389985,95.60187018389985,42.41438824803305,60.996955513779206,4588784.0,108189.32417851867,5000,2026-09-02 20:10:50.788114+00,,0.214,113
9495b1bd-50fc-40a1-ae6d-eeb04a6b6e09,534.249088475726,,,1.6695284014866438,,21.131787060558075,31.893723057647147,21764901888.0,1029960306.9833889,320,2026-09-02 16:18:11.112063+00,,0.50625,251
94c81548-d74a-485c-92f1-2d57913f0271,98.74110511371306,224.71929938,56.060246989849325,1.6735780527747977,,39.18619649330224,61.8933509258977,21764901888.0,555422670.1159958,59,2026-09-01 22:30:27.039281+00,,0.5384615384615384,26
955d92c7-e807-47ba-80e9-77fa3774ff2f,40.404008999999995,,,0.013468002999999997,,35.583333333333336,47.0,4588784.0,128958.80093676814,3000,2026-09-01 12:57:54.642073+00,,0.358,12
957d42ef-855b-4212-b2de-6810069cf32a,84.82010326750003,,,0.038554592394318195,,25.969545454545443,29.564,2623188992.0,101010200.45157795,2200,2026-09-01 07:23:42.557131+00,,0.574,33
9599525b-9ce0-426c-9452-0cbc25694c5f,37.141373922316,,,0.005068418930447053,,11.443754000000006,11.81389,4588784.0,400985.900256157,7328,2026-09-03 16:44:26.508891+00,,0.358,30
95dc93f0-144a-49d9-97c4-44a932ae572e,179.31092853153302,,,0.9487350715954128,,43.25469421104432,45.87313065844279,2623188992.0,60645186.37448176,189,2026-09-02 20:20:14.760315+00,,0.574,42
95f707ac-76b9-4bdf-9e30-3fa796d3575d,598.1434725837381,,,0.27898482863047486,,106.46198692472731,146.67654760602716,4588784.0,43102.558317312316,2144,2026-08-29 06:22:39.274537+00,partial,0.358,13
962340c4-c17e-480d-9bde-fc920acf3de3,44.00684506077372,,,0.02200342253038686,,21.69316912508101,22.701453688008936,4588784.0,211531.2877312417,2000,2026-08-20 19:08:46.73635+00,partial,0.358,21
963f71bd-fefa-4603-bbf9-4cc66db51ddf,26.878334026197003,,,0.02594433786312452,,10.429749599999997,10.526814,4588784.0,439970.6777236532,1036,2026-09-03 16:43:58.039812+00,,0.358,25
964362c3-6bc2-4228-b65b-4bd228f4b362,2266.9752205939,,,2.576108205220341,,83.78323165389371,149.50755922090698,2623188992.0,31309236.23042286,880,2026-08-29 07:13:44.264755+00,,0.574,61
9648bbfb-b7cd-42fe-81f8-42fb815ea9d3,171.47103718074956,,,0.7975397078174398,,40.418217675015356,42.56503832746893,2623188992.0,64901154.550947264,215,2026-08-27 17:37:13.372516+00,,0.574,43
9695fecf-adf7-425f-9a20-6f7214f3fa70,221.228136,578.9802858,61.790039932996976,0.37623832653061223,,88.1923076923077,128,2623188992.0,29743965.892716963,588,2026-09-02 18:31:43.194271+00,,0.574,26
96c6012d-4d3c-4e2b-babc-c76c4e742a0d,223.9282286481499,555.6924982,59.702851959762185,0.04478564572962998,44.785645729629984,41.12100433324305,45.9465222578203,4588784.0,111592.2160561223,5000,2026-09-01 19:33:16.476429+00,,0.2218,55
96cbed91-925b-4935-a522-3fdac6d04c85,361.0585895,332.98273728000004,8.431623948238313,0.3808634910337553,,164.43478260869566,238,21764901888.0,132361909.94817556,948,2026-09-02 19:06:52.20543+00,,0.492,23
97c27963-6ec5-4b63-9d67-cd07b0688427,29.252673792959996,0.0,,0.009141460560299998,,11.421421565217392,12.480096,2623188992.0,229672723.05127203,3200,2026-08-20 13:36:47.880357+00,,0.574,23
97c71584-36e1-49ac-beda-02ae774562a8,38.07573354621749,,,0.11332063555421873,,13.657573888888887,16.113455,2623188992.0,192068445.9290456,336,2026-09-03 16:51:09.758788+00,,0.574,27
9856d29c-904e-4b97-9891-142336dc41b8,15.479803786949997,0.0,,0.011340515594835163,,6.974904428571426,6.982104,4588784.0,657899.1937442013,1365,2026-08-20 11:14:12.17488+00,,0.358,21
985a1fce-9afa-4782-9634-414650ee2bf7,422.41265335961987,,,2.640079083497624,,42.855146070734506,63.46647050033487,21764901888.0,507871373.30195934,160,2026-09-03 02:07:54.01759+00,success,0.53125,99
98f8a1a4-be64-4d1f-888a-2d6134c399cf,71.07444992649998,,,0.023691483308833326,,26.309370370370377,29.74,2623188992.0,99705502.45300573,3000,2026-09-01 07:24:27.146308+00,,0.574,27
9924c5e1-1933-4c07-b756-4912cc4a7fea,1681.4064619285004,,,0.8407032309642503,1681.4064619285004,71.65802553191492,74.846,21764901888.0,303732927.6998623,2000,2026-09-01 07:56:00.959353+00,,0.826,235
99318e35-d997-48e1-af1a-70a6740fae92,17.0908889187855,0.0,,0.011722146034832303,,7.418375714285714,7.503093,4588784.0,618569.9102787807,1458,2026-08-20 11:14:48.302561+00,,0.358,21
999f412b-1e91-4a88-9d9b-a22f6113166c,67.39963570350002,,,0.03369981785175001,,18.6118888888889,25.757,2623188992.0,140941578.1310631,2000,2026-08-29 06:38:19.063633+00,,0.574,36
99bd0602-7c72-4358-b6b1-4fb5dc8e6555,22752.59964784516,,,11.37629982392258,22752.59964784516,43.37323120588302,65.87751163318441,21764901888.0,501804944.7293166,2000,2026-09-02 23:03:30.273104+00,,0.7865,5200
99bffb0f-449e-44ca-835a-3da8c4c382f5,129.0910346105,,,0.4034094831578125,,67.45525,75.426,21764901888.0,322656900.50811464,320,2026-09-01 07:47:43.203634+00,,0.49375,20
9a0abed7-302e-4a22-9135-a3293f35c0d6,148.400808,,,1.8550101,,48.774193548387096,66.0,21764901888.0,446238067.8095238,80,2026-09-01 13:05:43.237254+00,,0.55,31
9a136254-3f8a-438c-91ed-ad65a8e7a85b,154.9069574834204,,,0.9929933172014128,,39.16188889548434,58.955259360645044,2623188992.0,66983209.08372919,156,2026-08-27 18:01:48.319161+00,,0.574,40
9a23e388-64be-43fb-b4d7-859e9d2445a8,2669.086212050279,,,0.5338172424100558,533.8172424100558,86.00315310007873,148.6599882103506,4588784.0,53355.997246521874,5000,2026-09-01 13:14:21.355115+00,,0.1488,49
9a2c6e16-b4a4-4cd1-9c47-433e123ca533,44.248477516499996,,,0.008849695503299998,8.8496955033,21.05413636363637,26.167,4588784.0,217951.661409656,5000,2026-09-01 07:02:30.484171+00,,0.218,22
9a70ee46-9969-48eb-b4a8-378114c0478d,79.35423716099999,,,0.03967711858049999,,28.106965517241395,30.003,2623188992.0,93328786.78742042,2000,2026-09-01 07:21:39.667496+00,,0.574,29
9a92d013-7565-4234-a332-2c939e25dd95,209.16093168899997,,,0.20916093168899996,,35.105947368421056,49.027,2623188992.0,74722068.15759212,1000,2026-09-03 15:20:39.37283+00,,0.574,57
9b719504-9308-4547-9638-b7605b13f1c4,12.890065812,,,0.004296688604,,15.672777777777778,16.382,4588784.0,292786.89872744674,3000,2026-09-01 07:04:57.180838+00,,0.358,9
9c294dff-d971-4bf8-be09-aef36f2f8d36,2010.5562651120738,,,0.40211125302241474,402.11125302241476,43.93851827933211,65.8160315174521,4588784.0,104436.47577798457,5000,2026-09-02 20:10:22.80134+00,,0.1586,456
9c4720e3-3477-48a2-9947-f4380585a0cc,117.46917750000001,312.91252192,62.45941939963896,0.16781311071428573,,55.27272727272727,67,4588784.0,83020.76315789473,700,2026-09-02 18:24:44.254228+00,,0.358,22
9cb3b4ac-15e6-4693-8e6e-8f5b4785fcda,109.74018143402805,89.34307368,22.83009405640592,0.08493822092417032,,40.35202440625665,45.383716775108226,4588784.0,113718.80512860963,1292,2026-09-01 19:35:31.760162+00,,0.358,28
9ce09f91-ed96-45b1-a933-18e760b4c4ef,53.912171,,,0.03764816410614525,,25.454545454545453,34.0,4588784.0,180273.65714285715,1432,2026-09-01 12:57:39.864279+00,,0.358,22
9d1b208a-c860-4ea1-9c9b-f35e6a7a7c2f,165.3992076387221,,,0.9904144169983359,,39.98440442638455,60.50360644819331,2623188992.0,65605303.60854977,167,2026-08-27 18:27:19.97714+00,partial,0.574,42
9d8ba6a9-7124-476a-aa0e-5b887940839c,238.8587665,251.87500980000002,5.167739074366882,0.0477717533,47.7717533,56.72093023255814,101,4588784.0,80901.0709307093,5000,2026-09-02 18:22:21.581408+00,,0.2184,43
9dabe4c1-addf-4642-89d5-bb7c37b960a2,811.5870778075007,,,0.16231741556150014,405.79353890375035,29.432699275362335,30.146,2623188992.0,89124988.7568359,5000,2026-08-29 06:40:23.637314+00,,0.1974,276
9e5d5657-fbf3-4385-ab22-ec16fe4dca6c,55.38977063549025,,,0.3165129750599443,,19.531478916478434,23.63652944432978,4588784.0,234942.987145152,175,2026-08-20 19:08:19.532632+00,partial,0.358,29
9e85283c-cc90-4ac4-a81c-f9fdd7284f6f,3592.17349,2758.78408531,30.208576638079066,1.796086745,3592.17349,196.5737704918033,210,21764901888.0,110721292.23317488,2000,2026-09-02 19:02:58.148543+00,,0.783,183
9e9f754b-38b3-4bab-8f66-14629a5ba96d,4249.462959669723,,,0.8498925919339446,2124.7314798348616,22.37978959157194,33.499569263517564,2623188992.0,117212406.36631693,5000,2026-08-20 20:04:07.123813+00,,0.2792,1879
9ec32093-354d-4afb-9920-3c1790bf0f70,156.30934341000003,,,0.03645273866837687,,35.27502621951219,60.506712,2623188992.0,74363913.31578931,4288,2026-08-27 18:51:34.106428+00,,0.574,41
9ee2d677-2f7f-44e6-82cf-1a9bd9b2231b,27.060561793725007,,,0.024075232912566732,,10.647399200000002,11.314958,4588784.0,430976.9845015296,1124,2026-09-03 16:44:16.06774+00,,0.358,25
9ee9a454-ab01-4256-b631-127d2bc112b9,296.3808435,464.8071529,36.23573956406727,0.14819042175000002,,97.41935483870968,235,2623188992.0,26926774.421192054,2000,2026-09-02 18:34:00.506817+00,,0.574,31
9ef03b33-d4d8-4b07-be42-daceac01e260,141.50858432799694,,,0.21375919082778994,,43.69918554742382,45.98831531578794,4588784.0,105008.45593609742,662,2026-09-02 20:12:13.863232+00,,0.358,33
9f5796ea-91f4-49d8-8b4a-de7550ee4208,148.43473642307188,,,0.9576434607940122,,42.64090754242848,64.73038280353954,2623188992.0,61518132.309681244,155,2026-09-02 20:45:48.184278+00,,0.574,35
9fac42ec-3c8b-4dd0-b8ba-4bd599d02913,242.88562549398227,,,0.24288562549398227,,22.288109449259007,33.77066489518857,2623188992.0,117694549.10350016,1000,2026-08-20 19:38:44.343257+00,,0.574,108
9fad3f44-bfa0-455e-b883-200c1009637f,99.94695145673501,,,1.9220567587833655,,23.023064757256865,32.71177486558564,21764901888.0,945352068.3487505,52,2026-09-02 14:48:07.099611+00,,0.5,44
9fb3e205-1d65-4c85-a7d5-0c235b016791,20184.733369549132,,,10.092366684774566,20184.733369549132,22.389278162154223,33.71604515205765,21764901888.0,972112710.8416724,2000,2026-09-02 14:31:55.751562+00,,0.654,8870
9fbf0a80-4f46-40dc-b55f-70dfeae546ef,39.01517897476501,,,0.0037171473870774587,,11.672253290322582,13.142136,4588784.0,393136.0882825035,10496,2026-09-03 16:44:55.886747+00,,0.358,31
a008a4c2-4a71-44a3-97ea-66c3eac4ad38,2032.7492451290495,,,0.40654984902580993,406.5498490258099,74.03613787978858,149.59650970446228,4588784.0,61980.32651906752,5000,2026-09-01 13:18:15.275673+00,,0.1488,63
a01edf3f-f137-4e94-aed5-a2c77e1db26f,8794.993899999996,14830.379791140002,40.69609798358421,4.397496949999998,8794.993899999996,153.9719298245614,162,21764901888.0,141356297.29912037,2000,2026-09-02 19:01:05.117047+00,,0.4935,570
a0e6befe-47e4-4b2f-af2b-1322c2b1b973,62.91445554008482,,,0.020971485180028275,,98.14109499295239,129.08133565125584,4588784.0,46757.00836973059,3000,2026-08-29 06:22:26.025527+00,,0.358,4
a15cf1d5-c77c-4ef7-b416-3708d566cc4a,85.9917127295,,,0.04299585636475,,27.502531249999993,30.2,2623188992.0,95379911.33088888,2000,2026-09-01 07:20:37.474901+00,,0.574,32
a1b73325-e7cb-4bb6-8a3d-f8cf7f9f66f6,106.30529560349999,,,0.20443326077596152,,27.09425,30.141,21764901888.0,803303353.5897838,520,2026-08-29 06:49:22.571617+00,,0.492,40
a24d8471-654f-4105-9d07-5ed3749ce17b,372.0119515359999,,,0.07440239030719999,74.40239030719998,18.942624365482207,19.183,4588784.0,242246.4760670551,5000,2026-09-01 07:04:22.781529+00,,0.1524,197
a29346f3-6003-450c-a095-825d2e3a2cbe,151.9205683348092,,,0.9801326989342528,,42.578526792702036,67.40051800260404,2623188992.0,61608261.00844839,155,2026-09-02 21:11:29.812926+00,partial,0.574,36
a2c939b7-c32b-46af-8c01-c62d879673a5,413.6837996018905,,,2.5855237475118154,,42.86314126389607,62.9821956937451,21764901888.0,507776640.86726034,160,2026-09-03 02:07:38.392336+00,success,0.53125,97
a2f6fecb-165f-49ef-8f65-f2c41682fadc,21.2729295005,,,0.0070909765001666665,,21.193999999999996,23.046,4588784.0,216513.35283570827,3000,2026-09-03 15:18:51.8284+00,,0.358,10
a31909e7-9eb9-4dc9-b120-ba31fbdbbeb7,50.12891757749999,,,0.010025783515499999,10.025783515499999,19.21851851851852,21.39,4588784.0,238768.87261514744,5000,2026-09-01 07:04:47.258896+00,,0.2344,27
a381086e-b7dd-4248-9a6a-74a2cd9a684a,73.61155764998695,130.03940508,43.39288340737851,0.024537185883328982,,38.57830914584823,43.78193656751443,4588784.0,118947.2556366261,3000,2026-09-01 19:37:32.136092+00,partial,0.358,20
a3be7728-2573-4c72-8f81-4bdbafc183e1,146.43688111784482,,,0.11621974691892446,,40.24382320200434,49.77471206691798,4588784.0,114024.55420218265,1260,2026-08-27 17:24:59.921059+00,partial,0.358,37
a3ccb517-6e36-43a4-9a19-f4cf207d6ec2,1856.5623716523855,,,0.3713124743304771,371.31247433047713,21.715190529096095,33.36198977989813,4588784.0,211316.77356694188,5000,2026-08-20 19:03:20.7157+00,,0.15,847
a3e80df1-3cdc-4b27-b552-778793d8fa5d,648.2488162635984,,,2.025777550823745,,21.10824530337146,31.928874193290383,21764901888.0,1031109008.5978703,320,2026-09-02 14:00:43.426318+00,,0.49375,305
a4182fb0-5c76-49dc-9e5e-2689e6c23c2f,241.46033545864796,,,0.24146033545864795,,22.35003733966717,32.382961652733606,2623188992.0,117368438.9038727,1000,2026-08-20 20:13:56.197825+00,partial,0.574,107
a41c3d7b-5253-4f54-8a88-035c436044d5,355.46444427931635,983.90095798,63.871928226484975,1.1108263883728635,,41.552109355536444,51.91301492492267,21764901888.0,523797762.0286567,320,2026-09-01 23:14:38.976909+00,success,0.49375,86
a461d3f6-8f39-4181-996d-10e95f42a4f3,149.81960361734653,,,0.017118327652804678,,35.5693326457991,42.8866884480493,,,8752,2026-09-01 20:54:27.753498+00,,,43
a472748c-7553-4d47-bd1a-0e0d4d70d5d1,148.4084880266709,182.30180584,18.591871680676643,1.8551061003333864,,36.93050035164081,53.1835941301046,21764901888.0,589347603.7627796,80,2026-09-01 22:45:33.929784+00,,0.55,41
a4a3c57e-a5f8-4f8a-a8bc-73d45b17f937,24.0654138445,,,0.0048130827689,4.8130827689,16.096125,21.971,4588784.0,285086.25523223757,5000,2026-08-29 06:32:25.666038+00,,0.2096,16
a4c68ef2-cbec-4f48-a939-02c196bfabc6,64.37760557084876,,,0.40236003481780475,,34.14261067825518,45.55390242049927,4588784.0,134400.50156804544,160,2026-09-01 19:30:46.174427+00,,0.358,20
a4ebc38e-3a5d-4af8-990c-e77e8c9ef35b,92.658991829592,,,2.89559349467475,,44.07444624895563,62.45660195807509,21764901888.0,493821335.04435647,32,2026-09-03 02:06:41.79562+00,success,0.5,22
a4f282f1-2cba-46ba-8cc8-fc8bd9650795,16218.67531749999,24387.745762969997,33.49661967476226,8.109337658749995,16218.67531749999,211.0,237,21764901888.0,103151193.78199053,2000,2026-09-02 18:45:40.685097+00,,0.7975,767
a51c2369-0876-46a7-bd30-df0808687843,94.12882768527646,,,1.9610172434432596,,22.58811533298844,31.509584959813107,21764901888.0,963555461.2302607,48,2026-09-02 14:47:56.795235+00,,0.5,42
a51fc779-3714-4544-9b62-9b6d6e36ef25,1623.4034782409994,,,0.8117017391204997,1623.4034782409994,68.88968644067799,74.627,21764901888.0,315938466.4458025,2000,2026-09-01 07:56:57.386683+00,,0.7415,236
a52e00b1-a687-47e0-b060-cd7ef9108723,93.7816422964993,145.90932856,35.72608192906943,0.2710452089494199,,35.780219515296494,43.639239683757204,4588784.0,128249.18522476467,346,2026-09-01 19:33:55.313948+00,,0.358,27
a549899a-53b8-4055-aeec-2d43e1434859,253.58354015705424,,,0.05071670803141085,50.716708031410846,21.98945800670737,31.536421376138165,4588784.0,208681.08702817044,5000,2026-08-20 19:07:41.79171+00,,0.2124,115
a57d9498-3b5a-44a0-99a5-3eb8196a4e83,22.0162802435,,,0.0044032560487,4.403256048699999,14.720375000000004,20.788,4588784.0,311730.1019844942,5000,2026-08-29 06:32:18.83076+00,,0.2158,16
a57f2dcd-1408-4b27-aa1e-000083b0a2e3,754.7134872053246,,,0.7547134872053246,,70.37200855235405,142.58507858023177,2623188992.0,37276028.43747808,1000,2026-09-01 14:17:09.905451+00,,0.574,29
a5a0c865-1656-4aed-a70b-9c063811d4dc,258.6662644038038,558.397185,53.67701139041312,1.6166641525237737,,38.94222213167618,43.39345390379608,21764901888.0,558902412.2559279,160,2026-09-01 21:52:10.986524+00,,0.53125,67
a5b44f9f-9b03-41d9-970d-1c3e53f78380,117.29954465656364,,,0.07597120767912152,,39.96208947903097,42.437250747215316,4588784.0,114828.43014021678,1544,2026-08-27 17:17:47.724876+00,,0.358,30
a5e19dd0-4543-4acd-86ab-33134c7d412e,238.0721281821716,,,0.2380721281821716,,22.444802478894786,33.54828967183618,2623188992.0,116872892.70942025,1000,2026-08-20 19:38:58.774731+00,,0.574,106
a60af0ce-20c5-4218-9666-0aad62f23dfb,21.675663202,,,0.009424201392173913,,12.376666666666667,14.74,4588784.0,370760.89415566926,2300,2026-08-29 06:33:50.926706+00,,0.358,18
a619f990-52b3-404b-a01a-574f819caf74,38.368914,,,0.012789637999999999,,33.0,46.0,4588784.0,139054.0606060606,3000,2026-09-01 12:57:48.781698+00,,0.358,12
a698e264-de79-49f1-9b66-bdfc58cbe818,2366.5522700511415,,,2.3665522700511414,,87.00463812773438,149.94515747771527,2623188992.0,30149990.258551616,1000,2026-08-29 07:51:27.397029+00,,0.574,58
a6adebd2-125a-471d-a863-8d9a00c3a5db,4404.626448636378,,,0.8809252897272756,2202.313224318189,22.378564145923768,33.324304728380405,2623188992.0,117218824.89399174,5000,2026-08-20 19:42:34.607288+00,,0.2616,1947
a6c3c490-efb2-4f44-a77a-9a63dac3a116,1325.5665857289996,,,0.6627832928644998,1325.5665857289996,29.75718834080717,30.043,21764901888.0,731416612.3065115,2000,2026-08-29 06:56:43.569488+00,,0.81,446
a6e88cab-39d5-4445-a281-4b39fc3dc7fa,95.26578846646719,,,1.1908223558308397,,22.29804680720547,31.988673010099884,21764901888.0,976090061.8868022,80,2026-09-02 16:18:45.790797+00,success,0.55,43
a6fa6403-c169-4db9-855d-374232f5a6b0,629.2817564146828,,,0.6292817564146829,,73.61342069732012,130.5039362410241,2623188992.0,35634656.930098295,1000,2026-09-01 14:19:10.343009+00,partial,0.574,20
a7a17cd5-41e6-4025-9917-783fbfb6b7c3,437.0328063004593,,,0.08740656126009186,87.40656126009186,80.89932028769728,130.78907507977019,4588784.0,56722.15766067242,5000,2026-09-01 13:19:56.47733+00,,0.2066,11
a7f27aed-5d35-4498-96c3-e03ee6ea6fbe,131.72838499149998,,,0.13172838499149997,,31.460641025641024,37.061,2623188992.0,83380023.6257758,1000,2026-09-03 15:21:33.091707+00,,0.574,39
a821d036-f3be-4c39-9757-71775c638e93,11033.306481205389,,,5.516653240602695,11033.306481205389,21.007822244820968,33.15683960316309,21764901888.0,1036037987.8673847,2000,2026-09-02 13:41:16.508232+00,,0.8145,5186
a828eb70-ac04-4349-8a42-c8b008a14410,11162.753650859353,,,5.581376825429676,11162.753650859353,21.066906697461466,33.22981918847312,21764901888.0,1033132305.5901055,2000,2026-09-02 15:57:47.254784+00,,0.8145,5234
a8336104-b282-484c-98a0-721df8c1b5ab,3847.3984082237935,13831.654012474997,72.18410462874678,0.7694796816447587,1923.6992041118967,41.93398170743148,62.02777801884441,2623188992.0,62555209.04982706,5000,2026-09-01 20:01:03.233352+00,,0.281,910
a8525a81-cecf-4315-8af1-5516fa156d6f,58.7796154413928,,,0.01959320514713093,,21.41436185895022,22.76859386294912,4588784.0,214285.34878717852,3000,2026-08-20 19:07:05.124102+00,,0.358,28
a859b587-4104-4e81-9f13-5d07334bcfb7,64.24065648050001,,,0.05500056205522261,,23.645357142857147,30.1,21764901888.0,920472537.44166,1168,2026-08-29 07:05:40.746164+00,,0.508,28
a88cd9c3-fe6b-44fe-8b72-1645ad9fe4d3,127.51317153495617,,,0.07663051173975731,,42.131230265370746,54.72842857610249,4588784.0,108916.44917788445,1664,2026-09-02 20:10:27.439089+00,,0.358,31
a8bbecf3-35a7-4d09-a893-3ef49cbb3e79,232.70199084491122,,,0.23270199084491122,,22.357721849222965,32.34507996431494,2623188992.0,117328098.52857025,1000,2026-08-20 20:12:14.19328+00,,0.574,104
a8f72460-adb3-416d-a00e-efb8c2f4a1ef,505.8843334184501,,,0.5058843334184501,,40.686811757373334,60.724827750415045,2623188992.0,64472709.42837199,1000,2026-08-27 18:28:02.717208+00,partial,0.574,124
a9274aff-eae5-4439-87f3-aea900319654,2727.9084142708834,,,0.5455816828541767,545.5816828541767,80.30546917816206,149.66460776469782,4588784.0,57141.61248245164,5000,2026-09-01 13:14:56.47944+00,,0.1556,56
a9675cc6-ccb1-43d5-ae14-3f0f5e3c8e98,572.9884740045002,,,1.790588981264063,,51.15320952380955,52.114,21764901888.0,425484580.3540324,320,2026-09-03 15:26:18.818861+00,,0.49375,105
aaabcb71-556d-4837-9ea9-43c0cd4e1ab3,494.99351550600016,,,0.2474967577530001,494.99351550600016,29.213088235294087,30.002,21764901888.0,745039405.375311,2000,2026-08-29 07:07:48.593329+00,,0.811,170
aaf43935-d374-4709-9198-772a2a751043,11.735365863499998,,,0.0023470731726999996,2.3470731726999996,13.089100000000002,14.324,4588784.0,350580.5593967499,5000,2026-08-29 06:34:14.585106+00,,0.2152,10
ab540a9c-46c7-4af9-b9e3-ab426dfb9004,82.53964500000001,54.1287846,52.48752694144181,0.027513215000000004,,57.666666666666664,73,4588784.0,79574.28901734104,3000,2026-09-02 18:22:30.438511+00,,0.358,15
ab6a2dc6-1177-4a0c-bdbc-220d1cd3c6b2,10211.890301823494,35038.55983221502,70.85527958134136,5.105945150911747,10211.890301823494,41.65259437045579,63.380404015494385,21764901888.0,522534123.43116516,2000,2026-09-01 23:12:03.21691+00,,0.785,2431
ab7d7715-1298-47bd-ba94-da426b9453f5,8482.53372013074,,,1.6965067440261479,4241.26686006537,40.49043996253648,61.06727646391457,2623188992.0,64785391.179426275,5000,2026-08-27 18:22:36.202516+00,,0.2562,2079
abdfa85c-ebda-4aec-a815-a9e6cdd825b4,60.946726841673915,,,0.3047336342083696,,22.36487925632669,33.74429676319993,2623188992.0,117290550.14942408,200,2026-08-20 20:12:50.228908+00,partial,0.574,28
ad134147-3e45-4b28-a407-e1d16bee51da,43.41710355050001,,,0.01836594904843486,,16.027678571428567,16.724,4588784.0,286303.7201270125,2364,2026-09-01 07:02:16.83568+00,,0.358,28
ad13fd95-a1b9-4b26-a97e-78d43dfb5db6,384.23515185947616,,,0.19775355216648285,,98.96494662323143,146.40968613760077,4588784.0,46367.77118134483,1943,2026-08-29 06:18:32.859061+00,,0.358,12
adcc6862-2df7-4bbb-84df-546468ebbb9f,39.84484242350001,,,0.7968968484700002,,23.78423529411765,26.135,2623188992.0,110291079.76613277,50,2026-09-03 15:21:02.092786+00,,0.574,17
adf566a8-3a6b-4498-876a-bd9e7ca5497c,235.45271501305677,685.6294768,65.65889843126756,0.23545271501305678,,39.506271966210356,44.086434113902335,2623188992.0,66399304.75453641,1000,2026-09-01 20:01:22.114003+00,,0.574,60
ae7d847e-b5f0-4cc8-90d6-f074d2a092fa,2734.4551364999984,3929.4061716000006,30.410473820104844,1.3672275682499992,2734.4551364999984,204.47761194029852,214,21764901888.0,106441490.98510948,2000,2026-09-02 19:04:29.894498+00,,0.8075,134
ae96313a-ed2e-4803-8ce8-87095d1e7679,1126.4161228749094,2342.55838942,51.91513142373362,0.2252832245749819,225.2832245749819,43.30566493669245,63.31541154663533,4588784.0,105962.6727059436,5000,2026-09-01 19:32:13.881126+00,,0.148,260
aeee498d-c0fa-4fdd-9f8c-3ad1e4a00ed2,30.0323629100772,,,0.0100107876366924,,73.39402384381121,122.83958766023804,4588784.0,62522.58371560778,3000,2026-09-01 13:16:28.231026+00,,0.358,5
aef477fb-3980-459c-9a35-3acadc2475e1,62.966904483499995,,,1.210902009298077,,28.307190476190478,30.139,21764901888.0,768882447.2462827,52,2026-09-03 15:27:28.257044+00,,0.5,21
aefe282f-2e53-4a71-85ce-77983ab99157,438.67890886107574,,,0.22659034548609283,,70.38593954657527,144.7452142835412,4588784.0,65194.611730138844,1936,2026-09-01 13:21:13.275628+00,partial,0.358,17
af1adc66-c8e2-42a8-b5ce-8065b4a25655,136.762828,,,1.7095353500000001,,47.13333333333333,68.0,21764901888.0,461773024.4978784,80,2026-09-01 13:08:25.711609+00,,0.675,30
af3de005-469a-4efd-a592-d7b658acc113,104.98211276749348,229.51342440000002,54.2588356032156,2.233661973776457,,37.55242839582466,64.53930972710798,21764901888.0,579587068.4735789,47,2026-09-01 21:24:01.437753+00,,0.5185185185185185,29
af43c145-f4ca-48f1-825d-d1c3defaf9f8,43.94124027,,,0.06490582019202364,,15.069333333333338,15.44,4588784.0,304511.41390904255,677,2026-09-01 07:01:10.488635+00,,0.358,30
af6a70c0-85cc-495e-b238-c837a8718f37,446.7374132706413,,,0.08934748265412826,89.34748265412826,42.70268179807878,51.821887729049195,4588784.0,107458.91842807991,5000,2026-09-02 20:11:03.159875+00,,0.2108,105
afb19310-eee3-4a2b-8e2a-5943d97a42a8,9114.024370150017,,,1.8228048740300034,4557.012185075008,44.1201931690272,66.07517360908307,2623188992.0,59455519.19844049,5000,2026-09-02 20:58:51.435417+00,,0.2516,2045
afb9b3d9-3eca-40b4-b4cc-7fe51f6b42d3,70.25828999149999,,,0.023419429997166664,,26.201666666666668,30.418,2623188992.0,100115348.59105654,3000,2026-09-01 07:24:21.811474+00,,0.574,27
b005da75-b54c-4380-867d-7096393dc86b,4704.105023304999,,,2.3520525116524995,4704.105023304999,29.858828462515888,30.052,21764901888.0,728926853.7552696,2000,2026-09-01 07:36:18.675079+00,,0.5205,1574
b017fe2d-5c57-4a0f-8ff5-88162947b081,18606.87558200002,28519.93495348,34.75835196556221,9.30343779100001,18606.87558200002,204.76048565121414,213,21764901888.0,106294443.57283856,2000,2026-09-02 18:43:50.926973+00,,0.599,906
b08e3a7b-0a49-409f-b886-d38a1c83c2b3,23.508267440952,0.0,,0.0013025414140598404,,7.55609882758621,7.581238,4588784.0,607295.3920675338,18048,2026-08-20 11:15:32.616472+00,,0.358,29
b0d982b8-344d-4bfe-a4d3-0025d9cde16b,441.77010514204477,,,0.18814740423426096,,97.71559694508949,146.43575117287114,4588784.0,46960.60960031418,2348,2026-08-29 06:23:01.901702+00,partial,0.358,12
b1054bdf-f517-4cf4-b210-adb8c9619303,38.066853613799,,,0.005194712556468204,,12.401305275862072,13.307494,4588784.0,370024.2755036133,7328,2026-09-03 16:44:36.105998+00,,0.358,29
b184b2df-aa86-4911-954f-bc08d5661838,93.1389709046957,,,0.7761580908724641,,21.77188974264627,32.40245605212395,2623188992.0,120485131.19473311,120,2026-08-20 20:12:39.112419+00,partial,0.574,43
b1ab50cc-3232-4c77-9a3a-90416d133919,34.316413999,,,1.7158206999499999,,32.6501,36.156,21764901888.0,666610573.5663903,20,2026-09-03 15:23:31.299839+00,,0.55,10
b1ae1572-5aed-43f4-93ae-04fcaffc16df,2214.0734200884267,,,0.44281468401768537,442.81468401768535,40.49693399636778,60.592178871883725,4588784.0,113311.88678164064,5000,2026-08-27 17:22:31.712142+00,,0.1516,544
b1ae75c2-a2a9-44f7-8bb9-fb4d72154ffb,213.86718702481994,,,0.06683349594525623,,29.066743641791007,32.258872,2623188992.0,90247088.71166715,3200,2026-09-03 21:01:47.052152+00,,0.574,67
b2359cae-8f18-41a3-8bf4-28d6e5d8d63c,512.8842910672251,,,0.5128842910672251,,40.584400084589795,59.70704184858463,2623188992.0,64635401.44815507,1000,2026-08-27 18:28:21.637583+00,partial,0.574,126
b23cdb63-072d-49fc-b96e-da2fcb25c27a,162.031687,,,2.746299779661017,,43.26315789473684,59.0,21764901888.0,503081673.810219,59,2026-09-01 13:07:57.381635+00,,0.46153846153846156,38
b261ee39-0a35-47cf-9007-27296db2792d,96.55585051491093,,,0.03218528350497031,,38.129831545649964,46.49423077622263,4588784.0,120346.29616724627,3000,2026-08-27 17:23:34.89441+00,,0.358,26
b300a6ef-c325-4f2f-b76d-9c636675a865,62.4294041375,,,0.78036755171875,,30.474000000000007,34.067,21764901888.0,714212177.2002361,80,2026-09-03 15:27:54.26217+00,,0.55,20
b37abe6c-6d08-40ab-abd2-9950a66d607c,13467.173727210533,,,6.733586863605266,13467.173727210533,22.43180999453534,33.64909937961066,21764901888.0,970269536.5778416,2000,2026-09-02 14:58:16.605663+00,,0.7875,5934
b391cceb-7e85-4a16-b7a6-29d364ab8000,235.6812168771038,,,0.09503274874076766,,63.99573633049891,140.54497042640858,4588784.0,71704.5269438222,2480,2026-09-01 13:15:38.248894+00,,0.358,12
b3a7b86f-3da3-4853-b885-fcf0734a3fab,88.65775402842601,,,0.007103986700995674,,27.331262800000022,32.886056,4588784.0,167895.05971893828,12480,2026-09-03 20:58:29.434414+00,,0.358,30
b40a1936-faf4-4d84-a83f-e4f33be40e0c,9188.941744405869,,,1.8377883488811737,4594.4708722029345,44.04483183075883,66.66822177194656,2623188992.0,59557248.44357536,5000,2026-09-02 20:41:05.763416+00,,0.265,2064
b41f4520-c8aa-4c62-959c-5fbe7915853b,22.517787144499998,,,0.0045035574289,4.5035574289,14.204529411764705,22.871,4588784.0,323050.7584573272,5000,2026-08-29 06:32:22.245672+00,,0.2234,17
b42caa3e-0c0f-4fb7-aaa8-0921e2624d40,4573.8544376115,,,2.28692721880575,4573.8544376115,29.888944408109754,30.04,21764901888.0,728192390.8324624,2000,2026-09-01 07:30:53.456067+00,,0.5995,1529
b468d4c6-7fa4-4d07-b854-c06076fdd07e,1026.1157277745767,,,0.8550964398121472,,87.0802133936432,145.64516254064492,2623188992.0,30123823.653738208,1200,2026-09-01 14:18:54.979412+00,partial,0.574,25
b4ba417e-fc43-4aef-82f3-e0883f198c8a,67.16902229659138,,,0.20292755980843316,,20.133685787246552,30.758094901705462,4588784.0,227915.7452087939,331,2026-08-20 19:01:41.488767+00,,0.358,34
b4db63b3-6baa-4caa-a9b9-330dcf48bf17,20527.760944494847,,,10.263880472247424,20527.760944494847,22.292218587348643,43.05704123393322,21764901888.0,976345257.1002553,2000,2026-09-02 12:03:27.262634+00,,0.4995,9103
b5048c00-fae7-41cf-9b4d-0594c635bc2f,249.53967815167346,,,3.119245976895918,,44.310252763579506,45.084354286885414,21764901888.0,491193358.8853166,80,2026-09-03 01:01:34.156611+00,,0.55,57
b51b60d2-6601-4164-8594-788709db9bd0,277.5602970019999,,,1.7347518562624995,,49.553250000000006,51.178,21764901888.0,439222490.71453434,160,2026-09-03 15:25:22.425826+00,,0.46875,52
b5b44bdc-7497-431d-b1b2-85ef3554d78e,339.12165077693066,,,0.00720676748505888,,22.294561450771415,32.78463497959402,,,47056,2026-08-29 08:23:34.805087+00,,,152
b5da75a5-4732-4779-8b4d-1930ec419e0b,329.497561105,,,0.4381616504055851,,72.7565217391304,75.019,21764901888.0,299147091.80351394,752,2026-09-01 07:47:36.104549+00,,0.5115740740740741,46
b5e9cab6-8b93-4c91-896a-90d0a7b411d9,39.202384390999995,,,0.7840476878199999,,22.113055555555555,24.058,2623188992.0,118626256.12320524,50,2026-09-03 15:21:08.844965+00,,0.574,18
b601395b-c1f8-415a-839f-a852e0595639,25794.39117189155,,,12.897195585945775,25794.39117189155,43.10613975508753,66.84296776051751,21764901888.0,504914195.7888083,2000,2026-09-03 01:11:57.57189+00,,0.8115,5934
b6234e37-f87d-4a1c-9428-a777a10b90b8,97.7839975468935,206.86536936000002,52.73061032428116,1.746142813337384,,38.8325655512843,63.421096796756004,21764901888.0,560480657.8966858,56,2026-09-01 21:24:16.193541+00,,0.5,26
b62f8067-3131-42b3-bd6e-1d48c52f4da0,2218.9735487858597,,,0.04621321119597342,,101.88585599355618,147.0276163145587,,,48016,2026-09-01 14:38:05.775544+00,,,34
b6f01ae7-8828-4ea6-b1d2-0b5e74ec1956,508.56698063939234,,,0.5085669806393923,,40.53657066108906,58.10862772947797,2623188992.0,64711665.27458604,1000,2026-08-27 18:26:35.914574+00,,0.574,125
b6f7d644-56de-48c2-b71a-a82f100cf073,506.4770272903826,,,0.5064770272903826,,40.69493850314396,58.54203884186923,2623188992.0,64459834.28129129,1000,2026-08-27 18:01:05.828698+00,,0.574,124
b71a1080-0e91-431d-a86d-846207c0b963,6338.704593699,,,3.1693522968495,6338.704593699,66.47960755508903,72.495,21764901888.0,327392153.60085094,2000,2026-09-01 07:52:50.208518+00,,0.6955,953
b71bd74f-0c21-4710-bd66-14b839077cba,41.339295641105984,,,0.06489685343972681,,10.431943499999994,10.570761,4588784.0,439878.1492633662,637,2026-09-03 16:43:29.450383+00,,0.358,38
b7885d29-5e94-4705-8193-1e84793b0317,336.79057715512624,,,0.06735811543102525,67.35811543102525,42.45098670391327,63.69258974570734,4588784.0,108096.05044061298,5000,2026-09-02 20:11:46.814413+00,,0.22,80
b790fe69-798a-47d5-9536-a78088941732,159.6126159998917,,,0.19417593187334756,,40.52113636531152,56.52101608906582,4588784.0,113244.20812463367,822,2026-08-27 17:24:34.765583+00,partial,0.358,40
b7925651-d6da-4d85-874f-bdfdc3c449f8,39.3807345,,,0.013126911500000001,,33.916666666666664,43.0,4588784.0,135295.84275184275,3000,2026-09-01 12:57:45.870811+00,,0.358,12
b7fe3400-7325-4e06-b478-6f66233cd37d,105.4566951855567,,,0.5272834759277835,,43.27275149965642,46.58940699689384,2623188992.0,60619879.741662085,200,2026-09-02 20:29:31.349625+00,,0.574,25
b8713c23-bca6-4eb2-9aed-bc85188e28e0,71.81028043754918,126.93523684,43.42762323115607,0.023936760145849726,,37.38286678178288,54.018245521631485,4588784.0,122750.9925010933,3000,2026-09-01 19:36:19.153859+00,,0.358,20
b8ac4302-7c29-4154-9a67-37f7b355a849,8748.060642999993,14325.583127005002,38.93399964634515,4.374030321499997,8748.060642999993,155.53654188948306,161,21764901888.0,139934330.69551665,2000,2026-09-02 19:02:07.041427+00,,0.524,561
b8c76690-c06d-47f2-8a6f-1cba04599e06,11405.693139909787,,,2.2811386279819574,5702.846569954893,40.79406606330354,61.23329341389087,2623188992.0,64303200.07643709,5000,2026-08-27 18:11:07.361855+00,,0.1524,2775
b92eed10-f79e-4337-a1fe-60a5b1a2b22a,267.75506650000005,,,1.6734691656250003,,50.75471698113208,66.0,21764901888.0,428825204.4847584,160,2026-09-01 13:09:09.713952+00,,0.53125,53
b94f9d05-b647-4e47-b2d2-87f99a379e70,351.8169417423484,,,0.19068668929124574,,85.18138490184526,147.45899257305086,4588784.0,53870.73719554651,1845,2026-09-01 13:13:46.042254+00,,0.358,11
b95e1463-a728-448b-bfbd-427902def389,289.41500590411994,644.343425,55.08373412763233,0.28941500590411995,,38.331658176684925,47.83355567621347,2623188992.0,68434007.73086159,1000,2026-09-01 19:48:11.815441+00,,0.574,76
b9aaae16-83c7-4780-a4dd-d7bc285c3d39,115.05247400000003,533.12293664,78.41914761253442,0.23624737987679678,,33.714285714285715,39,4588784.0,136108.0,487,2026-09-02 18:19:02.542765+00,,0.358,35
b9c417d9-408d-420e-80d3-c82e4ba08962,439.1168666482104,,,0.4391168666482104,,40.58785019618203,51.213675275188294,2623188992.0,64629907.20919619,1000,2026-08-27 17:53:38.254385+00,,0.574,108
b9e99d1b-9dda-498a-afef-04f22c0f73f9,299.2242645690976,,,0.2992242645690976,,22.330452410405016,29.45584685308191,2623188992.0,117471376.92462103,1000,2026-08-20 20:04:24.364276+00,,0.574,133
ba061bd2-f655-4ca2-b6b9-6b272602928e,71.7208390029891,,,0.035860419501494545,,34.147138150950745,43.63654278843551,4588784.0,134382.68178477604,2000,2026-09-01 19:37:43.944056+00,partial,0.358,22
ba719412-5d10-4131-afac-1c8826955a6a,140.93522897811556,,,0.09321113027653145,,39.85026868411875,49.57600622291184,4588784.0,115150.6414266345,1512,2026-08-27 17:22:41.590951+00,,0.358,36
ba880306-93af-4546-9d6e-23949e0b463d,3111.0756380555,,,1.55553781902775,3111.0756380555,29.811883988494746,30.047,21764901888.0,730074687.5440577,2000,2026-08-29 06:49:08.051993+00,,0.4915,1043
babbb768-2f0a-4bb1-b109-38f6cedbac45,3158.6916334464167,,,0.6317383266892833,631.7383266892833,93.47137073880941,149.7825017509641,4588784.0,49092.93576984778,5000,2026-08-29 06:16:00.844823+00,,0.1524,91
bb0b052f-5bdd-4f39-8804-a08afe352ec3,162.62670372925098,,,1.0164168983078186,,22.290335454076455,29.84375937232483,21764901888.0,976427740.7507403,160,2026-09-02 16:19:46.638339+00,success,0.46875,73
bb20f60e-5d4e-40d1-9e78-953adcb5337c,2372.8115840000014,1531.5472164899998,54.92905203654195,1.1864057920000006,2372.8115840000014,198.60833333333332,226,21764901888.0,109587052.68157597,2000,2026-09-02 19:06:09.528673+00,,0.789,120
bb36396e-89c1-41f4-93f5-acd6ab6b0c07,11.611552215218962,,,0.0038705174050729873,,88.66216834564432,107.22108530810364,4588784.0,51755.8287330724,3000,2026-08-29 06:23:27.044687+00,partial,0.358,2
bbc2effa-a843-4211-a342-67671faf7e1b,5906.756047715334,17088.59941952,65.43452214715646,1.1813512095430667,2953.378023857667,42.910627010622186,92.41037806169304,2623188992.0,61131453.31925936,5000,2026-09-01 19:41:40.820089+00,,0.1986,1368
bbc773c2-cf79-480d-8775-3ab781bfea3a,1415.9003961857948,,,0.036613063616719975,,95.47117876451512,149.40349299497308,,,38672,2026-09-01 14:37:37.96505+00,,,28
bbda2446-3689-4250-9cb6-2578f1009c48,25307.709005756402,,,12.6538545028782,25307.709005756402,42.14960817199226,66.48429513722701,21764901888.0,516372579.29392636,2000,2026-09-03 01:53:59.260042+00,,0.7815,5952
bbee5092-df76-41e1-90b0-78a7ec75c862,1610.8904943244995,,,0.8054452471622497,1610.8904943244995,29.563660550458785,30.368,21764901888.0,736204566.10412,2000,2026-08-29 06:52:28.462588+00,,0.7395,545
bbff804a-c857-4b61-b10c-4b20ab750651,184.71346690452003,,,3.5521820558561545,,44.78336510797987,46.54902106127341,21764901888.0,486004163.276282,52,2026-09-03 00:28:17.575795+00,,0.5,42
bc23bb03-a6f7-4efa-b160-fd4614b7c6f5,2342.0760615,1533.9133937599997,52.68632968638434,1.17103803075,2342.0760615,202.56034482758622,221,21764901888.0,107448977.27403498,2000,2026-09-02 19:05:51.724422+00,,0.823,116
bc4c81fe-54af-46d7-8c7a-4ce61f4ee673,47.233986273,,,0.020716660646052633,,16.108433333333334,16.622,4588784.0,284868.4229585745,2280,2026-09-01 07:04:32.686567+00,,0.358,30
bc95c1b3-2e6a-44c0-9915-76e129c3761f,135.97725447692224,292.6223358550001,53.53148484731475,0.015622386773543455,,35.71506903231344,62.22009242426521,,,8704,2026-09-01 20:54:35.758301+00,,,39
bcf9463f-20d1-4ea8-acf5-6ae1adb52888,1221.5498532605511,,,1.1545839822878554,,83.8785459962819,145.3353142319578,2623188992.0,31273658.369284067,1058,2026-09-01 13:28:00.587135+00,,0.574,43
bd19b066-19a5-4fdf-b6d0-fe0d79bb878a,111.81441257373866,,,0.5590720628686934,,42.308574341675744,58.88978003615116,2623188992.0,62001356.292831816,200,2026-09-02 21:11:45.103663+00,partial,0.574,27
bda2c9d0-2dd5-43b4-a5d4-fa57569df516,481.9835265420831,,,0.09639670530841662,96.39670530841661,39.8296608690139,57.54959549961397,4588784.0,115210.22021982406,5000,2026-08-27 17:23:30.579987+00,,0.2138,121
bdcd8977-02f8-4f8f-9e16-1edb37ca98ff,7.502861189999999,,,0.00250095373,,15.0645,16.197,4588784.0,304609.11414252047,3000,2026-09-01 07:02:58.904689+00,,0.358,6
be245089-6606-491c-8f48-020847b2071e,430.48598537989386,,,0.08609719707597878,86.09719707597877,42.77526432937252,44.67785499886212,4588784.0,107276.57846053371,5000,2026-09-02 20:11:15.160592+00,,0.2072,101
be36ce0a-0d9d-45c9-b60e-229bb1138279,1419.2995121315,,,0.70964975606575,1419.2995121315,29.6465365344468,30.135,21764901888.0,734146528.8099,2000,2026-08-29 06:54:35.873226+00,,0.7835,479
be8772d6-5bdd-464e-8867-96ba607206dd,151.79808618596894,,,0.050599362061989644,,105.28996598816583,145.86144816512473,4588784.0,43582.348583109626,3000,2026-08-29 06:23:23.440163+00,partial,0.358,7
bebde2de-bcd1-4f4a-828b-964746e59511,62.2373719227874,,,0.020745790640929133,,36.17486171284198,58.57855830926544,4588784.0,126850.07717309376,3000,2026-08-27 17:24:20.742997+00,,0.358,18
bee9edcb-5edc-4dae-a412-0c4c01ae9a1a,2369.312835568001,,,1.1846564177840004,2369.312835568001,68.13060919540233,74.648,21764901888.0,319458495.1615076,2000,2026-09-01 07:54:29.784695+00,,0.7635,348
bf3028f8-e30c-4e2d-912f-600ac8529d18,478.89508015845854,,,0.1937277832356224,,96.4661995716138,149.76226206195037,4588784.0,47568.82742740804,2472,2026-08-29 06:23:09.260496+00,partial,0.358,9
c00c9a42-50e3-472b-acd0-29a98e19b574,322.15897378464757,696.7773676000002,53.76443197426157,0.06443179475692952,64.43179475692952,40.58200543416122,63.87701853650414,4588784.0,113074.35280507953,5000,2026-09-01 19:32:56.376439+00,,0.2176,80
c04e2738-3ed2-4b24-8883-a6658dd7ee9c,46.18514386,,,0.009237028772,9.237028771999999,20.952130434782607,26.184,4588784.0,219012.7640854204,5000,2026-09-01 07:02:34.457868+00,,0.222,23
c0c20910-65de-435a-9455-a76e339b3b94,1321.9223588175,,,0.66096117940875,1321.9223588175,71.25539784946231,74.903,21764901888.0,305449166.58779466,2000,2026-09-01 07:58:05.877619+00,,0.787,186
c0d96bec-fabf-4f09-bdf6-7df9be98228b,429.554536511598,,,0.20035192934309606,,103.73165121526925,139.65827671674572,4588784.0,44237.06695343275,2144,2026-08-29 06:18:40.947674+00,,0.358,12
c0e888d3-a95f-4ac2-933a-311ab916c9e2,65.54072541999818,,,0.053546344297384134,,21.435848724212278,30.843368486294462,4588784.0,214070.55344707973,1224,2026-08-20 19:06:03.019522+00,,0.358,31
c1324019-c77c-4998-8e5d-0ac8c2102db7,92.48327450000001,281.24880675,67.11691844360155,0.10096427347161573,,48.05,55,4588784.0,95500.18730489074,916,2026-09-02 18:20:46.580784+00,,0.358,20
c173099d-c949-4e22-9ca1-199bdc9669c0,591.9825404080922,,,3.699890877550576,,42.63572288820959,62.827202233158225,21764901888.0,510485114.67877156,160,2026-09-03 01:33:02.386936+00,,0.53125,139
c17420a2-9560-44b1-a729-602b1a036f7c,1880.6068914192394,,,0.3761213782838479,376.1213782838479,71.72383158385827,149.09110721399713,4588784.0,63978.511725699886,5000,2026-09-01 13:15:31.866344+00,,0.148,62
c18d81bd-da37-42bd-85a7-908ce26fe877,237.30959436209224,772.62998262,69.2854795050314,0.23730959436209223,,40.96808335262677,62.42021484795376,2623188992.0,64030063.82849999,1000,2026-09-01 19:52:30.169588+00,,0.574,58
c197f944-cc91-4046-97de-c8da552b3fd0,939.3438400000001,1528.6968230400003,38.55264001059411,0.18786876800000002,469.67192000000006,150.3968253968254,204,2623188992.0,17441784.32675462,5000,2026-09-02 18:37:48.731224+00,,0.2796,63
c1ce812d-d44a-49d2-a4d4-8342983f7857,489.0467468553094,,,0.2513087085587407,,105.35330570580837,137.96318009449828,4588784.0,43556.1463331189,1946,2026-08-29 06:22:46.965241+00,partial,0.358,11
c1f72035-83bf-4e39-bf63-38907806315f,10786.769097039241,,,2.1573538194078483,5393.384548519621,40.81945396046602,61.40798756835668,2623188992.0,64263206.32658585,5000,2026-08-27 17:41:41.370423+00,,0.1912,2624
c1fe2c0a-ca78-4cc2-8e1e-38ded95992b2,449.1548001754289,,,0.18288061896393684,,103.5354858518868,149.22977017000744,4588784.0,44320.881504960606,2456,2026-08-29 06:16:57.172215+00,,0.358,17
c251f75d-cffe-47f1-9e7b-2af0b35fa40f,,,,,,,,4588784.0,,3000,2026-09-01 13:16:24.747458+00,,0.358,0
c25adb80-09f1-4775-8d43-1f2898fb741d,322.5277667174865,,,1.0078992709921453,,21.878918443169358,31.825036629755214,21764901888.0,994788748.106287,320,2026-09-02 16:20:09.206678+00,success,0.49375,147
c2e01c66-2357-45cd-89f9-a8c39347cc31,43.305942384666295,,,0.00822681276304451,,21.45563084749531,27.006048849634364,,,5264,2026-08-29 08:23:40.582351+00,,,21
c2e54651-036b-4d45-970f-39bc6009ca75,269.32955113901005,629.80247596,57.23586974972202,0.26932955113901,,38.159254117714,46.1198548440129,2623188992.0,68743193.56211638,1000,2026-09-01 20:06:22.327152+00,partial,0.574,71
c344929d-a1a4-4c99-b2ef-795e05ed2873,99.29114089723316,,,1.9858228179446633,,22.808190413700494,26.384379182977774,21764901888.0,954258163.1082048,50,2026-09-02 12:33:40.367339+00,,0.4666666666666667,44
c361daed-661e-42dd-89fd-784f99265699,436.70030733328565,,,0.24301630903354793,,92.39642700827584,147.78047780269193,4588784.0,49664.0849498324,1797,2026-09-01 13:17:17.965014+00,,0.358,11
c364561a-a4a9-40a4-98fb-da125c4e5158,1414.484109183586,,,2.281425982554171,,91.5048322724542,146.52413483725653,2623188992.0,28667218.187882103,620,2026-08-29 07:34:19.297382+00,,0.574,35
c36addf0-70b6-49f5-a50e-be6a19bdd922,2509.831099396999,,,1.2549155496984994,2509.831099396999,29.373950819672274,30.173,21764901888.0,740959294.9077741,2000,2026-08-29 07:01:49.863956+00,,0.528,854
c377ee28-dd4f-4bdd-97f0-0acea50ed7ee,1579.5676029999993,3639.3560469000004,56.59760730623008,0.31591352059999983,315.91352059999986,68.96943231441048,74,4588784.0,66533.59098391794,5000,2026-09-02 18:24:35.397849+00,,0.1532,229
c39687a7-8dcf-4ef1-8d39-3a216018dfad,118.57766574610486,201.22352614,41.07166889441884,0.08718946010743005,,39.07404425825642,43.64239373723602,4588784.0,117438.16354587818,1360,2026-09-01 19:32:18.730105+00,,0.358,31
c39c12f3-83ce-42fa-831f-f480ddccca56,762.0439082171195,,,0.1524087816434239,152.40878164342388,97.23950112231432,146.5913456020518,4588784.0,47190.53416602705,5000,2026-08-29 06:21:34.387592+00,,0.2168,16
c3c24837-d299-4b81-8770-aaffaff79c98,88.1028460728005,,,2.7532139397750157,,43.894587144203456,45.063008623790374,21764901888.0,495844779.5965701,32,2026-09-03 02:06:53.969752+00,success,0.5,21
c3dfd0b5-2852-47bd-b335-440abea2f5e8,201.66978298001376,,,0.0891555185588036,,41.62158418430944,46.50239970806239,4588784.0,110250.10436123394,2262,2026-08-27 17:14:56.057117+00,,0.358,49
c40c2682-9b8c-4950-9494-0ab45e163fc9,27.328288536000002,,,0.0054656577072000005,5.4656577072,24.864166666666673,28.396,4588784.0,184554.10396487577,5000,2026-09-01 07:02:51.610214+00,,0.2268,12
c421c3cf-f452-4cf2-b3a3-c2c64dc5a147,165.37351712562472,402.48653929,58.912037799487834,0.13955571065453562,,43.16266390446134,57.2334980235375,4588784.0,106313.7347165845,1185,2026-09-01 19:30:41.201219+00,,0.358,39
c4cceed4-ba27-4711-b93f-2afc3e772ea2,191.95260793048428,,,3.8390521586096855,,45.346525603522416,51.485626041061934,21764901888.0,479968456.2009609,50,2026-09-02 22:06:56.209299+00,,0.5333333333333333,43
c4fcfe3a-5c41-4596-838d-acf9f8fdb94e,6.204401471,,,0.0020681338236666668,,11.791166666666667,12.072,4588784.0,389171.32881959656,3000,2026-08-29 06:32:30.199076+00,,0.358,6
c535eea1-e1cc-409a-9a68-7efe4bdc490f,1976.732614125005,,,0.044329310506929606,,83.69946249456811,145.45088181517156,,,44592,2026-08-29 08:02:00.068413+00,,,49
c557f038-74de-4196-9a39-00b8231a511c,103.18607370366217,,,2.0637214740732435,,38.260673664852156,60.15525258709964,21764901888.0,568858302.8791294,50,2026-09-01 22:30:35.053285+00,,0.5333333333333333,28
c5b22dc7-8d66-40c3-bee6-d82eb0efd769,316.63649662500006,,,0.06332729932500002,63.32729932500001,19.50108588957055,19.964,4588784.0,235309.1528330812,5000,2026-09-01 07:02:07.437635+00,,0.1534,163
c5be2069-7145-4597-81fa-5874b21a574f,1655.7315999709995,,,0.8278657999854997,1655.7315999709995,70.26684322033901,74.919,21764901888.0,309746402.2931951,2000,2026-09-01 07:56:29.191849+00,,0.798,236
c5f70522-adbb-4ad8-bdba-33c385b4c90a,151.55414696401095,,,0.9777686900903932,,42.51634612339923,55.68423509340035,2623188992.0,61698363.83367633,155,2026-09-02 20:45:53.709604+00,,0.574,36
c67fda70-cc69-449c-92b2-dc1f734f3900,102.66312471455173,133.91829807999997,23.33898639211877,0.766142721750386,,38.30852227566324,43.31973756890867,2623188992.0,68475337.50124493,134,2026-09-01 19:52:52.206164+00,,0.574,27
c6e1116b-852b-45e6-8d30-1cd61b5e4f83,10048.0737744537,34335.693029869966,70.73577700699826,5.02403688722685,10048.0737744537,41.52609251470128,63.37788805650021,21764901888.0,524125930.7095816,2000,2026-09-01 22:49:54.546414+00,,0.8115,2391
c6ea05e2-9725-416c-a985-7f6d282bbf2f,342.07048896266144,,,0.06841409779253228,68.41409779253229,85.4765902959105,139.33015756710418,4588784.0,53684.68704839696,5000,2026-09-01 13:16:21.26398+00,,0.2176,9
c7075710-ab25-4531-93ce-06bf02a4a64c,189.11216067259906,,,3.636772320626905,,44.76278872231389,55.34221093490778,21764901888.0,486227567.7911544,52,2026-09-03 00:28:26.775579+00,,0.5,43
c734b8ff-3b85-4436-b170-75aba09fb5d1,241.93618774672683,761.9194815999999,68.24648882337664,0.24193618774672682,,40.86941487524252,60.65184670489669,2623188992.0,64184647.61503229,1000,2026-09-01 20:05:41.406885+00,,0.574,59
c7802270-cbc1-495f-868b-1e2b085adebd,113.699361926954,,,0.035531050602173125,,23.22087514893616,28.056185,2623188992.0,112966844.49553052,3200,2026-09-03 16:52:10.819406+00,,0.574,47
c7cb1ca9-4148-4259-8728-b372d5325fa6,27.669339534,,,0.009223113178,,23.129833333333334,25.219,4588784.0,198392.43689607218,3000,2026-09-03 15:18:43.559149+00,,0.358,12
c80ba54b-6481-4e77-a68e-e10fa3539d57,89.25325774939053,,,0.02975108591646351,,38.329822864144816,41.49607219811743,4588784.0,119718.37219974538,3000,2026-08-27 17:23:43.223052+00,,0.358,24
c8110f47-aea9-4a6e-b41c-16d644609473,351.44946894403483,,,0.07028989378880697,70.28989378880696,42.52862056595526,52.57060540201285,4588784.0,107898.72652661074,5000,2026-09-02 20:16:21.460832+00,,0.2082,83
c817cba1-0243-4bef-9142-01597df47113,,,,,,,,4588784.0,,3000,2026-09-01 13:21:56.274177+00,partial,0.358,0
c82a9720-25a0-4a02-bbd9-9650d9be2247,127.0917388570094,133.58811496,4.862989574286459,0.01367165865501392,,35.23877068991546,44.42711302867198,,,9296,2026-09-01 20:54:13.647544+00,,,37
c8311bdb-2bf3-4434-84df-4c6431a8aca8,42.56623830149999,,,0.019348290137045452,,20.860000000000003,29.264,2623188992.0,125752108.91658676,2200,2026-08-29 06:40:58.20466+00,,0.574,21
c838d02b-8834-409c-a728-4bb68a7a3045,40.451380141227,,,0.05511087212701226,,10.873709999999999,12.838893,4588784.0,422007.20821136486,734,2026-09-03 16:43:48.267536+00,,0.358,36
c8574953-fa92-45f5-affc-39af214c7582,23177.13607950047,67337.30783931506,65.58054246123508,11.588568039750236,23177.13607950047,41.582793634978,64.67699122689146,21764901888.0,523411247.42740035,2000,2026-09-01 21:14:25.335658+00,,0.562,5498
c8650141-3b43-4df4-b953-48c53ab65954,101.15638566120302,0.0,,0.0038456655132756623,,27.77820369696969,30.201875,4588784.0,165193.69107011726,26304,2026-08-20 11:16:00.907756+00,,0.358,33
c867d17c-059a-42d2-9380-30d568cd03c0,130.45307796874388,412.15302928000006,68.34838792847515,0.007279747654505797,,41.931639283237885,43.17894657748669,,,17920,2026-09-01 20:54:05.860855+00,,,31
c8bccacf-287c-46f5-848d-d6a3f55853d8,351.10926550560794,,,0.07022185310112158,70.22185310112158,42.4745103175955,52.244242843842976,4588784.0,108036.18371790973,5000,2026-09-02 20:11:36.817687+00,,0.2138,83
c8e7d6f5-e2aa-49f2-8c37-a5386a544960,398.52603600000003,,,0.39852603600000003,,42.655913978494624,66.0,2623188992.0,61496490.10738593,1000,2026-09-01 13:03:09.391696+00,,0.574,93
c8f6c571-7745-48cb-b3d0-f9eb15c2a2ce,139.81991288008442,260.67397383,46.362150840855044,1.7477489110010551,,37.592078057251854,55.27200586498998,21764901888.0,578975758.0001979,80,2026-09-01 22:45:44.934131+00,,0.45,38
c8fcf610-f3a3-4688-9ac0-b246343b12a0,45.85893315740122,,,0.32756380826715153,,19.573010342409486,26.44045865193643,4588784.0,234444.46815916357,140,2026-08-20 19:08:14.756361+00,partial,0.358,24
c90a935b-468b-48cb-8a1d-f427ab1bb792,24.210190882,,,0.0048420381763999995,4.8420381764,14.225500000000002,18.648,4588784.0,322574.5316509085,5000,2026-08-29 06:34:01.435626+00,,0.2146,18
c93cef28-2a91-4df0-8862-405d064e6efe,499.8249990068343,,,0.4998249990068343,,40.60415454324815,60.51471217201205,2623188992.0,64603955.46977831,1000,2026-08-27 17:53:23.726527+00,,0.574,123
c93dfe94-ea48-4f4e-aafa-358d1fcad81f,1192.9647242894991,,,0.23859294485789984,596.4823621447496,29.615980148883327,29.969,2623188992.0,88573431.6005377,5000,2026-09-01 07:23:32.036714+00,,0.202,403
c93f5db4-21a1-49d0-953f-726be7eed12a,44.271455417,,,0.12195993227823691,,19.93282608695652,23.9,2623188992.0,131601458.84765136,363,2026-09-01 07:22:05.37019+00,,0.574,23
c988268d-a426-4ad0-956e-cbdbd52b4edd,867.7047392457418,,,0.009125281205259779,,43.73057009903385,64.46863601651783,,,95088,2026-09-02 21:17:01.348828+00,,,198
c988ab8e-b0af-4d86-8bd6-ea1a546393e5,100.7513444975,,,0.1007513444975,,27.994058823529404,34.092,2623188992.0,93705203.96974991,1000,2026-09-03 15:21:42.026765+00,,0.574,34
c9e636f5-be5f-46af-a830-9ed1086ae695,10506.757128341927,36439.76742081001,71.16678323709131,5.253378564170964,10506.757128341927,41.53025407948568,63.48239595367412,21764901888.0,524073410.3466757,2000,2026-09-01 22:05:36.950729+00,,0.785,2508
c9fcad14-3f30-4935-a986-7bc41bc37a14,237.18183750284834,614.7906684400001,61.42071607809449,0.23718183750284833,,39.03302100514511,52.07576003594891,2623188992.0,67204354.78602146,1000,2026-09-01 20:06:31.432524+00,partial,0.574,61
ca2c681d-be1a-4d64-94b1-5cb637f88268,18293.633698000005,21666.03605735,15.565386997525737,9.146816849000002,18293.633698000005,201.44309392265194,214,21764901888.0,108044914.64153676,2000,2026-09-02 18:40:35.461787+00,,0.6645,905
ca3742a0-a3d9-4764-ac46-7ce813377ce5,11.18602851,,,0.002237205702,2.237205702,13.857333333333333,15.348,4588784.0,331144.80900606175,5000,2026-08-29 06:32:35.079426+00,,0.2062,9
ca4ad3e4-b153-43da-b133-27192de2d600,168.38699805672618,,,1.0524187378545387,,22.56254913105298,32.37783683111276,21764901888.0,964647290.5867195,160,2026-09-02 16:19:32.946137+00,success,0.53125,75
ca648cab-3c08-40db-b126-3ba4498f8ffc,51.831554499999996,,,0.1427866515151515,,24.181818181818183,35.0,4588784.0,189761.74436090223,363,2026-09-01 12:57:17.809264+00,,0.358,22
ca78f33b-6210-4d04-a1ad-17300131cc51,828.2492232381232,,,2.5882788226191353,,39.557784683713926,58.8202129379987,21764901888.0,550205277.2171714,320,2026-09-03 02:09:38.190478+00,success,0.50625,209
caad9279-0eff-47f0-9c58-c41d646956d8,43.37565254750001,,,0.018379513791313563,,16.03149999999999,16.78,4588784.0,286235.4739107384,2360,2026-09-01 07:02:21.551465+00,,0.358,28
cabf3082-9917-4940-97bb-f8b3ca9cb159,34.43234285849999,,,0.17216171429249996,,29.720083333333335,38.194,2623188992.0,88263177.54829085,200,2026-09-03 15:19:40.68759+00,,0.574,12
caebbbb3-257a-4a1b-a57d-21ec0d006156,130.5620484232972,,,0.043520682807765734,,119.14625314000997,131.27776313733509,4588784.0,38513.875838022985,3000,2026-09-01 13:17:00.376087+00,,0.358,4
cb243519-2d4d-42ef-a810-a74a22406919,38.455573,,,0.012818524333333334,,33.666666666666664,53.0,4588784.0,136300.51485148515,3000,2026-09-01 12:57:51.744295+00,,0.358,12
cb6b22b5-5f9e-41d7-8c7e-34a4dadbf089,67.55943128182649,21.012047100000004,221.52712660646222,0.0675594312818265,,31.580752315652227,44.15683015222021,4588784.0,145303.18828806625,1000,2026-09-01 19:37:47.75006+00,partial,0.358,22
cb80542c-b777-4821-96c0-308184d977fb,294.346322,642.54800932,54.19076586798506,0.147173161,,111.48148148148148,236,2623188992.0,23530266.70564784,2000,2026-09-02 18:32:58.412966+00,,0.574,27
cbcf1be9-ab3e-4d40-b67a-b5966d251ef1,164.07351899999998,322.4888052,49.1227241521623,0.8203675949999999,,50.878787878787875,72,2623188992.0,51557615.6855271,200,2026-09-02 18:36:04.622198+00,,0.574,33
cbf57556-d860-450a-a1aa-e228366f8b19,419.6572795,425.58130146,1.3919836091663436,2.622857996875,,123.57142857142857,227,21764901888.0,176132154.00693643,160,2026-09-02 18:53:33.847994+00,,0.53125,35
cbf61efd-a5d4-48aa-a336-624d3fb0be96,89.84941481452616,,,0.1754871383096214,,33.961544263311154,45.5344749821231,4588784.0,135117.05959016972,512,2026-09-01 19:37:14.557719+00,partial,0.358,27
cc1d11d2-8f03-467d-abbe-f891decb78e8,87.416878783792,,,2.7317774619935,,43.58414005672138,65.10891446528531,21764901888.0,499376650.7650413,32,2026-09-03 02:06:47.874618+00,success,0.5,21
cc51f18f-ebdd-443f-8b75-f3b52c3216e2,26.996173959500002,,,0.038565962799285716,,21.787000000000003,23.22,4588784.0,210620.27814751913,700,2026-09-03 15:18:30.736664+00,,0.358,12
cc529db3-8921-41bb-9434-453da93b591a,11196.305963184339,,,5.598152981592169,11196.305963184339,21.08249979562585,33.56224158335622,21764901888.0,1032368177.3503791,2000,2026-09-02 16:16:02.736896+00,,0.785,5239
cc5b9e2e-bb4d-4e9d-b5fb-f6911740ec87,353.75542599999994,356.93862984,0.8918070429717637,0.45823241709844553,,167.86363636363637,225,21764901888.0,129658229.49796912,772,2026-09-02 19:03:54.027092+00,,0.656,22
cc9084fa-31dd-4a0e-8383-3a4e675415e5,171.33400195950003,,,0.034266800391900006,34.266800391900006,17.070316831683186,18.129,4588784.0,268816.5688572947,5000,2026-08-29 06:31:40.917111+00,,0.1408,101
ccaad5d9-556d-4a84-a412-0cf9a1a47fd6,16044.036417080462,,,3.2088072834160926,8022.018208540231,82.67245174940018,149.97473242321308,2623188992.0,31729904.417876806,5000,2026-09-01 13:48:27.66643+00,,0.257,400
ccb3e77e-05d8-49f0-a1c3-7ad35abbc5b6,101.00029705694152,0.0,,0.004015597052200283,,28.50223796875,33.98211,4588784.0,160997.32256222007,25152,2026-08-20 11:15:52.130358+00,,0.358,32
ccfb903a-8782-4b3b-ae31-90238608a8db,56.81736457177593,,,0.018939121523925313,,37.34597541114959,41.4729621935103,4588784.0,122872.24927133715,3000,2026-08-27 17:19:26.72151+00,,0.358,16
cd33c7d7-1011-4add-a01b-e5984e4493eb,93.88946048415924,,,0.46944730242079624,,40.28143257765066,42.587250614895986,2623188992.0,65121541.716354534,200,2026-08-27 17:46:19.175551+00,,0.574,24
cd7d1c5a-3b9f-4bf7-8603-d8a1b38708e5,60.442638318499995,,,0.04874406316008064,,24.971999999999994,30.024,21764901888.0,871572236.424796,1240,2026-08-29 07:07:26.793016+00,,0.492,25
cd97681e-94f1-4d30-935b-b9a84f6868cc,7.9359777650000005,,,0.002645325921666667,,15.018666666666666,16.153,4588784.0,305538.70738636365,3000,2026-09-01 07:02:56.386578+00,,0.358,6
cdd6e6c9-9170-4663-a664-7882d14017c8,491.1067305000001,,,1.5347085328125003,,48.99,69.0,21764901888.0,444272339.0079608,320,2026-09-01 13:10:21.814832+00,,0.50625,100
cdff9e2a-6273-4044-9ca7-8be9f0440e7d,21010.450438792817,62773.86377433997,66.52993909324849,10.505225219396408,21010.450438792817,41.457563597613344,63.23476253352959,21764901888.0,524992305.36675763,2000,2026-09-01 22:30:19.381137+00,,0.5515,5002
ce2ecc32-a27a-4014-b63f-e8699307f88a,682.9198893933004,,,0.13658397787866008,136.58397787866008,79.87417675508748,135.90581470117104,4588784.0,57450.15706478281,5000,2026-08-29 06:17:50.186963+00,,0.2182,20
cea5dad3-a711-4f4f-80bf-46b2366a9f7a,10535.987062804948,34239.53569339997,69.22859247523071,5.267993531402475,10535.987062804948,41.565081657773284,63.39536312184268,21764901888.0,523634286.7602581,2000,2026-09-01 21:56:48.348667+00,,0.8145,2513
cea6924b-513f-47bd-9428-c0140a0efc62,40.50051092806806,,,0.06606934898542914,,20.65828769984009,29.4300992568561,4588784.0,222127.99369792495,613,2026-08-20 18:55:20.645642+00,,0.358,20
ceb729a9-f872-472e-aff1-00d7c7109209,66.184049722,,,0.20682515538125,,30.070260869565217,30.528,21764901888.0,723801565.354185,320,2026-08-29 06:58:45.460931+00,,0.50625,23
cedcd5c0-321b-471b-893f-c2a0705f3091,15992.880574378116,,,3.1985761148756233,7996.440287189058,81.01305410267719,149.28883776139293,2623188992.0,32379830.893368494,5000,2026-09-01 13:52:12.764168+00,,0.2744,410
cf349b3f-f816-4d13-8136-f955da0a434e,113.76956842610687,,,0.5688478421305344,,39.98636326272855,42.097026102198576,2623188992.0,65602089.761563405,200,2026-08-27 18:11:17.125115+00,,0.574,29
cf4b9f6c-a759-415e-b03e-53bccf2c3ae3,74.812006682784,,,0.044770799929852785,,33.73446057142856,34.01088,4588784.0,136026.60075989107,1671,2026-09-03 20:57:57.767122+00,,0.358,21
cf82d90c-ee9a-4ca7-b5a6-05c5cee52b8c,41.050539330499994,,,0.20525269665249998,,22.463388888888893,27.053,2623188992.0,116776191.02688076,200,2026-09-03 15:21:15.621408+00,,0.574,18
cfb1b79b-e3e5-4a78-a067-cb2a47bd258b,1629.634583158224,,,0.3259269166316448,325.92691663164476,21.792230818146326,32.84530234575797,4588784.0,210569.72268203643,5000,2026-08-20 18:59:16.796506+00,,0.1558,741
d08396cb-a73b-4dfe-b356-225d59375dd3,105.01239877895829,,,0.2822913945670922,,20.01308242814472,22.87624381099518,4588784.0,229289.2170147023,372,2026-08-20 19:01:48.748026+00,,0.358,53
d084d169-cec7-4747-97ee-4647c49f0e0f,46.660996563436505,,,0.06172089492518056,,15.798200586206894,23.635287,2623188992.0,166043529.93784976,756,2026-09-03 16:51:33.987469+00,,0.574,29
d09e73ea-258b-4903-b901-27cc896426b5,70.5035216435,,,0.023501173881166664,,25.606250000000006,29.121,2623188992.0,102443309.42640954,3000,2026-08-29 06:39:03.318463+00,,0.574,28
d0b6f12c-60f8-41be-8dc7-ffbea46f7a4d,112.39454183861336,210.19288769999997,46.52790440795996,0.08168207982457366,,38.415118499242475,50.9142893537338,4588784.0,119452.55355884138,1376,2026-09-01 19:32:23.554702+00,,0.358,30
d134377c-4de0-4222-84d1-a833d6124691,632.930039601505,,,0.126586007920301,126.586007920301,83.4250101531767,146.78816939091777,4588784.0,55004.895912802785,5000,2026-09-01 13:16:01.125245+00,,0.2066,17
d1475f54-daaf-4235-abd0-05b36c6c6ccf,50.349612661,,,0.0100699225322,10.0699225322,19.300962962962966,21.361,4588784.0,237748.966660654,5000,2026-09-01 07:04:51.756109+00,,0.203,27
d14c4ff2-2365-4cb2-bea4-bc0e06f73c34,24.887002260000003,,,0.004977400452000001,4.977400452,14.636388888888892,18.845,4588784.0,313518.8628038943,5000,2026-08-29 06:34:04.828856+00,,0.213,18
d1b706fd-b460-4a48-86fe-5d642e4e630f,103.45526458875091,,,0.12662823083078448,,39.21013088030245,60.364438008305235,4588784.0,117030.57084936218,817,2026-08-27 17:15:00.411406+00,,0.358,27
d25780c3-271b-4746-a7cc-fdce697049a1,115.86222818636334,222.58474371,47.94691394603519,0.5793111409318167,,34.9013211820372,43.64688316239104,2623188992.0,75160163.08718097,200,2026-09-01 19:44:07.400041+00,,0.574,34
d26beca2-9a2c-4f47-9f58-ba7e2d0082ce,84.64526206191496,,,0.4232263103095748,,21.870902560091192,30.810816529174275,2623188992.0,119939677.14833358,200,2026-08-20 19:57:23.420656+00,,0.574,39
d299d140-24be-4dbb-8afa-824b3def5c23,268.494237,,,1.67808898125,,51.15094339622642,65.0,21764901888.0,425503430.4920693,160,2026-09-01 13:08:57.038321+00,,0.46875,53
d2aa7734-9909-427b-b95f-c3ac48369484,85.31824753308632,161.3548316,47.12383466483918,0.009273722557944165,,38.51397366014499,42.4672669582732,,,9200,2026-09-01 20:54:19.613284+00,,,23
d2aae973-52c6-43e0-a108-0835320c5745,112.5474391315685,,,0.08349216552786981,,21.980620715447856,28.243853611028285,4588784.0,208764.98709497447,1348,2026-08-20 18:59:28.781651+00,,0.358,51
d31a2364-2ff0-49dd-b1dc-c1251dd050ef,174.12357161449995,,,0.1319117966776515,,61.79134482758621,74.926,21764901888.0,352232209.03719914,1320,2026-09-01 07:58:44.323184+00,,0.508,29
d361a7e4-65a5-4712-85ef-1bcff4c1ac09,80.24846572051159,80.97256724,0.894255356066705,1.0031058215063948,,37.98597155568894,61.18198186069979,21764901888.0,572972099.8735491,80,2026-09-01 23:13:45.208756+00,success,0.55,22
d39755d7-8573-4511-841e-6fcabbaf7c33,41.911259655608056,,,0.013970419885202685,,20.681023713684763,29.65685710309006,4588784.0,221883.7937390678,3000,2026-08-20 19:08:59.010555+00,partial,0.358,21
d44ff4fd-88fe-4de7-b7d2-766f2f9d1632,10071.179246144997,33673.56538933004,70.09173477859225,5.035589623072498,10071.179246144997,41.47756262857966,63.27829388612273,21764901888.0,524739172.42676,2000,2026-09-01 21:47:33.830269+00,,0.795,2390
d46c78e1-43a4-4f99-8de9-b6065d3ed129,93.3421790036438,,,0.723582782973983,,21.890423681299566,29.614536728554842,2623188992.0,119832719.1008607,129,2026-08-20 20:12:32.55398+00,partial,0.574,43
d4b99606-6fc7-4328-83ae-849d70a6d1ed,21.803801439,,,0.008791855418951612,,12.549277777777782,15.339,4588784.0,365661.2022825571,2480,2026-08-29 06:32:11.6879+00,,0.358,18
d4bd122a-beb7-4b72-a584-6c3850c37dfb,92.37418929667211,,,0.030791396432224036,,37.70243699907299,56.70312729949935,4588784.0,121710.5408892488,3000,2026-08-27 17:25:12.675245+00,partial,0.358,25
d4e53f0b-295e-4261-9cf4-5ceb089bcbcc,2763.6108255000013,1355.5233352,103.87777574424757,1.3818054127500006,2763.6108255000013,199.1726618705036,216,21764901888.0,109276552.7336825,2000,2026-09-02 19:05:10.2148+00,,0.729,139
d4f26d28-5503-4e5b-be1f-0ae0f803e6e9,69.71901044350001,,,0.05156731541678995,,26.26048148148148,30.413,2623188992.0,99891123.23967996,1352,2026-09-01 07:19:27.547419+00,,0.574,27
d52f13f9-1ead-4d44-a9ed-63c00f21b70b,879.1547778627709,,,2.7473586808211587,,39.51440499226192,57.28403896026595,21764901888.0,550809303.3986518,320,2026-09-03 02:09:09.418102+00,success,0.49375,222
d663e69f-884a-48aa-ab96-9c05159093bd,47525.06766318116,,,9.505013532636232,23762.53383159058,84.06829184467298,149.8507289216836,2623188992.0,31203072.34083785,5000,2026-08-29 07:33:41.589157+00,,0.1892,1289
d66c25c8-5dce-4f2b-b9b7-d3e9ad894124,153.57993546600005,,,0.47993729833125015,,41.6143142857143,44.087,21764901888.0,523014790.98194903,320,2026-09-03 15:29:13.296758+00,,0.509375,35
d67084cf-79e1-458f-b66f-f006a264b886,416.89360050000005,876.7687799900001,52.451135348962254,2.638567091772152,,171.56,224,21764901888.0,126864664.77034274,158,2026-09-02 18:44:00.26156+00,,0.5384615384615384,25
d694a94e-dbb3-4fec-8aeb-a42891f63342,6.793671191000001,,,0.002264557063666667,,12.139999999999999,12.763,4588784.0,377988.7973640857,3000,2026-08-29 06:32:32.431981+00,,0.358,6
d6b932f0-1783-4517-a5b8-6b037a09de99,85.5740387115,,,0.042787019355749994,,27.421031249999984,30.007,2623188992.0,95663396.75864676,2000,2026-09-01 07:20:31.719581+00,,0.574,32
d6f60b9f-2238-48e5-a46d-a0c0a07df552,20043.874546070118,,,4.008774909214024,10021.937273035059,82.84613448130644,149.88660448078477,2623188992.0,31663384.277656328,5000,2026-09-01 13:32:38.462118+00,,0.1986,483
d76bb54f-f02e-4df8-bb5d-909a5ba5b296,984.3338310170001,,,0.19686676620340002,492.16691550850004,29.47450598802397,30.092,2623188992.0,88998573.65093242,5000,2026-08-29 06:36:46.575458+00,,0.1922,334
d8350394-9a11-4e47-a823-cbbd7aad56b2,407.82165184749994,,,0.08156433036949999,203.91082592374997,28.791598591549302,29.967,2623188992.0,91109529.17945789,5000,2026-08-29 06:38:07.764354+00,,0.2852,142
d89eb8ef-6f82-46a8-b4ed-19e2e640337f,106.5979892968415,,,0.07013025611634309,,34.22827023333335,35.29969,2623188992.0,76638082.32545143,1520,2026-09-03 21:00:35.785661+00,,0.574,30
d94fadfc-38b5-4985-a2c5-2b9cdaccb793,42.02645523724689,,,0.01400881841241563,,20.62635793211457,29.73569508848525,4588784.0,222471.8496160397,3000,2026-08-20 19:08:03.948485+00,,0.358,21
d97f7699-81e6-4afa-9c03-324a59c381cf,3056.4483024720053,,,1.5282241512360026,3056.4483024720053,29.890509784735833,30.056,21764901888.0,728154255.1380193,2000,2026-09-01 07:40:17.164002+00,,0.7685,1022
d9b8b8d8-4be0-4460-92e7-5ac5f243b781,3237.032577734302,,,0.6474065155468604,647.4065155468604,98.33614939304229,147.88839527495833,4588784.0,46664.26363370169,5000,2026-08-29 06:16:36.550171+00,,0.147,77
d9d4198d-45cc-4875-8c20-9c0670bac090,154.4744143022395,,,1.103388673587425,,39.77094852177949,59.540754456665425,2623188992.0,65957415.890231565,140,2026-08-27 18:01:42.265551+00,,0.574,39
da0e4d6c-9df7-4b1e-b200-deacc4335634,25215.732447575305,,,12.607866223787653,25215.732447575305,42.10599802364922,66.25971553401152,21764901888.0,516907398.22330165,2000,2026-09-03 01:43:41.874042+00,,0.8145,5936
da372aba-767f-4a7b-a6e6-7504c4d38a55,83.983391008863,0.0,,0.004711815025183068,,27.868450857142875,28.387678,4588784.0,164658.73986044916,17824,2026-08-20 11:15:40.916331+00,,0.358,28
da89520f-604e-46ff-8a1b-26b9103e3bbb,24.641121567,,,0.008213707189,,22.227363636363638,24.053,4588784.0,206447.5155520836,3000,2026-09-03 15:18:35.247968+00,,0.358,11
da8d76a0-ab9f-4821-ae07-774b1650149c,45.442466927,,,0.06529090075718391,,21.523999999999997,30.272,2623188992.0,121872746.32967852,696,2026-08-29 06:36:10.492159+00,,0.574,22
dada9f31-d1c8-4d55-aed2-2495d04b2b4b,5.912674478,,,0.0019708914926666664,,11.105666666666666,11.274,4588784.0,413193.0245820452,3000,2026-08-29 06:34:26.66434+00,,0.358,6
db510f99-c191-46fa-8fdd-59ff2e2a12eb,75.0968174046923,58.68831342000001,27.958724707703986,0.03754840870234615,,35.204534342160365,43.84301764328416,4588784.0,130346.39104726202,2000,2026-09-01 19:37:36.056907+00,partial,0.358,22
dbaa989d-687a-48df-9875-eaf1455ea759,84.39452326900835,,,0.028131507756336115,,39.76852897134435,56.49347476995346,4588784.0,115387.3205445064,3000,2026-09-02 20:11:22.441699+00,,0.358,22
dbb651b8-aa9a-48d5-9aa9-836e7a0a70bf,319.0264338753468,,,1.9939152117209176,,21.737515393773965,32.17210341117769,21764901888.0,1001259872.3326899,160,2026-09-02 15:48:39.69229+00,,0.46875,145
dc402ec2-7b80-4d5b-a5b4-427aa7710838,74.78550349999999,,,0.1364698968978102,,24.451612903225808,34.0,4588784.0,187667.94722955144,548,2026-09-01 12:57:27.210482+00,,0.358,31
dc5ebdb1-126a-4f11-992d-c962331c70a7,114.04824073788048,,,0.5702412036894023,,43.37897904451203,63.06615762612434,2623188992.0,60471432.2416001,200,2026-09-02 20:55:15.855087+00,,0.574,27
dca57490-7cce-47bc-924f-0ca994f7d1bd,130.07487949999998,,,0.5223890742971887,,37.25714285714286,49.0,2623188992.0,70407680.0,249,2026-09-01 13:00:45.197095+00,,0.574,35
dcc873fd-9efc-43f6-94b4-e88d3d42df7e,52.25828561049999,,,0.01741942853683333,,23.31272727272727,28.553,2623188992.0,112521755.23319297,3000,2026-08-29 06:41:59.120429+00,,0.574,22
dcce1206-863b-43e6-a86b-10a56627db55,2933.6113988334964,,,1.4668056994167482,2933.6113988334964,70.7510024096385,74.817,21764901888.0,307626763.5331049,2000,2026-09-01 07:47:26.240877+00,,0.734,415
dd49c470-5481-4c82-a439-0110e25ea21e,184.16887275051377,,,3.541709091356034,,44.68449522357008,60.98947707982281,21764901888.0,487079506.6410305,52,2026-09-03 00:28:08.427427+00,,0.5,42
dd748df6-451c-429f-9800-011bad98c87f,603.0659725419292,,,0.6030659725419292,,44.05715295588671,62.451892347586465,2623188992.0,59540592.525952175,1000,2026-09-02 20:45:07.78014+00,,0.574,136
dd8d704e-9752-4846-a0bc-52405c0455e9,471.5183323270743,,,0.09430366646541485,94.30366646541486,42.96851378324149,52.384177552991524,4588784.0,106794.10563624637,5000,2026-09-02 20:15:14.490266+00,,0.214,110
dda491ef-c7ce-4680-aede-8048064cba2e,11015.904952869347,,,5.5079524764346735,11015.904952869347,21.03341953600161,33.51005713929873,21764901888.0,1034777148.3731571,2000,2026-09-02 13:59:15.168701+00,,0.785,5172
ddd9748c-ddb0-4b4a-bfa7-776ede62e602,16391.06049697698,,,3.2782120993953963,8195.53024848849,83.5818631135088,149.75214793573403,2623188992.0,31384667.609497577,5000,2026-09-01 14:16:51.480093+00,,0.2744,386
de91f1e9-483a-4639-96c8-a18d0269e2a7,1083.6381484958977,,,1.6006471912790217,,74.45041557895262,147.18851557252316,2623188992.0,35234040.96002903,677,2026-09-01 13:53:38.399478+00,,0.574,31
de98ddce-1c2d-484d-b44b-8305f6d1acdb,512.4379375122544,,,0.5124379375122544,,40.556974898712454,58.95545188785987,2623188992.0,64679108.79820766,1000,2026-08-27 18:26:54.30496+00,,0.574,126
dead8cdb-ef28-4cfb-9574-c6fc0d6e649c,70.330117979,,,0.023443372659666666,,26.42003703703704,29.743,2623188992.0,99287862.02391282,3000,2026-09-01 07:25:08.926991+00,,0.574,27
df6d6504-45f9-49c8-97e7-ee612b8c039c,62.280823515927906,,,0.020760274505309304,,37.7643754006863,44.055144921144574,4588784.0,121510.92004865006,3000,2026-09-02 20:16:24.871349+00,,0.358,17
df82da5f-9ec3-47f0-8792-4a96350486da,9310.261674734695,,,1.862052334946939,4655.130837367347,44.04025620345249,66.05689051040176,2623188992.0,59563436.23165293,5000,2026-09-02 20:33:16.392063+00,,0.2516,2092
df8810dc-4789-491d-81ab-d72c5aa89aad,47.72273380249999,,,0.02022149737394067,,16.08183333333333,16.633,4588784.0,285339.6068027071,2360,2026-09-01 07:04:27.639228+00,,0.358,30
dffb0482-8dd5-417c-89f1-effee7dca20b,6.016870291,,,0.0020056234303333334,,14.690199999999999,14.971,4588784.0,312370.4238199616,3000,2026-08-29 06:32:42.642142+00,,0.358,5
e016d596-89dd-415d-a327-a2820820ff67,49.87914541717621,,,1.9184286698913928,,22.246636987985998,22.83673839044346,21764901888.0,978345711.2980199,26,2026-09-02 16:18:19.086223+00,success,0.5,23
e0a8e204-30c2-4de7-8e87-b77eeb523430,261.7660922645386,,,0.11361375532315043,,78.16603203288038,134.13850196902166,4588784.0,58705.60242932298,2304,2026-08-29 06:16:50.175199+00,,0.358,11
e10edb38-2fb2-419a-8a2d-23f7f04cde47,76.20432457378236,184.61116485,58.721714022172065,1.0886332081968908,,37.4462306285998,47.237967647887764,21764901888.0,581230781.3800868,70,2026-09-01 23:13:25.877347+00,success,0.5285714285714286,21
e14ad07c-75ba-4fe0-9a05-baebca0b73e0,38.01253378698555,,,0.4131797150759299,,19.771142383671855,29.910131600673445,4588784.0,232095.03583311813,92,2026-08-20 19:01:52.457199+00,,0.358,20
e17e452b-0e36-4959-898a-6f2c267028ba,12695.431708421082,,,6.3477158542105405,12695.431708421082,22.251786230789914,34.66471390510126,21764901888.0,978119314.2096516,2000,2026-09-02 12:43:42.481529+00,,0.7875,5638
e1892855-704b-443a-bc10-816d6133d235,471.73007291113134,1367.13082149,65.49488421327484,1.4741564778472855,,40.067097099392754,63.12865168034093,21764901888.0,543211349.5521955,320,2026-09-01 23:13:09.867787+00,,0.50625,118
e19f3a20-d5d1-475a-8ac9-a743011b79b9,7920.096289230009,,,1.5840192578460017,3960.0481446150043,40.50385717087529,62.94934387537394,2623188992.0,64763930.52971336,5000,2026-08-27 17:49:42.643828+00,,0.243,1941
e1c0df76-3ce5-4675-995a-306ed2906110,206.10921120449996,,,0.04122184224089999,103.05460560224998,28.51134246575343,29.994,2623188992.0,92005102.71134582,5000,2026-08-29 06:41:54.385701+00,,0.2742,73
e1c8776c-adc4-44b0-a4c4-a8d24b0a6632,26.2010419735,,,0.0052402083947,5.2402083947,23.855916666666662,27.245,4588784.0,192354.12598551725,5000,2026-09-01 07:02:48.723398+00,,0.2134,12
e1e43cec-6784-4ab5-b86d-8f8b44bbdd62,64.1035668948493,,,0.02136785563161643,,36.56609950448266,46.90612192024582,4588784.0,125492.84890059051,3000,2026-09-02 20:17:19.805023+00,partial,0.358,18
e1e8ef45-d3e4-43ca-9ba6-8628e47031ea,12118.569562778785,,,2.423713912555757,6059.284781389392,44.296263645187274,66.47112664828468,2623188992.0,59219193.13583022,5000,2026-09-02 20:50:31.113481+00,,0.1964,2711
e21a827a-c151-4b9e-b561-295e58b2f63d,149.92356900000001,310.81647024000006,51.764599577289125,0.149923569,,80.3,194,2623188992.0,32667359.8007472,1000,2026-09-02 18:38:03.097928+00,,0.574,20
e29c4426-95dd-4975-a9a8-1d1aaa167251,28.134343209759997,0.0,,0.006936475150335305,,10.241846153846154,10.264192,4588784.0,448042.6605780208,4056,2026-08-20 11:15:12.381789+00,,0.358,26
e2c5a292-db2b-4e29-8b2c-bfb05fd174e0,79.4784574255,,,0.36795582141435185,,26.345290322580656,30.052,21764901888.0,826140141.9951411,216,2026-09-01 07:36:41.581651+00,,0.4666666666666667,31
e2d8b819-6a9c-4123-8690-b92b7c3a0789,53.83410340299999,,,0.03413703449778059,,13.707299999999995,15.087,4588784.0,334769.3564742876,1577,2026-08-29 06:31:20.772705+00,,0.358,40
e2de1556-a5fe-4cb4-b1dc-502f85387fe6,18.534602025160996,0.0,,0.051485005625447215,,7.726463739130432,18.432772,2623188992.0,339507060.4829143,360,2026-08-20 13:35:01.435474+00,,0.574,23
e2df6be3-c98d-42fc-8d68-dd7b39881c3f,446.27597511013846,,,2.7892248444383654,,42.629531241406326,62.41799534898783,21764901888.0,510559259.13770354,160,2026-09-03 02:08:10.277742+00,success,0.46875,105
e31c2e1a-6d8b-4438-9e64-072a127810c7,279.5877813829655,551.9719074999999,49.347461784916014,0.2795877813829655,,38.57121458624712,63.08902654361926,2623188992.0,68008980.79406914,1000,2026-09-01 19:48:00.140047+00,,0.574,73
e34d8e99-3e66-476b-a7df-115eb8857660,46.33925178050001,,,0.023169625890250005,,23.798699999999997,28.133,2623188992.0,110224045.51509118,2000,2026-08-29 06:38:58.101982+00,,0.574,20
e35dc0ac-7c15-4793-8f80-10990ef92715,126.84932099999999,333.805815635,61.999068003445636,0.04228310699999999,,60.13636363636363,71,4588784.0,76306.30990173848,3000,2026-09-02 18:26:36.369729+00,,0.358,22
e3eb784f-4cca-4341-8865-0e0a70bddeba,72.63108093147902,0.0,,0.01796020794546959,,26.604714230769215,27.687065,4588784.0,172480.1086077039,4044,2026-08-20 11:15:04.500308+00,,0.358,26
e41af58d-f446-422b-83ed-64dbc3d64192,1606.495554412287,,,0.3212991108824574,321.2991108824574,70.97564788771965,144.46701320714575,4588784.0,64652.93571196778,5000,2026-09-01 13:18:51.424423+00,,0.1556,73
e44559f3-7625-4754-be78-fdd36c87b6fb,89.27310133706496,154.10573932,42.07022935616324,0.19075449003646358,,38.16553737741943,43.78263841446613,4588784.0,120233.70599034052,468,2026-09-01 19:36:59.5756+00,partial,0.358,24
e461100e-760f-47fd-9a99-40b431b93be4,15.298336406499999,,,0.0030596672812999996,3.0596672813,17.0963,19.218,4588784.0,268408.01810918155,5000,2026-08-29 06:32:40.29199+00,,0.2166,10
e4a0741d-7165-4a42-afeb-96999d148dd4,239.3014504812422,,,0.04786029009624844,47.86029009624844,21.842022220303242,31.295402052240902,4588784.0,210089.7047771748,5000,2026-08-20 19:07:55.535396+00,,0.2054,109
e4ab9cb9-eb3e-45a3-bc05-44ef4ce0f73c,372.0392163611593,1099.38148332,66.15922479996247,1.1626225511286228,,40.60999842774296,62.09544456048802,21764901888.0,535949340.81876695,320,2026-09-01 23:15:09.122761+00,success,0.50625,92
e514a89f-5a86-4000-811e-c2ef83f83e94,47.73355041000001,,,0.3700275225581396,,27.52976470588235,33.111,2623188992.0,95285558.0142135,129,2026-09-03 15:19:35.10574+00,,0.574,17
e523761f-fae3-4782-8165-9994f7ec342e,211.0698472200001,,,0.04221396944400002,42.21396944400002,17.39168032786886,18.21,4588784.0,263849.37587927136,5000,2026-08-29 06:33:43.876135+00,,0.148,122
e5457050-4ac1-41c8-b011-ab1e8c7fa90d,739.114801910135,,,0.147822960382027,147.82296038202702,102.44601386986572,149.25202128954638,4588784.0,44792.216179626106,5000,2026-08-29 06:17:16.693859+00,,0.208,17
e58a340a-c7e5-4885-ace6-95fdfb7c7849,43.44981592799999,,,0.07582864908900522,,22.715999999999998,30.031,21764901888.0,958130916.0063392,573,2026-08-29 07:03:32.690917+00,,0.508,20
e598eaf4-cb3a-4e14-a0f9-fda73d2bf7f8,2105.7070446260286,,,0.42114140892520574,421.1414089252057,40.52547649079471,59.779334549418394,4588784.0,113232.0800976229,5000,2026-08-27 17:20:39.430345+00,,0.1486,517
e59c8431-ed28-40e7-b049-546d062ce932,90.471074,186.9975738,51.619118814470944,0.030157024666666667,,55.05882352941177,61,4588784.0,83343.29914529914,3000,2026-09-02 18:21:46.826468+00,,0.358,17
e5dc34fb-dc37-41ed-b11d-f30170bae657,6769.742453208459,,,1.3539484906416916,3384.8712266042294,22.634790993457766,35.11662187053139,2623188992.0,115891902.54763968,5000,2026-08-20 19:26:45.368431+00,,0.1696,2958
e60e47da-7ecc-4d4e-a00b-84514d089abc,91.48595259019164,,,0.08168388624124254,,21.882444937940928,29.832166657193294,4588784.0,209701.61300594552,1120,2026-08-20 19:08:42.742481+00,partial,0.358,42
e630c282-110d-44d0-bf5d-eaf04ac4c50b,236.5059693876034,,,0.23650596938760338,,22.24379383661066,33.317963861329446,2623188992.0,117929028.26147132,1000,2026-08-20 20:13:39.720303+00,partial,0.574,105
e631ba0c-920d-4959-b272-e12e38ec6a10,92.97300984923714,,,0.4648650492461857,,39.52240504158954,47.3648854247067,2623188992.0,66372200.50853713,200,2026-08-27 17:46:14.751318+00,,0.574,24
e64e2ccc-4756-41c6-a1b8-735ea00ee3d1,63.96596716015276,,,0.02132198905338425,,37.16857602408815,42.070617290649075,4588784.0,123458.69793413952,3000,2026-08-27 17:24:24.163072+00,,0.358,18
e64f1782-0ed1-4009-86c0-e5f7d2d65d9b,33.00779069496866,,,0.011002596898322888,,80.92726461523264,133.04895724024226,4588784.0,56702.57139935841,3000,2026-09-01 13:17:06.991249+00,,0.358,5
e6836df6-8d33-43c7-8e95-7281b9932216,21.896727103000003,,,0.007298909034333335,,22.125700000000002,23.073,4588784.0,207396.10498198925,3000,2026-09-03 15:18:48.159528+00,,0.358,10
e689bde0-bf5f-4677-8c9d-8049cebebdfe,80.86153496799999,,,0.1300024677942122,,29.330230153846166,32.702464,2623188992.0,89436358.94572116,622,2026-08-27 18:50:50.495856+00,,0.574,26
e6bfe1bc-4d8d-48eb-b53a-f7c3305f1faf,28409.566174075862,,,14.204783087037931,28409.566174075862,44.20148302430757,66.00718710046866,21764901888.0,492402073.38814634,2000,2026-09-03 00:39:18.009517+00,,0.787,6360
e6e2348f-b630-4c78-b77a-9e1d55dbbcc4,446.9033436995981,,,0.08938066873991962,89.38066873991963,90.94776123950777,125.71591839019707,4588784.0,50455.16170448217,5000,2026-08-29 06:21:13.685672+00,,0.2068,9
e6ec77df-d5a9-4564-8b22-1ac95684b897,67.97462695497808,,,0.022658208984992694,,21.535305196672077,22.74110513662425,4588784.0,213081.9116837555,3000,2026-08-20 19:07:13.982988+00,,0.358,32
e6ef969d-b7ca-46ff-9d4f-115532581eb9,11160.04024966524,,,5.58002012483262,11160.04024966524,21.078043938149257,33.32440032501238,21764901888.0,1032586417.9743736,2000,2026-09-02 16:06:54.417108+00,,0.7815,5227
e70e0fbb-5f96-4120-b2ec-0dc92fbd7100,25294.528975971392,,,12.647264487985696,25294.528975971392,42.10440778934764,66.1515683929544,21764901888.0,516926921.21195185,2000,2026-09-03 02:04:17.323032+00,,0.785,5956
e7204b1a-4b13-4e4c-8212-e0df2b8433e2,338.96760378399995,,,0.3389676037839999,,37.390882352941176,49.017,2623188992.0,70155846.20975545,1000,2026-09-03 15:20:27.53884+00,,0.574,85
e733ebd7-9362-424b-afbc-de6920015453,550.9306610576214,,,0.5509306610576213,,44.13796075962646,63.548632168686126,2623188992.0,59431585.575187325,1000,2026-09-02 21:02:46.70116+00,,0.574,124
e7a3608b-65f8-45ec-8ec3-648e1bcec654,52.399508815563,0.0,,0.013112990194084835,,20.0361682,26.304214,4588784.0,229025.02884758177,3996,2026-08-20 11:14:56.836631+00,,0.358,25
e7c5a342-1e0e-417b-b5e6-53c7174b9eb0,77.2519684152143,,,0.4315752425430966,,33.6034417882301,43.780728078452825,4588784.0,136556.96428117855,179,2026-09-01 19:30:51.231606+00,,0.358,24
e81f1c3c-8515-46cf-a1be-9b4704230b6e,1308.284909049,,,0.6541424545244999,1308.284909049,70.50638709677418,75.033,21764901888.0,308694045.8050473,2000,2026-09-01 07:58:29.359074+00,,0.751,186
e8593562-9550-4de1-a928-cd17a311dbe7,9998.195202756759,34750.04918525496,71.22825596747884,4.999097601378379,9998.195202756759,41.631529781635955,62.90476087154348,21764901888.0,522798513.58238333,2000,2026-09-01 22:54:02.647842+00,,0.795,2375
e8aeb45e-d1d9-4146-96ab-ed3a15291b79,76.19221732637172,,,0.9524027165796465,,22.259869066807195,32.593835025285216,21764901888.0,977764146.8904566,80,2026-09-02 16:19:04.758635+00,success,0.45,35
e8c58c67-2884-4a51-9c60-53e2ae337925,28.392657757000002,,,0.009464219252333334,,22.264000000000003,25.208,4588784.0,206107.7973409989,3000,2026-09-03 15:18:39.547708+00,,0.358,13
e8d1115e-bb4d-49ec-a7ee-65ef4656d740,586.7592744999998,,,1.8336227328124994,,49.57627118644068,65.0,21764901888.0,439018533.80923074,320,2026-09-01 13:07:47.41793+00,,0.50625,118
e8e0c3d4-bd29-4ed7-a401-44ccc2e27498,18701.431174911784,,,3.740286234982357,9350.715587455892,80.6120485773909,149.55774641984218,2623188992.0,32540904.719492774,5000,2026-09-01 13:57:53.047277+00,,0.1986,481
e8f363d5-efdb-484c-940a-49a52b3a8644,3395.116275500001,3712.1099320499998,8.539446900887986,0.6790232551000002,1697.5581377500005,105.29503105590062,111,2623188992.0,24912751.966494616,5000,2026-09-02 18:35:16.46966+00,,0.2052,322
e8fc5886-9ef9-4e0a-9a96-19a31ab2422f,51.55773826344049,,,0.017185912754480163,,21.148079768884664,22.757586943277538,4588784.0,216983.48266831838,3000,2026-08-20 19:08:08.304448+00,,0.358,25
e909f0be-4387-4a6a-a58a-5ee4b2d73881,48.196930249,,,0.03777188890987461,,24.07961904761905,29.24,2623188992.0,108938143.36565994,1276,2026-09-01 07:23:36.632067+00,,0.574,21
e933edbc-35dc-40dd-b773-d1505be4cfd7,1530.934274417497,,,0.3061868548834994,306.1868548834994,21.879689025995976,32.49721839240741,4588784.0,209728.02650658862,5000,2026-08-20 19:05:53.192613+00,,0.1558,694
e968d072-c3d9-44d1-a719-062a0724d5f7,56.16457578699999,,,0.18414615012131144,,24.228041666666666,30.044,21764901888.0,898335168.291563,305,2026-08-29 06:49:14.480006+00,,0.5057034220532319,24
e9f7cc28-970d-4f5d-8f81-60bf2a67478b,134.425641,,,1.6803205125000003,,47.89655172413793,65.0,21764901888.0,454414798.237581,80,2026-09-01 13:08:44.326106+00,,0.45,29
ea0042df-0d76-4794-a981-f49581080613,8139.05409169094,,,1.627810818338188,4069.52704584547,40.437892848334585,60.98420824714457,2623188992.0,64869576.70713633,5000,2026-08-27 18:00:47.539806+00,,0.2884,1997
eab72f68-50b0-4709-a734-a6bb9fc47a9a,349.4177155000001,117.58478932,197.16234346355856,0.40255497177419364,,159.3913043478261,235,21764901888.0,136550120.95581013,868,2026-09-02 19:05:18.134944+00,,0.54,23
ead46a77-e89d-4bb1-b9bf-68a8bb2203a8,292.6849136198674,706.0964232,58.54887462912907,0.05853698272397349,58.53698272397348,42.19239952178278,68.49702461858539,4588784.0,108758.54542548442,5000,2026-09-01 19:32:46.540521+00,,0.204,70
eb029432-ec43-454b-8a5c-ecf73d861d4e,62.577656109,,,0.7822207013625,,30.568399999999997,34.099,21764901888.0,712006578.2965416,80,2026-09-03 15:28:06.869228+00,,0.45,20
eb8da8d4-16d9-4175-8f98-de58f2afbb14,572.4930045000001,,,1.7890406390625002,,48.33050847457627,67.0,21764901888.0,450334634.89110994,320,2026-09-01 13:07:24.698221+00,,0.49375,118
eb90c01e-7fd6-4bbe-8286-a4312d1831ac,638.2291536095004,,,0.12764583072190008,319.1145768047502,29.925766355140116,30.075,2623188992.0,87656535.20346473,5000,2026-09-01 07:21:28.095021+00,,0.2826,214
eb9182cb-0944-493f-9cb8-d04cfe7405a0,934.5149058821903,,,0.778762421568492,,79.34231919139079,146.73702690767232,2623188992.0,33061662.66292648,1200,2026-09-01 14:02:21.743388+00,,0.574,25
ebf586fa-ff5d-4c51-b3dd-d9383d385994,4075.8510949999986,3728.3630916000006,9.32012239319953,0.8151702189999998,2037.9255474999993,146.4568345323741,161,2623188992.0,17911004.29266855,5000,2026-09-02 18:31:04.918669+00,,0.1858,278
ebf9ba38-0403-4fe0-9b46-8a8f535d7771,237.61269333050004,,,0.41833220656778175,,69.42942857142856,75.046,21764901888.0,313482371.03245646,568,2026-09-01 07:44:50.167092+00,,0.6397058823529411,35
ec19c853-ded2-4d42-8981-c092747f691d,1556.4628964133599,,,0.03932050566929466,,94.1306134418851,149.97336349443972,,,39584,2026-09-01 14:38:30.156177+00,,,46
ec4ab736-4498-4600-97ec-8847278850d5,11797.768076692304,,,5.898884038346152,11797.768076692304,21.850989855956122,33.324032767746445,21764901888.0,996060225.7140925,2000,2026-09-02 15:47:26.311218+00,,0.7865,5328
ec6aca93-640e-412c-8ca6-cd8ea04882e2,6655.794075435646,,,1.3311588150871292,3327.897037717823,22.435695224590297,33.556861426622255,2623188992.0,116920334.57135281,5000,2026-08-20 19:52:00.985365+00,,0.1696,2929
ec8aeec1-fcbf-4f77-9759-897a13e328a3,534.4113460274356,,,0.10688226920548712,106.88226920548712,39.839140300607475,59.74847596137533,4588784.0,115182.80679189328,5000,2026-08-27 17:18:20.925435+00,,0.2078,134
ec9859b1-5e49-4ae1-8354-d36244172797,582.080415160667,,,0.582080415160667,,44.15720638784242,65.43628567110096,2623188992.0,59405682.70918129,1000,2026-09-02 20:37:20.836861+00,,0.574,131
ece7a2d9-a6c1-4d5a-aca0-6ef4bd3de21c,1328.829923368,,,0.6644149616839999,1328.829923368,29.823775784753312,30.252,21764901888.0,729783580.8947699,2000,2026-08-29 06:58:23.418692+00,,0.76,446
ecfe27c2-9262-4acc-b8cd-fc0f6c540f2a,86.02341923845415,,,0.00995641426370997,,21.91370886527819,27.847066603132024,,,8640,2026-08-29 08:23:53.816705+00,,,40
ed166317-b6bf-4d92-86fc-2d0d3af88f5a,64.68130870849998,,,0.04606930819693731,,21.250419354838694,28.188,2623188992.0,123441751.81666254,1404,2026-08-29 06:37:34.216884+00,,0.574,31
ed721fb6-ad22-4d4c-88cd-2881a328b955,6.2189934,,,0.0020729978,,12.286999999999999,13.111,4588784.0,373466.59070562385,3000,2026-08-29 06:32:27.921983+00,,0.358,6
edba2560-7757-4147-92ed-580ad6eb5246,468.32138963884586,,,0.46832138963884584,,40.63280344883718,58.63282113834689,2623188992.0,64558405.26246214,1000,2026-08-27 18:01:22.819948+00,,0.574,115
edfe3dad-72c4-4821-99b1-e634f2a5e984,65.06974258300001,,,0.04929525953257576,,25.91007692307691,29.989,21764901888.0,840016876.546399,1320,2026-08-29 07:09:09.017421+00,,0.492,26
ee16798d-c444-4b45-a056-bd4b069b5ad4,23285.578762499095,69935.79829064998,66.70434980133452,11.642789381249548,23285.578762499095,41.5006051143897,62.743028896496504,21764901888.0,524447820.170539,2000,2026-09-01 21:23:53.001689+00,,0.5515,5537
ee17ce7e-4fe8-4432-929d-a12dde6f6f90,1059.2273479999997,1813.4849520799999,41.591610849315,0.21184546959999992,529.6136739999998,136.92307692307693,170,2623188992.0,19158121.85168539,5000,2026-09-02 18:36:59.977762+00,,0.2684,78
ee410f78-9409-4af2-a6cc-c8a20d100f31,16471.844832701143,,,3.2943689665402287,8235.922416350571,82.6183994897772,149.61987913117883,2623188992.0,31750663.38975231,5000,2026-09-01 13:44:19.377823+00,,0.281,385
eedfe2d7-e27a-4774-9a7c-8826a51ec46e,98.37389246996175,,,0.37262838056803693,,44.00807808878697,66.05203046040577,2623188992.0,59606988.214929,264,2026-09-02 20:20:08.650464+00,,0.574,23
ef42d885-f993-4bb7-b3d7-b241d64ddb1a,4246.4259912362195,,,0.8492851982472439,2123.2129956181097,22.36011464352621,33.56743984236159,2623188992.0,117315543.04706913,5000,2026-08-20 20:00:48.957304+00,,0.2364,1874
ef5a2088-e2dd-43b7-a44a-cc38aa155cb8,107.0135959318915,,,0.5350679796594575,,39.41014315356216,62.574841094714856,2623188992.0,66561265.25038765,200,2026-08-27 18:11:12.198248+00,,0.574,28
ef9b5f40-35b6-44e2-ba73-c4f0cf1c38ae,19823.74306089232,,,3.964748612178464,9911.87153044616,83.05098555018863,149.93519129686047,2623188992.0,31585284.324106883,5000,2026-09-01 14:02:05.597891+00,,0.182,450
f0256245-c64c-478b-934c-ee7e6742ed2d,61.727081094000006,,,1.1870592518076923,,28.52195238095238,31.096,21764901888.0,763092988.7722238,52,2026-09-03 15:27:01.908996+00,,0.5,21
f171018c-57f7-4a34-ad1b-deafcbc3ae51,340.72081908704115,,,0.06814416381740823,68.14416381740823,39.27361690419224,58.991218170686466,4588784.0,116841.3902695622,5000,2026-08-27 17:18:56.982205+00,,0.2218,87
f189b21c-3c35-4e2d-a4dd-3d53679e0ecf,31.7078694527665,,,0.005242703282534143,,11.100082740740742,11.803077,4588784.0,413400.8824238527,6048,2026-09-03 16:44:45.405521+00,,0.358,27
f1a86d1a-0b64-48e9-8d8a-9e50b31722af,41064.548432183175,,,20.532274216091587,41064.548432183175,43.90015528630277,66.45564335923736,21764901888.0,495781888.37958026,2000,2026-09-02 21:50:44.100253+00,,0.672,9253
f1d33e83-0604-4ed0-8550-6421c8652240,13.443495085,,,0.002688699017,2.6886990170000002,16.95911111111111,19.94,4588784.0,270579.27564337756,5000,2026-08-29 06:32:37.6932+00,,0.2094,9
f1dbf380-5f60-4ea3-9d95-a34c77dedae2,15062.04423436039,,,3.012408846872078,7531.022117180195,83.48908747418949,149.5158697332678,2623188992.0,31419543.216482688,5000,2026-09-01 14:05:53.611942+00,,0.2458,364
f1ecb9d6-ee1e-486b-9193-d96c3f8146f8,227.3795853265931,682.4288715,66.68083739968303,1.4211224082912068,,40.42479696989318,45.10325852238579,21764901888.0,538404729.7555918,160,2026-09-01 21:52:23.463842+00,,0.46875,57
f1f7e8f9-6a92-4663-94ef-e07ea1740fac,9982.894638122969,32540.434692490006,69.32156951048071,4.991447319061485,9982.894638122969,41.607484832895125,63.42737493229232,21764901888.0,523100638.63299274,2000,2026-09-01 21:51:41.908688+00,,0.7865,2372
f22f4b36-568a-4296-add7-b13aa185e460,112.54250348041899,,,0.08275184079442573,,39.75318544514376,42.01217477794864,4588784.0,115431.85655731056,1360,2026-08-27 17:22:36.361667+00,,0.358,29
f25a63f4-fa7a-4076-ae5f-0e9ef76f7fa0,1190.6241432880013,,,0.23812482865760026,595.3120716440006,29.63549253731345,29.975,2623188992.0,88515113.71701333,5000,2026-09-01 07:22:49.062648+00,,0.2014,402
f284b336-97d5-4b01-b98d-cb07be5f6e9a,475.389033913376,1823.4716601600003,73.92945312505361,1.4855907309793,,40.01068926218987,64.922571412149,21764901888.0,543977179.3326201,320,2026-09-01 22:06:42.87469+00,,0.50625,119
f2f3e8e7-e695-4b02-bda5-94b4615ea2a2,63.755692446432704,,,0.021251897482144233,,36.18884216877974,41.141550164425404,4588784.0,126801.07251286315,3000,2026-08-27 17:25:20.240269+00,partial,0.358,18
f34d3d5b-def2-4ba6-89ea-1fa8423f35fc,52.70241030548137,,,0.017567470101827125,,103.01752558703383,146.09360884904137,4588784.0,44543.72179734786,3000,2026-09-01 13:17:03.628016+00,,0.358,5
f35970d9-893a-446c-9809-6394e8e30363,179.6799591992054,,,0.010746409043014677,,43.51627992638973,45.11378745011572,,,16720,2026-09-02 21:17:28.810421+00,,,42
f35a483d-eeb6-45fb-bbfe-0f81cb26d212,358.73592593949985,,,0.07174718518789996,179.36796296974993,29.57922950819676,29.954,2623188992.0,88683479.44198759,5000,2026-09-01 07:24:58.266103+00,,0.2828,122
f369a7c2-2663-49bf-b468-0644717eb7b3,939.7946474515251,,,0.9397946474515251,,85.9261928275351,149.14002166755648,2623188992.0,30528397.752534863,1000,2026-09-01 13:44:50.06141+00,,0.574,22
f3c430b0-2699-4a92-991d-bd63d5758020,58.59594819805691,,,1.8311233811892784,,21.91629809413211,33.41930765286209,21764901888.0,993092072.1427565,32,2026-09-02 16:18:27.241686+00,success,0.5,27
f425799e-d131-4ba6-84e4-be237405294e,523.1725380000001,,,0.5231725380000002,,41.32539682539682,56.0,2623188992.0,63476438.06260803,1000,2026-09-01 13:00:17.781736+00,,0.574,126
f4610eec-bef1-4612-badb-216843c8772e,411.15209866400005,,,0.08223041973280001,205.57604933200003,29.512114285714272,30.157,2623188992.0,88885159.72133482,5000,2026-08-29 06:38:53.546869+00,,0.2964,140
f481ad2c-1cb1-473c-aa3c-0d609f90da35,943.5945054118278,,,0.9435945054118278,,81.19700536333242,140.50431189636578,2623188992.0,32306474.60780124,1000,2026-09-01 13:52:49.875144+00,,0.574,29
f4a19409-a9a1-4917-80c4-6da3e4e28d5b,64.2234634987938,,,0.021407821166264603,,83.24255627032515,125.8171352794735,4588784.0,55125.457525573845,3000,2026-08-29 06:23:37.853292+00,partial,0.358,2
f4dc2090-0de0-4032-bc7e-d2d8e25df5fd,4402.760124040786,14185.038651259994,68.96194481888347,0.8805520248081572,2201.380062020393,41.42340498179652,63.39408895229001,2623188992.0,63326252.227521084,5000,2026-09-01 19:46:06.198472+00,,0.2458,1052
f4ed885a-ac49-458f-964b-44722592a719,49677.66858421647,,,9.935533716843295,24838.834292108237,84.03057051218741,149.70144405001167,2623188992.0,31217079.403495714,5000,2026-08-29 07:24:02.544044+00,,0.1876,1380
f4f4c302-ea2b-420e-a725-ff9a99a59af2,24857.435366584345,,,12.428717683292172,24857.435366584345,44.05399537596674,66.66492425042554,21764901888.0,494050578.2109753,2000,2026-09-02 22:16:38.307682+00,,0.787,5592
f50004d5-049c-4ad8-8c04-63168e4dd897,98.53826421741722,,,0.5762471591661826,,32.87852346072564,45.26578327166778,4588784.0,139567.8247376722,171,2026-09-01 19:33:50.221006+00,,0.358,31
f50754a0-7b5b-4165-9ce3-b604b46d5f88,12185.586922750297,,,6.092793461375148,12185.586922750297,21.867938494387538,33.27635730299126,21764901888.0,995288234.1234871,2000,2026-09-02 15:28:53.133439+00,,0.8115,5499
f58026b5-b1ea-4950-8454-773fe5dab76c,6560.789524991142,,,1.3121579049982284,3280.394762495571,22.42423381621312,33.42066195579898,2623188992.0,116980094.54857662,5000,2026-08-20 19:31:41.814272+00,,0.1762,2894
f5f2fe7c-88f8-4212-8975-6f925680c5c8,611.6906778367793,,,0.6116906778367793,,43.969274319229406,66.47237183490184,2623188992.0,59659592.58174023,1000,2026-09-02 21:10:48.891703+00,,0.574,138
f644c9b6-6a77-4dca-872b-e3c258a38d33,5757.854600506345,17136.69388494501,66.400435001265,1.1515709201012692,2878.9273002531727,42.354542329991766,63.204385017237755,2623188992.0,61934065.33736732,5000,2026-09-01 19:57:34.984979+00,,0.182,1350
f6e08930-1aba-4f20-8ac3-81bfdf335dba,53.915849201133405,,,0.017971949733711134,,21.1384379975458,22.840562285413007,4588784.0,217082.45427276904,3000,2026-08-20 19:01:25.673506+00,,0.358,26
f707c514-f2e2-4db3-8fce-ff11ba543297,18100.50183100002,27227.595796395,33.521483254145515,9.05025091550001,18100.50183100002,211.42505854800936,228,21764901888.0,102943813.93328422,2000,2026-09-02 18:56:48.774626+00,,0.777,854
f714cd2c-e6eb-4335-b20a-c605e4b6d95f,61.806936480475386,,,0.02060231216015846,,37.82336393755503,45.093925516704026,4588784.0,121321.41412847128,3000,2026-09-02 20:12:07.326653+00,,0.358,17
f746a141-46f1-4b72-b993-406eabfa7aa3,2149.9496786067016,,,0.4299899357213403,429.9899357213403,40.537467461436,59.50247494906967,4588784.0,113198.58608250231,5000,2026-08-27 17:21:35.081903+00,,0.1498,528
f77aa0f4-a3b8-4f9e-8fd0-d2fb7f6aa8f0,68.25902286383432,,,0.022753007621278108,,39.535378267978246,44.22384826988458,4588784.0,116067.79044572072,3000,2026-09-02 20:12:04.024217+00,,0.358,18
f79bc791-94fe-41ec-9872-29cdb0d9cb53,512.6386537921131,,,0.10252773075842263,102.52773075842262,40.041171854574735,58.5760525433026,4588784.0,114601.64094762197,5000,2026-08-27 17:23:01.537962+00,,0.196,128
f7cfacd5-099e-4c4d-bbcd-64b57d0a27fc,11612.686668978564,39064.44225214999,70.27300020304415,5.806343334489282,11612.686668978564,41.159056906142816,66.51615722656516,21764901888.0,528799820.113266,2000,2026-09-01 22:40:26.418955+00,,0.786,2779
f7d3ed33-70fa-49c9-affc-dd97cd574c7b,244.1898812995,,,0.0488379762599,122.09494064975,28.59550000000001,29.945,2623188992.0,91734328.54819812,5000,2026-08-29 06:41:13.669088+00,,0.26,86
f7e9789e-e128-405a-901b-cf916816fb15,18825.21730973456,58949.13682980001,68.06532152610245,9.41260865486728,18825.21730973456,42.183704300434485,64.63883868855649,21764901888.0,515955207.08634937,2000,2026-09-01 22:14:15.316499+00,,0.505,4378
f838f0c6-ee06-463b-b4ce-f3d0c1054606,184.062889,148.8177568,23.68341853678579,1.1875025096774194,,79.54166666666667,99,2623188992.0,32978803.461498164,155,2026-09-02 18:30:22.886598+00,,0.574,24
f8444c73-34e1-42d2-9a38-26d253288c43,135.16666809633276,214.52822880000002,36.99352814666377,0.6758333404816638,,34.275301397830006,43.62348279719779,2623188992.0,76532922.68834946,200,2026-09-01 20:06:12.303207+00,partial,0.574,40
f86148a8-3369-4f4e-9fec-942bb115f241,126.40612300000004,343.5483822000001,63.205728930951146,0.04213537433333334,,51.48,61,4588784.0,89137.21833721834,3000,2026-09-02 18:25:50.947806+00,,0.358,25
f878f3a5-c36c-4b51-bd5a-18e0852458c2,245.65591298734952,743.8628300899999,66.97564348555665,0.2456559129873495,,40.762278510245935,60.1689769019599,2623188992.0,64353345.49173054,1000,2026-09-01 20:06:51.039825+00,partial,0.574,60
f8f34621-7384-4166-ad0d-c055d56ae9b9,2061.377842089248,,,0.4122755684178496,412.2755684178496,40.6994992335728,61.513985621693124,4588784.0,112747.92285932443,5000,2026-08-27 17:17:38.336967+00,,0.1516,504
f95158f2-7cfc-4eb3-9d19-70f0eaf55689,170.901547982,,,0.034180309596400005,34.1803095964,17.199099999999998,18.236,4588784.0,266803.7281020519,5000,2026-08-29 06:31:52.739128+00,,0.1482,100
f96909bc-8c51-4776-a584-b2cc6b59c4b5,66.23982123549999,,,0.057300883421712794,,25.2887037037037,30.07,21764901888.0,860657080.054775,1156,2026-08-29 07:05:33.517939+00,,0.576,27
f96b00df-5142-4c48-9bc0-f47bfbd5bce8,4209.235821293591,,,0.8418471642587181,2104.6179106467953,22.405160564316002,33.62036248437662,2623188992.0,117079678.33883195,5000,2026-08-20 19:38:29.754234+00,,0.2792,1861
f9a7c237-841e-4af6-a601-d5b4072baf63,906.2372549207873,,,0.9062372549207873,,85.19071441679593,148.687477512785,2623188992.0,30791959.07626783,1000,2026-09-01 14:09:28.05003+00,,0.574,22
f9afa69e-2058-4f44-8f75-a295c3c8a0be,243.54636568008544,178.78321566,36.224401592176534,3.044329571001068,,34.19784066867254,54.73396428098133,21764901888.0,636440823.8189751,80,2026-09-01 21:39:10.609643+00,,0.45,72
f9e36d3c-eb31-40eb-a2f1-c569993b0f74,1612.9794540419991,,,0.8064897270209995,1612.9794540419991,29.609348623853148,30.24,21764901888.0,735068581.3623843,2000,2026-08-29 06:50:30.848994+00,,0.7895,545
fa11ba55-58da-4d2e-8baf-86bd18d9d929,207.34903824949996,,,0.04146980764989999,41.46980764989999,17.375441666666646,18.24,4588784.0,264095.96302827826,5000,2026-08-29 06:33:29.620003+00,,0.1498,120
fa290fee-12dc-4d51-b9a3-505049396f6a,310.88489013150036,,,0.062176978026300074,62.17697802630007,19.269061728395023,19.674,4588784.0,238142.57615034448,5000,2026-09-01 07:01:49.289423+00,,0.1492,162
fab5a2bb-61eb-4f12-8999-a0ea86b0e8cf,122.35212665700521,,,0.1479469487992808,,43.03136407101836,61.76323044874397,4588784.0,106638.12544791133,827,2026-09-02 20:16:37.687872+00,partial,0.358,29
fb1b1e52-82bd-40b6-85df-a9f334d73b65,1288.588301962476,,,4.026838443632737,,42.37182543941308,64.21306463136587,21764901888.0,513664484.88563114,320,2026-09-03 02:05:03.875713+00,,0.50625,302
fb5cb6c8-40b1-4d25-8277-2b53866ecf12,134.53978566530034,,,0.20323230463036304,,42.83749107016008,67.39968088309952,4588784.0,107120.74599524049,662,2026-09-02 20:12:23.579257+00,,0.358,32
fb5ea7f8-cabb-4bf4-a527-ad451dc3865e,1176.791674197345,,,1.7433950728849554,,78.47823457626261,147.6607003039139,2623188992.0,33425688.10529077,675,2026-09-01 13:53:20.803918+00,,0.574,28
fb8b7382-f459-4dac-8c53-e1195a9e8b11,71.19579700000001,242.20734258,70.60543407081708,0.3766973386243387,,33.18181818181818,40,4588784.0,138292.1205479452,189,2026-09-02 18:22:53.17268+00,,0.358,22
fbc38fb7-eef6-44e2-b4ba-739b89f15b51,6.604109304,,,0.002201369768,,12.071333333333335,12.117,4588784.0,380138.9517866018,3000,2026-08-29 06:34:11.814831+00,,0.358,6
fc09693a-a89b-45da-9970-22637c53894d,39959.535022136064,,,7.991907004427213,19979.767511068032,85.75631224392922,149.96489384485798,2623188992.0,30588873.55765113,5000,2026-08-29 07:50:17.846832+00,,0.2754,1053
fc32697c-d1ca-4c8d-81b4-417837188676,561.9969920000001,3018.35233876,81.38066968580347,0.11239939840000002,112.39939840000002,28.06,77,4588784.0,163534.71133285816,5000,2026-09-02 18:25:29.422711+00,,0.205,200
fc4c0ccb-001f-4c57-b2e8-c42ede7f7a19,239.72296783784986,,,0.23972296783784985,,22.36504355697941,32.491883462192654,2623188992.0,117289688.4961079,1000,2026-08-20 19:46:31.787058+00,,0.574,107
fc6a5a8b-14d8-4da6-ab8b-3ef8e7e92863,2375.5123379035213,,,0.47510246758070424,475.10246758070423,45.48492849575161,74.56191620009568,4588784.0,100885.8132079641,5000,2026-09-02 20:08:46.910824+00,,0.1552,520
fc823d0d-83dc-4c50-9d94-a54c40674795,9.074199728,,,0.0030247332426666666,,14.957714285714287,15.256,4588784.0,306783.771393643,3000,2026-09-01 07:02:42.275197+00,,0.358,7
fd174704-62e9-45c9-8668-4632f184557b,1059.649963430408,1730.0901747799994,38.751749540155934,0.2119299926860816,211.9299926860816,42.383496822471415,63.30745487530668,4588784.0,108268.17851346,5000,2026-09-01 19:31:18.528831+00,,0.1488,250
fd32f4b7-5492-421f-9427-0b0f05d3c957,6.761208215,,,0.0022537360716666666,,11.826666666666666,12.458,4588784.0,388003.15670800454,3000,2026-08-29 06:34:09.51231+00,,0.358,6
fdb99002-e880-497e-ad05-87626d703a23,3512.3781590000003,5910.398689425,40.5729064388767,0.7024756318,1756.1890795000002,102.50292397660819,114,2623188992.0,25591357.69237791,5000,2026-09-02 18:35:56.738169+00,,0.2138,342
fdbc93cb-d79b-411d-939b-8aec970aa73c,34.4363664805,,,0.07551834754495614,,15.502826086956524,16.12,4588784.0,295996.61211840756,456,2026-09-01 07:03:16.297057+00,,0.358,23
fdf0ade4-aea9-4c2e-98d5-1bc64b5fb6d4,240.7418957644682,,,0.04814837915289364,48.14837915289364,21.83019943425185,32.42057141186628,4588784.0,210203.48503093113,5000,2026-08-20 19:01:08.52098+00,,0.2124,110
fdf60173-278d-4a24-bd77-975f853b9f23,106.8971475,362.42393219999997,70.50494241616198,0.035632382500000004,,55.8,67,4588784.0,82236.2724014337,3000,2026-09-02 18:22:26.769809+00,,0.358,20
fe26e668-fffb-462c-b3dc-75f7f15d1bdc,7.92120579,,,0.00264040193,,11.693428571428573,12.754,4588784.0,392424.1698634153,3000,2026-08-29 06:34:07.231053+00,,0.358,7
fe68042e-40d4-42aa-a111-ddcb75578e23,514.721366481635,,,0.5147213664816349,,40.722696971216784,61.690728431431374,2623188992.0,64415895.48585391,1000,2026-08-27 18:18:49.971214+00,,0.574,126
fe922803-542f-40dc-bd1e-18ce099fe246,349.0719611399811,,,0.16349974760654853,,70.99483229202339,142.5108813869712,4588784.0,64635.465031101594,2135,2026-09-01 13:21:23.868338+00,partial,0.358,15
ff034346-ef70-47c3-99f4-b41e3dd891dd,69.68925371299999,,,0.6393509514954127,,21.175151515151512,24.565,21764901888.0,1027851057.9925014,109,2026-08-29 06:49:30.433598+00,,0.4473684210526316,33
ff432739-82c9-4281-9081-ec98eee3a8ef,99.03255358409855,,,1.8339361774833065,,22.845513570285146,24.61160498973375,21764901888.0,952699173.1238346,54,2026-09-02 12:33:51.11291+00,,0.5,44
ff4ea7b6-e311-4621-8220-7207796e2463,125.8133968376858,,,0.20524208293260326,,40.09811022666229,42.49805250006671,4588784.0,114438.90931669883,613,2026-08-27 17:24:39.527832+00,partial,0.358,32
ff83891c-77ce-4085-990c-cc3f35b4c161,11864.39572909121,,,5.932197864545604,11864.39572909121,21.76821158587455,32.962230808083774,21764901888.0,999847957.2903132,2000,2026-09-02 13:31:01.47455+00,,0.7865,5377
ffc5ddfb-5233-4aa7-9318-b7d1613bf11a,216.4690896705139,604.79891745,64.20808909790917,1.352931810440712,,41.375990365536865,52.56807020204111,21764901888.0,526027333.6231379,160,2026-09-01 22:58:30.430284+00,,0.475,53