repetition_group_id,task,model_name,device_id,precision,batch_size,phase,n_repetitions,mean_duration_s,std_duration_s,mean_energy_joules,std_energy_joules,coefficient_of_variation_energy,computed_at
007de07f-c984-40d4-be17-20a1e9dd9d72,image_classification,mobilenet_v3,19955f09-7592-46b4-bfa1-18ef8891baca,fp16,1,inference,3,2.9727763466666297,0.6164456426555897,114.74216956420739,25.810049225263732,0.2249395259239974,2026-08-27 17:19:45.1304+00
0099a481-c2f4-45b6-a550-73cb44290020,nlp_sentiment,distilbert-base-uncased,9ab0fac5-67d0-4f80-af87-46d3fe2d8858,fp32,4,inference,3,2.380119570666769,0.005732709049141864,157.12326452267055,74.88238256519348,0.476583673287854,2026-09-01 21:39:10.693414+00
00be7cbe-f9e5-404a-9903-262c52d1a60a,image_classification,mobilenet_v3,4d0946c6-2bf7-4cab-8faf-5c88baed252c,fp16,32,train,3,8.937017474000035,9.613901412637604,361.83185266666675,173.36822096997366,0.479140295947596,2026-09-02 18:25:41.576805+00
00f02962-580d-43c3-a765-5f060d0f9c1b,nlp_sentiment,distilbert-base-uncased,d504bfe6-a358-43f6-8c01-6c324781ad02,int8,8,inference,3,7.653289946665609,0.25451908838555076,168.51822290001058,5.958215486100946,0.03535650556697493,2026-09-02 16:19:46.73026+00
02cd5794-6ff4-4343-b57d-4b370d476547,nlp_sentiment,distilbert-base-uncased,6963c491-4ef8-46a0-92f5-98b9b2b886e9,fp32,8,inference,3,3.652080145999207,0.11651797469587098,98.74311337099999,2.2683600910472896,0.022972337144409785,2026-08-29 06:55:53.591425+00
03e102a9-f9e5-4bf8-b5ea-c09fbc93c5e3,image_classification,mobilenet_v3,14549898-2f59-4ce4-bdfb-39fa59e58258,fp16,1,inference,3,3.3827908809999676,0.19969893580185505,142.32772115389108,8.228141288916905,0.05781123467873326,2026-09-02 20:12:23.659435+00
04cbcaaf-a9f4-45d3-9152-8330fcb393f1,image_classification,resnet50,9ab0fac5-67d0-4f80-af87-46d3fe2d8858,int8,64,inference,2,5.270815018000576,0.030789337027125913,242.41456086728812,4.583964128617606,0.018909607212609376,2026-09-01 20:06:51.122257+00
04d6d59b-40f6-4fb3-aa81-6c5581fd72ac,image_classification,mobilenet_v3,9ab0fac5-67d0-4f80-af87-46d3fe2d8858,fp32,32,train,3,6.4898102056667994,0.06445487949058097,309.7096375104497,15.260428713813791,0.04927334143193687,2026-09-01 19:32:56.458417+00
04d9d78a-1a8c-433b-b927-8e4298349235,image_classification,resnet50,9d25e756-1d19-4ac5-b235-29fc900e0f15,fp32,64,inference,2,12.343305032499984,0.011437250660283638,838.3714029386035,148.80793859260766,0.17749643901380224,2026-09-01 13:52:50.049112+00
07152d50-19c0-4fc2-94dc-1ffabd6fc5da,image_classification,resnet50,14549898-2f59-4ce4-bdfb-39fa59e58258,int8,4,inference,2,2.7489210855001147,0.019320103926758977,112.85161169228385,1.4668210603280358,0.012997785661472557,2026-09-02 21:11:45.184089+00
094917d7-4650-4b65-a7a3-19712833ed1c,image_classification,mobilenet_v3,19955f09-7592-46b4-bfa1-18ef8891baca,fp16,64,train,3,9.192045329333268,0.6609825430872247,360.84047377091963,26.43076843021972,0.07324779328108119,2026-08-27 17:24:17.175994+00
09a370c9-348a-472d-997a-6b205b8f1e29,image_classification,mobilenet_v3,9d25e756-1d19-4ac5-b235-29fc900e0f15,fp32,4,inference,3,4.634206274666819,0.038125160995501214,195.47651401296656,36.14994870117675,0.18493244001056214,2026-09-01 13:15:51.082156+00
0a14115a-1de3-462f-9336-aeed20be3f56,image_classification,resnet50,19955f09-7592-46b4-bfa1-18ef8891baca,fp32,1,inference,2,4.768306088999907,0.5565409659057415,125.57591783642971,64.90550022346892,0.5168626384878372,2026-08-27 17:37:13.46034+00
0a9088f6-12e7-4330-ab88-dc2fcc526b34,image_classification,mobilenet_v3,d504bfe6-a358-43f6-8c01-6c324781ad02,fp16,32,train,3,14.868569700667043,0.9036615911323084,324.34682395857874,20.570205066903522,0.06342039923760892,2026-08-20 19:07:00.449951+00
0ae1a04b-334d-43da-a105-c63f40c0505f,image_classification,resnet50,9d25e756-1d19-4ac5-b235-29fc900e0f15,fp32,4,inference,2,11.407184926500122,0.8171226593675522,628.2032930145425,128.42143026960946,0.2044265474212288,2026-09-01 13:37:25.028902+00
0baebfce-f477-44e5-9de8-57fdecf652ac,image_classification,resnet50,9ab0fac5-67d0-4f80-af87-46d3fe2d8858,fp16,32,train,2,93.10702097249987,2.8650963212382408,3945.7726776066893,139.12222594983527,0.03525855068625493,2026-09-01 20:01:03.314466+00
0bed0a03-3b8b-42c1-98ea-4d62b86bc8a3,image_classification,mobilenet_v3,9d25e756-1d19-4ac5-b235-29fc900e0f15,int8,32,inference,3,1.7269289586665764,0.01127293819745309,45.57101353637603,0.0,0.0,2026-09-01 13:22:03.231952+00
0cad8b00-b2d8-4bc1-ad30-e9151fbc5211,image_classification,resnet50,0c05d5e8-a4e7-451a-a98b-b0a713fff833,fp32,1,inference,2,2.6268986904999565,0.523980147493741,85.25830231138174,18.730428700736248,0.2196903784493465,2026-09-03 21:00:27.048102+00
0cdbc09f-9aae-413e-8311-d015f1a8e05b,image_classification,resnet50,b09133c7-cd71-4325-93b2-ce2fb0b9d2c7,fp32,4,train,2,586.2367066119987,18.982293172856206,48601.36812369882,1522.118708452479,0.03131843335311932,2026-08-29 07:33:41.675328+00
0cdf6ca2-d96b-4fd8-856d-81f82bd05ea0,image_classification,resnet50,b6188ef9-c186-46f5-91b6-8d52e3d26044,fp16,64,inference,2,4.9745150960000615,1.7861616202869062,145.76734447925,59.88245374792844,0.4108084287455255,2026-09-03 15:22:05.688968+00
0d684c20-c126-4ab4-848b-3e0ce6b7c653,image_classification,resnet50,9ab0fac5-67d0-4f80-af87-46d3fe2d8858,fp16,4,train,2,135.47108655600005,0.11094426200855426,5761.597571256096,5.293359997863428,0.000918731294992096,2026-09-01 19:57:35.066524+00
0da536e8-786c-440b-8ced-fb31c796c1aa,image_classification,mobilenet_v3,4d0946c6-2bf7-4cab-8faf-5c88baed252c,fp16,32,inference,3,2.296423495999837,0.037484875305023625,132.32366933333336,7.644461985181418,0.057770934132157704,2026-09-02 18:25:55.882424+00
0e267f49-4b30-4724-bf60-3a63f7e72b42,image_classification,resnet50,19955f09-7592-46b4-bfa1-18ef8891baca,fp16,4,inference,2,2.8981800625001597,0.06649669717665777,110.39158217899919,4.777193964169482,0.0432749841054302,2026-08-27 18:11:17.210068+00
0e3228a0-395a-4cf5-86ff-bf60e65545cb,image_classification,resnet50,19955f09-7592-46b4-bfa1-18ef8891baca,int8,1,inference,2,3.9813107625000157,0.41811648730649237,154.2175783659337,15.813211767005361,0.10253832237906846,2026-08-27 18:27:20.141027+00
0ea9e168-be5d-49bb-948a-e9e7e3197d41,nlp_sentiment,distilbert-base-uncased,d504bfe6-a358-43f6-8c01-6c324781ad02,fp32,4,inference,3,6.792454370666746,0.3939363252202403,150.44652303123107,9.09289816196784,0.060439403841059544,2026-09-02 13:03:27.035657+00
0f0df27c-2f9a-468f-af9c-caa7983bbf17,image_classification,resnet50,2cc07cbd-c349-4f63-a033-a42aa01ba446,fp32,1,inference,2,2.649472355999933,0.44731102630568204,34.195239622683744,5.487847135367809,0.16048570490868536,2026-09-03 16:51:09.844304+00
0f5ea75c-6eb1-453a-8ecd-176e02c67a7c,image_classification,mobilenet_v3,b09133c7-cd71-4325-93b2-ce2fb0b9d2c7,fp32,4,train,3,34.1256858859997,0.4938889039353825,3215.7033324686327,49.89242445046576,0.01551524481338405,2026-08-29 06:16:36.635784+00
0f645338-2e16-43a9-9fc1-866f8d3237c2,image_classification,mobilenet_v3,7cb1ff96-e79f-4122-88aa-ee7b680103b1,fp32,32,inference,3,1.3004327533332873,0.017330334879374337,39.7371065,1.5768757773046862,0.03968270254666595,2026-09-01 12:57:48.870004+00
1011df4f-ccaf-45e3-be2a-1fbc0aac6b17,image_classification,resnet50,b6018111-a0cf-43df-b0ba-da673ff9757b,fp32,4,inference,2,2.833979938500079,0.05743090234754001,14.296508379327,2.780587126959385,0.1944941417290506,2026-08-20 13:35:48.818342+00
10169d23-07f6-44e8-a550-92b08f10b0b9,image_classification,mobilenet_v3,08fe8f61-2035-4ccd-918a-c480b7a1ae95,fp16,64,inference,3,0.6776729276666629,0.008399996033557485,8.785877324666668,0.7049016152307683,0.0802312152995503,2026-09-01 07:05:17.869098+00
12063316-3d90-4605-813d-bad7a8d370c9,nlp_sentiment,distilbert-base-uncased,b6188ef9-c186-46f5-91b6-8d52e3d26044,fp32,8,inference,3,5.68681678300004,0.024380340759494367,275.20168872216664,2.9023415927535705,0.010546234676937853,2026-09-03 15:25:22.590838+00
12420ffe-6a0b-4920-916f-7e356922790e,image_classification,mobilenet_v3,b09133c7-cd71-4325-93b2-ce2fb0b9d2c7,fp32,32,train,3,7.98851722899902,0.3588272870183605,736.8271888969907,36.499598694949135,0.04953617244986303,2026-08-29 06:17:26.936101+00
12b9d7da-f24c-48f7-95b1-3bef2d9e73a5,image_classification,mobilenet_v3,9ab0fac5-67d0-4f80-af87-46d3fe2d8858,fp16,64,inference,3,1.1327993716666545,0.24543352902145787,62.897720198856845,10.888169330480851,0.17310912535552825,2026-09-01 19:36:53.114829+00
135b355e-ef94-4522-a1e8-36e571fbefce,image_classification,mobilenet_v3,19955f09-7592-46b4-bfa1-18ef8891baca,fp16,4,train,3,53.294166572666654,1.3838992616469814,2156.576714440386,54.4862921813373,0.025265176896559438,2026-08-27 17:22:31.798168+00
13f3051e-053b-4af8-9346-dd8a4c6850fa,nlp_sentiment,distilbert-base-uncased,6963c491-4ef8-46a0-92f5-98b9b2b886e9,fp16,16,inference,3,2.593833688998226,0.01129409436163077,66.0559169685,1.3876149391515986,0.021006671360164583,2026-08-29 07:09:09.099427+00
13f813ab-baaf-4719-b99a-923b078cec95,nlp_sentiment,distilbert-base-uncased,6963c491-4ef8-46a0-92f5-98b9b2b886e9,fp16,16,train,3,17.517281265000445,0.922635277952631,500.6122936675002,11.257226360412679,0.022486915528865486,2026-08-29 07:08:34.289091+00
14344e55-678e-4218-ae25-da00ccbf3871,nlp_sentiment,distilbert-base-uncased,9ab0fac5-67d0-4f80-af87-46d3fe2d8858,fp32,1,train,3,557.3857275023338,2.0786043161924077,23191.946708805666,87.17549300650487,0.003758869149755571,2026-09-01 21:23:53.087723+00
1487c895-746e-4d5d-adcd-a5711eeafc4d,image_classification,resnet50,d504bfe6-a358-43f6-8c01-6c324781ad02,fp16,32,inference,2,12.171496429999024,1.8197886574361641,270.3198448832554,40.87702233224187,0.15121724544454243,2026-08-20 20:04:38.89306+00
14c2bf4b-b64b-470f-974c-7c9277fb7a13,image_classification,mobilenet_v3,14549898-2f59-4ce4-bdfb-39fa59e58258,fp16,4,train,3,45.911951846999955,1.9277859752757056,2015.5968189390846,85.80161047921264,0.0425688360256366,2026-09-02 20:14:46.963919+00
1608dde7-8fb8-40c4-ab39-2881e43039a0,image_classification,resnet50,4d0946c6-2bf7-4cab-8faf-5c88baed252c,fp16,1,inference,2,3.3672019400000863,0.14628503608221555,227.38096975,1.7562556081220855,0.007723846063516429,2026-09-02 18:34:28.020351+00
1634ff42-1f55-453e-820d-1ac08f188f5f,image_classification,mobilenet_v3,9ab0fac5-67d0-4f80-af87-46d3fe2d8858,fp16,64,train,3,5.020281936000022,0.019288400671760124,224.0446449820282,5.590408034845557,0.02495220555391535,2026-09-01 19:36:41.906003+00
1674cd02-41a2-410b-884d-e30494581f38,nlp_sentiment,distilbert-base-uncased,b6188ef9-c186-46f5-91b6-8d52e3d26044,fp32,16,inference,3,11.348866288666613,0.04711079598567682,575.7724374545,2.421211342760051,0.004205153260660181,2026-09-03 15:26:47.09254+00
169cb91a-9d83-401b-a9b1-8bc148516723,image_classification,mobilenet_v3,7cb1ff96-e79f-4122-88aa-ee7b680103b1,fp32,64,inference,3,1.1709749969999923,0.015176639479672894,38.518616333333334,1.8546747777034422,0.04815008830154782,2026-09-01 12:57:57.705052+00
17fa9e33-f18d-4ab4-95b2-f4f8d9a028af,image_classification,resnet50,6963c491-4ef8-46a0-92f5-98b9b2b886e9,fp16,32,train,2,8.560374736000085,0.05950809569390102,242.48734503825,2.4077498710917578,0.009929383616748985,2026-08-29 06:41:24.651952+00
195b16f4-7817-46e9-a44a-e84606a70cc2,nlp_sentiment,distilbert-base-uncased,6963c491-4ef8-46a0-92f5-98b9b2b886e9,fp16,1,inference,3,2.106733599997824,0.015479000727541185,44.796837894166664,1.1668047225581883,0.026046586710311685,2026-08-29 07:03:39.142026+00
199bca48-b4ee-4db5-9ecc-ffa4dcfcd213,image_classification,mobilenet_v3,19955f09-7592-46b4-bfa1-18ef8891baca,fp16,64,inference,3,1.766561210999953,0.1275004832409795,60.838328785954545,4.014367260278198,0.06598418037421462,2026-08-27 17:24:27.530156+00
1a5e355f-b323-4cc9-9b12-d99fd436c98c,image_classification,resnet50,4d0946c6-2bf7-4cab-8faf-5c88baed252c,fp16,4,train,2,32.21643064,0.15399620240848583,3453.7472172500006,82.91667299755649,0.02400774225265327,2026-09-02 18:35:56.929433+00
1a8ae8de-d9be-4730-9848-55201db02b70,nlp_sentiment,distilbert-base-uncased,d504bfe6-a358-43f6-8c01-6c324781ad02,fp32,8,inference,3,12.94640692899975,0.28115030064004815,280.6428888548685,6.129077171788699,0.02183941733495441,2026-09-02 13:32:13.394991+00
1ac3a767-dea2-47eb-8831-0870962c6f74,image_classification,resnet50,19955f09-7592-46b4-bfa1-18ef8891baca,fp16,32,train,2,201.6868650319998,0.05145409005815251,8196.932833811115,14.147999135596338,0.001726011353568492,2026-08-27 18:18:17.57254+00
1b743afe-0e7f-450b-b2b9-8edea0c71e6c,image_classification,resnet50,19955f09-7592-46b4-bfa1-18ef8891baca,fp32,32,train,2,196.01626305600007,0.6157029384859505,7984.025592956257,90.40968836272974,0.011323822464007609,2026-08-27 17:53:07.938029+00
1b8188a0-2991-4101-9d69-4230bcc6167e,image_classification,mobilenet_v3,19955f09-7592-46b4-bfa1-18ef8891baca,int8,64,inference,3,1.883382699666754,0.25850615194986415,65.62602996126611,8.707880920695024,0.1326894362775655,2026-08-27 17:25:23.679477+00
1c31799d-a4d0-4d2b-8593-9156a638bd14,image_classification,resnet50,9d25e756-1d19-4ac5-b235-29fc900e0f15,fp16,32,inference,2,11.372586795499956,0.008353187463784188,823.9089518220394,116.42980280941224,0.14131391891292444,2026-09-01 14:09:43.468533+00
1c345307-f996-47f8-9b8f-670147738467,nlp_sentiment,distilbert-base-uncased,7cb1ff96-e79f-4122-88aa-ee7b680103b1,fp32,16,inference,3,11.977955445333313,0.04405542043794825,583.0887955,9.319419222850248,0.015982847372086485,2026-09-01 13:07:47.502485+00
1c762ee7-00b9-49da-acde-d408d6ab8f87,image_classification,mobilenet_v3,9ab0fac5-67d0-4f80-af87-46d3fe2d8858,fp32,4,train,3,25.168349530999876,0.4713387941187182,1086.846525094262,35.06064786627247,0.032259060554324044,2026-09-01 19:32:13.965479+00
1c7f53f9-ad2e-4b20-90b2-aa5b09131dd4,image_classification,mobilenet_v3,d504bfe6-a358-43f6-8c01-6c324781ad02,int8,64,inference,3,2.383402131665207,0.24943429405854753,48.24412941301989,5.484428461963376,0.11368074268707325,2026-08-20 19:09:07.911214+00
1cb87222-802e-4c3f-8272-76f26cbb616c,image_classification,resnet50,d504bfe6-a358-43f6-8c01-6c324781ad02,fp32,32,inference,2,10.839747483999417,0.1694820742616244,240.47887683807693,3.403656590404538,0.014153661374160286,2026-08-20 19:38:58.86175+00
1ce6b6ba-40bf-4b4e-ab44-8394c14a5182,image_classification,mobilenet_v3,6963c491-4ef8-46a0-92f5-98b9b2b886e9,fp16,64,inference,3,0.6223511263330389,0.017420388294854202,6.2842033925,0.4623004288727302,0.07356547839054212,2026-08-29 06:34:26.753679+00
1d41626a-49f5-4b91-bfbe-97e24adc34e0,image_classification,mobilenet_v3,b09133c7-cd71-4325-93b2-ce2fb0b9d2c7,fp32,64,train,3,9.475774973333804,0.5967189005101404,724.3508019836312,54.492115341208546,0.07522890178623694,2026-08-29 06:18:13.405736+00
1dd5de71-77bd-4616-ac1e-52ef739dfdc9,image_classification,resnet50,6963c491-4ef8-46a0-92f5-98b9b2b886e9,fp32,32,train,2,14.232702435998362,0.04443478811921145,409.75571737624995,2.735181701276557,0.00667515201200971,2026-08-29 06:38:07.839732+00
1e8dcb5d-f252-4d7b-85f0-e2e942997427,image_classification,mobilenet_v3,7cb1ff96-e79f-4122-88aa-ee7b680103b1,fp32,1,inference,3,2.7799571263332914,0.5479610655317746,66.27862116666667,12.577173216153712,0.1897621434297296,2026-09-01 12:57:27.295801+00
1f876253-2ff6-446b-82f7-7195fecf908c,image_classification,resnet50,d504bfe6-a358-43f6-8c01-6c324781ad02,fp32,4,train,2,295.92134299100053,4.551463048621218,6665.2659890998,147.75203249125082,0.022167462293760008,2026-08-20 19:31:41.899512+00
1fdce44a-8376-4790-aad2-0ef5a78db436,image_classification,resnet50,9d25e756-1d19-4ac5-b235-29fc900e0f15,fp32,32,inference,2,11.260497017500029,0.01690904375140979,832.3439346292794,151.95825535987657,0.18256666389664725,2026-09-01 13:44:50.157209+00
1ff6230f-38f6-4a7d-800c-db9ffd68fbf0,image_classification,resnet50,d504bfe6-a358-43f6-8c01-6c324781ad02,fp32,32,train,2,189.08152115600024,1.5868684601176204,4220.312384188297,15.664625470171895,0.0037117217978603996,2026-08-20 19:38:29.836613+00
210ada46-c4ff-4881-890e-55f5347584eb,image_classification,resnet50,2cc07cbd-c349-4f63-a033-a42aa01ba446,fp32,64,inference,2,5.050525580999874,0.015005439463923782,116.29340071662575,3.6685248376756867,0.03154542575132744,2026-09-03 16:52:22.904687+00
221257ae-4375-4f0a-b8b1-53ecd9458f15,image_classification,mobilenet_v3,b09133c7-cd71-4325-93b2-ce2fb0b9d2c7,int8,32,inference,3,1.7761698393357317,0.11056341993446978,99.65603760862503,76.67988526127019,0.769445455602117,2026-08-29 06:23:27.135425+00
2213f97b-1ec7-473c-ade4-ea1226fd075f,image_classification,mobilenet_v3,19955f09-7592-46b4-bfa1-18ef8891baca,int8,1,inference,3,3.3894394683333453,0.5398799368648826,133.25475991867484,23.53661157780487,0.17662867421898643,2026-08-27 17:24:44.126024+00
229c24a2-443c-477b-ac5b-3e9db87637b8,image_classification,mobilenet_v3,d504bfe6-a358-43f6-8c01-6c324781ad02,fp32,64,inference,3,2.494035370000953,0.2917542615868038,50.0167610395413,6.735823735324598,0.13467133007672205,2026-08-20 19:01:34.326609+00
23b1c4d5-96c4-4ffa-b67d-eb7747350559,image_classification,mobilenet_v3,19955f09-7592-46b4-bfa1-18ef8891baca,fp32,1,inference,3,4.478520717999913,3.0664216980479804,136.56505217491724,56.385106184114385,0.41288093319727504,2026-08-27 17:15:04.763596+00
247f63b1-2ca9-4fe2-96a9-a7836eb142b7,image_classification,mobilenet_v3,14549898-2f59-4ce4-bdfb-39fa59e58258,int8,64,inference,3,1.7669766820000252,0.023574727840923144,64.66452091190072,1.0824707071015658,0.01673979319473084,2026-09-02 20:17:23.285021+00
24d9a0f9-b203-43bc-8326-beae7639314b,image_classification,mobilenet_v3,14549898-2f59-4ce4-bdfb-39fa59e58258,fp32,1,inference,3,5.295785284666636,2.8996083836392295,187.2344599703874,48.936759036070654,0.26136619852889464,2026-09-02 20:07:52.606321+00
24f0cabd-52cf-4f53-9170-96230c40509e,image_classification,resnet50,7cb1ff96-e79f-4122-88aa-ee7b680103b1,fp16,32,inference,2,11.607340140500014,2.85394852827412,462.32218675000024,115.96658939177499,0.25083500795622354,2026-09-01 13:01:44.147113+00
2552bb57-8d12-424d-96a7-1a591628b7e6,image_classification,mobilenet_v3,6963c491-4ef8-46a0-92f5-98b9b2b886e9,fp32,64,train,3,0.9516858639993492,0.043091888332706905,13.309286667166667,2.0594363266357756,0.1547367922967878,2026-08-29 06:32:40.37666+00
25570f08-bbca-41ea-b69e-0049473382fa,image_classification,mobilenet_v3,9d25e756-1d19-4ac5-b235-29fc900e0f15,fp16,64,inference,3,1.468643164666749,0.012324599831149722,,,,2026-09-01 13:21:02.105957+00
25cd7f47-048a-4abb-9aba-7b4e10556d3c,nlp_sentiment,distilbert-base-uncased,08fe8f61-2035-4ccd-918a-c480b7a1ae95,fp16,4,train,3,34.80489892533342,0.0920750656779332,2393.1081891619997,40.37648917663019,0.016871986548493204,2026-09-01 07:55:09.397675+00
265edc16-855c-44f5-ac38-6d7691e91e37,nlp_sentiment,distilbert-base-uncased,14549898-2f59-4ce4-bdfb-39fa59e58258,int8,8,inference,3,10.09547970833349,0.43587748452676023,427.4574760238829,16.871578256805336,0.03946960622549198,2026-09-03 02:08:10.355519+00
27a94e51-1206-4bea-8280-d83e92c02566,image_classification,resnet50,08fe8f61-2035-4ccd-918a-c480b7a1ae95,fp32,64,train,2,21.38712525299991,0.0473664415207376,636.4119937172502,2.569852164620709,0.0040380322652474425,2026-09-01 07:21:28.186143+00
28689c99-f028-41f9-adfc-386944557531,image_classification,mobilenet_v3,4d0946c6-2bf7-4cab-8faf-5c88baed252c,fp32,32,inference,3,1.6936486453331934,0.050283425185713736,93.264798,4.170670869197538,0.044718596497657546,2026-09-02 18:21:46.915412+00
28bd0e39-3211-4c06-9254-003f36335bb3,image_classification,mobilenet_v3,14549898-2f59-4ce4-bdfb-39fa59e58258,fp32,4,train,3,48.073279647333344,3.6269997158787546,2137.2299962096026,206.4959932693162,0.09661851725623295,2026-09-02 20:10:22.883861+00
28c6a70b-70f0-4ced-8473-dc590ca926c1,nlp_sentiment,distilbert-base-uncased,4d0946c6-2bf7-4cab-8faf-5c88baed252c,fp32,1,inference,3,2.0232342486665402,0.315554880939685,436.8966596666667,60.397086952996425,0.138241127773961,2026-09-02 18:44:17.101699+00
28ccdb72-be3d-4a5b-8e5e-51ce96808fb0,image_classification,resnet50,b549c125-f311-4d9b-84de-49fb420e4758,fp32,64,inference,2,3.913741481499983,0.6432775906025072,173.98768890781872,68.42897128095204,0.39329777704678137,2026-08-27 18:51:51.915796+00
2ab83106-0855-4949-8f42-7cbbcda0ae32,nlp_sentiment,distilbert-base-uncased,4d0946c6-2bf7-4cab-8faf-5c88baed252c,fp32,8,inference,3,2.4279875936664816,1.410335325661494,547.4498536666667,264.9616204699251,0.483992494829044,2026-09-02 18:53:42.686225+00
2b244f6a-cf7f-45a9-9dd1-582ce3d5f91c,image_classification,mobilenet_v3,9d25e756-1d19-4ac5-b235-29fc900e0f15,fp16,32,train,3,8.075194158999997,0.2001087464176168,447.2120686634366,83.34527039403655,0.1863663264793523,2026-09-01 13:20:16.925753+00
2b9bea06-63e9-4c04-b0df-f7b5becac298,nlp_sentiment,distilbert-base-uncased,d504bfe6-a358-43f6-8c01-6c324781ad02,fp32,16,inference,3,26.83075580500008,3.51972436018424,565.4835838124691,72.33251901067838,0.12791267701002965,2026-09-02 14:01:23.658586+00
2c565511-7bf7-4e23-b89b-a99c34c4b807,image_classification,resnet50,0c05d5e8-a4e7-451a-a98b-b0a713fff833,fp32,4,inference,2,3.2838249689997383,0.09444056651244229,99.23829589012075,10.408178230692334,0.10488066262460354,2026-09-03 21:00:43.219258+00
2cc2903a-0e5a-46fd-82f8-cd20d6aa54b7,nlp_sentiment,distilbert-base-uncased,6963c491-4ef8-46a0-92f5-98b9b2b886e9,fp16,8,inference,3,2.5396935686658253,0.005860820030885705,61.45401889916667,0.8778540182993635,0.014284729201189271,2026-08-29 07:07:26.874777+00
2d6a838e-8074-4dd2-8323-e2a97795cbfa,image_classification,mobilenet_v3,6963c491-4ef8-46a0-92f5-98b9b2b886e9,fp32,4,inference,3,1.8940779303338786,0.06979881481490731,22.7955374995,1.2152852672134988,0.05331241990850863,2026-08-29 06:32:15.414081+00
2e1f1d93-17cb-4edf-af9b-8993d8feba79,image_classification,mobilenet_v3,2cc07cbd-c349-4f63-a033-a42aa01ba446,fp32,1,inference,3,3.481145345000035,0.8236478633495269,35.845808823370994,8.757301519490253,0.244304754361704,2026-09-03 16:43:48.367297+00
2e26898b-a876-45fd-80de-4474723398f0,nlp_sentiment,distilbert-base-uncased,08fe8f61-2035-4ccd-918a-c480b7a1ae95,fp16,4,inference,3,3.3349382826671294,0.010104779855917926,199.90723229066666,5.469516994057435,0.02736027572081392,2026-09-01 07:55:32.699587+00
2f5f7b39-f6da-4daf-bd1c-bc2e0a403f32,nlp_sentiment,distilbert-base-uncased,6963c491-4ef8-46a0-92f5-98b9b2b886e9,fp16,4,inference,3,2.7156413293317505,0.017092019055361393,66.437592295,2.3022012702402237,0.03465208763162063,2026-08-29 07:05:47.929703+00
2f794017-13fe-404d-9263-5131736c09f0,nlp_sentiment,distilbert-base-uncased,7cb1ff96-e79f-4122-88aa-ee7b680103b1,fp32,8,inference,3,6.892774229333327,0.011175810070056427,322.4628543333333,3.647737977833946,0.011312118369030004,2026-09-01 13:06:38.740162+00
2fbe22cd-793c-4289-90a1-e0c2375ed87c,image_classification,resnet50,d504bfe6-a358-43f6-8c01-6c324781ad02,int8,64,inference,2,10.82565581199924,0.08109308172973785,238.98315242312566,3.5032658453161716,0.014659049434219328,2026-08-20 20:13:56.285954+00
30205ae0-b186-4397-8bd9-576f1d8aa040,image_classification,mobilenet_v3,9ab0fac5-67d0-4f80-af87-46d3fe2d8858,fp32,32,inference,3,1.3580977049996363,0.28160664537463526,77.32356972637179,4.202687098778285,0.05435195392104262,2026-09-01 19:33:08.590053+00
30457278-faa5-4935-8fd3-dd315ecd4c9b,image_classification,mobilenet_v3,08fe8f61-2035-4ccd-918a-c480b7a1ae95,fp16,32,train,3,2.785904100333331,0.062513752075679,50.95979523166666,1.2528637231031128,0.024585336683703496,2026-09-01 07:04:51.841556+00
30c95c0d-e6fe-4e5a-9f28-233d19bc22e6,image_classification,mobilenet_v3,08fe8f61-2035-4ccd-918a-c480b7a1ae95,fp16,4,inference,3,3.0680306616666635,0.0584927487246334,47.468865847,0.244926429509103,0.005159727858224829,2026-09-01 07:04:37.799594+00
30fa210c-af49-466c-8096-af253dc771ae,nlp_sentiment,distilbert-base-uncased,14549898-2f59-4ce4-bdfb-39fa59e58258,fp32,16,inference,3,28.426860579332544,0.27946948297833946,1202.2927431072424,10.571095305708164,0.008792447069411648,2026-09-02 23:36:53.386312+00
31b3defa-0b84-4ff4-8734-1a397736bc40,image_classification,resnet50,08fe8f61-2035-4ccd-918a-c480b7a1ae95,fp32,4,train,2,45.22805105349994,0.41675829215713733,1342.9549496737502,12.719075938088785,0.009470962478062787,2026-09-01 07:19:22.370342+00
322dd4a5-2c29-4d1e-b1cb-d1959392cba0,image_classification,mobilenet_v3,d504bfe6-a358-43f6-8c01-6c324781ad02,fp16,32,inference,3,2.7053931643337514,0.6528860213556604,55.97486606686385,13.620469972481565,0.24333189035613698,2026-08-20 19:07:14.073715+00
3240e742-6fe7-478d-94a9-d90d044f6320,image_classification,mobilenet_v3,19955f09-7592-46b4-bfa1-18ef8891baca,fp32,32,inference,3,2.139144394999979,0.03971766921273676,76.36092163968652,1.2695484438779001,0.016625630186449802,2026-08-27 17:18:45.754399+00
32886a4a-9958-4dcb-af0f-191af8be97c8,image_classification,mobilenet_v3,d504bfe6-a358-43f6-8c01-6c324781ad02,fp32,4,inference,3,4.222512317333288,0.8537872014331686,90.87306853297152,20.179387929645184,0.22206125814188268,2026-08-20 18:59:34.785775+00
340310df-cbc5-461e-a947-d5b4324e94df,image_classification,resnet50,6963c491-4ef8-46a0-92f5-98b9b2b886e9,fp16,32,inference,2,2.608579177000138,0.4254055214910653,53.84259976149999,8.633485144571736,0.16034673627971968,2026-08-29 06:41:34.369382+00
34083854-bbca-44f9-bb7e-287bd69e11aa,image_classification,mobilenet_v3,08fe8f61-2035-4ccd-918a-c480b7a1ae95,fp32,4,train,3,16.293416411000027,0.058372789510432434,311.85566508266686,4.376944451890704,0.014035160947711057,2026-09-01 07:02:07.521546+00
35b09554-76ee-40ff-9972-47a985dd53f1,nlp_sentiment,distilbert-base-uncased,6963c491-4ef8-46a0-92f5-98b9b2b886e9,fp32,16,train,3,44.66868412833719,0.04020942041127058,1328.2022808394997,2.3846487195364703,0.0017953957420019156,2026-08-29 06:58:23.514139+00
368668fd-9f89-4547-b6d3-219081378149,nlp_sentiment,distilbert-base-uncased,d504bfe6-a358-43f6-8c01-6c324781ad02,fp32,1,train,3,903.2815093300001,18.197951597176303,20272.608585484708,247.5594326306919,0.012211523326502034,2026-09-02 12:33:29.522895+00
36cf649a-8cc5-4a7d-bc7c-af374e261a36,nlp_sentiment,distilbert-base-uncased,7cb1ff96-e79f-4122-88aa-ee7b680103b1,fp32,4,inference,3,3.1128286403333427,0.03261898155590671,148.23334450000002,1.114228445158027,0.007516719324632299,2026-09-01 13:05:52.944301+00
377bc283-1353-43e4-82e7-96a1e2edbf1d,image_classification,resnet50,7cb1ff96-e79f-4122-88aa-ee7b680103b1,fp32,64,inference,2,12.999121691499965,0.3162327578372062,537.5389220000001,20.31713509505973,0.03779658414216139,2026-09-01 13:00:17.862794+00
38adeaf5-727b-4386-b224-a4755de9c2f8,image_classification,resnet50,14549898-2f59-4ce4-bdfb-39fa59e58258,fp32,4,inference,2,2.445172769999999,0.07619659778911995,102.96359492643762,3.525776198802063,0.034242939956797884,2026-09-02 20:29:35.806914+00
39693a13-24bb-4ffb-b0d7-bc3240a7a6ed,nlp_sentiment,distilbert-base-uncased,4d0946c6-2bf7-4cab-8faf-5c88baed252c,fp32,4,train,3,76.37064837166675,0.14998591613071785,16236.393724666663,24.509863877167838,0.0015095632868234743,2026-09-02 18:48:26.650693+00
3a2412f4-66f2-4c75-a647-375484c9b043,nlp_sentiment,distilbert-base-uncased,d504bfe6-a358-43f6-8c01-6c324781ad02,fp16,16,inference,3,25.45020613933472,0.6555020655983651,536.3345940703645,14.51561651408415,0.027064479290664165,2026-09-02 16:18:11.204633+00
3a85f380-04c9-4830-b142-d534938e53d7,image_classification,mobilenet_v3,9ab0fac5-67d0-4f80-af87-46d3fe2d8858,fp16,32,inference,3,1.5302302916669153,0.019010357512654577,73.26809208555318,3.3570965703327937,0.04581935293760349,2026-09-01 19:36:19.234082+00
3a9d72be-3ba8-4886-98b3-9bfe0f3347a4,image_classification,mobilenet_v3,b09133c7-cd71-4325-93b2-ce2fb0b9d2c7,fp16,4,inference,3,5.653683244003332,0.37553939363751976,469.9089864845644,29.872920124309708,0.06357171491397084,2026-08-29 06:21:03.657016+00
3b99c964-6f8b-4748-954a-503470cb1558,image_classification,resnet50,08fe8f61-2035-4ccd-918a-c480b7a1ae95,fp32,4,inference,2,2.652141434999976,0.11367533325734472,66.19045012075,4.99013786408464,0.07539060174060193,2026-09-01 07:19:32.602851+00
3bb491d2-1c0b-4240-85b5-c2f63735c69a,image_classification,mobilenet_v3,6963c491-4ef8-46a0-92f5-98b9b2b886e9,fp16,4,train,3,12.19440562533176,0.14172180984185725,209.24661545600003,1.8615182734407891,0.008896288570231262,2026-08-29 06:33:43.962286+00
3e971b17-6a68-4cb2-9fbe-ed1c9a518f4a,nlp_sentiment,distilbert-base-uncased,d504bfe6-a358-43f6-8c01-6c324781ad02,fp16,4,train,3,602.0673790126663,3.361822798885475,13504.537214416438,75.47450717104573,0.0055888258866416225,2026-09-02 15:18:41.475869+00
3ecd8be6-df99-476a-8382-0f31f26be73d,image_classification,mobilenet_v3,08fe8f61-2035-4ccd-918a-c480b7a1ae95,fp16,4,train,3,19.71013893833333,0.11673573964542189,370.0730725236666,2.5595977258668934,0.006916465735839789,2026-09-01 07:04:22.865871+00
3ed08c58-ff29-4f42-94a4-05ba5ca67d8a,image_classification,mobilenet_v3,9d25e756-1d19-4ac5-b235-29fc900e0f15,fp32,64,inference,3,1.4629531449999529,0.010428688898502268,72.09074980791574,51.586229574640655,0.7155734919125,2026-09-01 13:17:07.079876+00
3f4fc068-1af9-4e90-9381-c5dd86b94a62,image_classification,mobilenet_v3,9d25e756-1d19-4ac5-b235-29fc900e0f15,fp32,32,inference,3,1.7662727340000401,0.012805935272096608,30.0323629100772,0.0,0.0,2026-09-01 13:16:31.788676+00
3f635a08-acf6-4a84-929c-5ba4f24acde3,image_classification,resnet50,4d0946c6-2bf7-4cab-8faf-5c88baed252c,fp32,32,inference,2,1.9651992935000635,0.9284279587855431,236.13009749999998,82.33017423805684,0.3486644655201434,2026-09-02 18:32:58.50436+00
403d169a-c42c-4e10-9fd8-9a4a345d8bf5,image_classification,resnet50,14549898-2f59-4ce4-bdfb-39fa59e58258,fp32,64,train,2,207.43408915500004,1.7582931702534044,9130.167951904417,83.11869446765508,0.009103742111372414,2026-09-02 20:44:47.793305+00
41084d2a-e115-4849-b080-d3273c5cf24f,image_classification,resnet50,6963c491-4ef8-46a0-92f5-98b9b2b886e9,fp16,64,train,2,7.408168744001159,0.08074617514326517,207.190881537,1.5297128542381502,0.0073831089616025174,2026-08-29 06:41:54.466114+00
4138f4dc-06f9-4af6-aad6-f73b120112ba,image_classification,resnet50,6963c491-4ef8-46a0-92f5-98b9b2b886e9,fp32,4,inference,2,3.1412790555004904,0.03601159708225681,63.72811341674999,1.348021709183023,0.021152700698475652,2026-08-29 06:37:34.29647+00
41404929-1f4a-450b-aa06-5ef233e1af92,nlp_sentiment,distilbert-base-uncased,9ab0fac5-67d0-4f80-af87-46d3fe2d8858,fp16,4,inference,3,2.3735345779999384,0.021022633422386066,134.7878286491333,16.714799994470546,0.12400822954111758,2026-09-01 22:45:45.020014+00
41812f4a-2899-46de-82dd-9e7e7d8cd163,image_classification,resnet50,9ab0fac5-67d0-4f80-af87-46d3fe2d8858,fp16,64,inference,2,5.2489747290001105,0.009454617291512693,250.99546263319255,12.811749409705795,0.051043749059436275,2026-09-01 20:05:41.487216+00
41d6f61f-2e3e-4296-a4b9-fc6880d67cb9,image_classification,resnet50,4d0946c6-2bf7-4cab-8faf-5c88baed252c,fp16,32,train,2,12.60701845199992,7.697121298804545,1357.0761305000005,421.2217877478154,0.31038920977308815,2026-09-02 18:37:00.058153+00
41f0e776-6e98-4a7c-a9db-328e467b55ba,nlp_sentiment,distilbert-base-uncased,d504bfe6-a358-43f6-8c01-6c324781ad02,fp32,16,train,3,523.0380693420002,2.8168917187368008,10990.387543145622,59.90286779917112,0.005450478207798119,2026-09-02 13:59:15.259229+00
423e2d6e-ab51-4701-a52f-5e136c275d41,nlp_sentiment,distilbert-base-uncased,14549898-2f59-4ce4-bdfb-39fa59e58258,fp32,16,train,3,583.0299601589995,15.59379556794325,24591.545240659772,606.5043865510689,0.024663126314985358,2026-09-02 23:34:37.049628+00
42a0cb42-a527-4900-a5a4-ebe6fb560738,image_classification,resnet50,14549898-2f59-4ce4-bdfb-39fa59e58258,fp16,1,inference,2,3.6021601274999284,0.05231378270459459,149.99444169354143,2.205756346802814,0.014705587233088725,2026-09-02 20:45:53.797517+00
4419c6cd-6578-45a8-b806-df096e1ebfcc,image_classification,resnet50,b6188ef9-c186-46f5-91b6-8d52e3d26044,fp32,64,inference,2,7.6546834890000355,2.156157345064137,274.06426773649997,91.78717808163307,0.33491114635156366,2026-09-03 15:20:39.460441+00
446711c3-d39c-4941-8fc3-dfd09cc8a701,image_classification,mobilenet_v3,14549898-2f59-4ce4-bdfb-39fa59e58258,fp32,4,inference,3,3.3557982793332903,0.2732837339192318,140.06853995957445,13.153424819096326,0.09390706023560016,2026-09-02 20:10:37.462831+00
4483e03e-56f7-450e-a027-8c61fef4697d,image_classification,resnet50,9d25e756-1d19-4ac5-b235-29fc900e0f15,int8,64,inference,2,12.294700053499582,0.008298198597353292,970.4501691536102,223.57252569200844,0.23038022229106303,2026-09-01 14:20:02.550424+00
44932296-ac6b-4a8c-b2e8-0f2e6e98851f,image_classification,mobilenet_v3,b09133c7-cd71-4325-93b2-ce2fb0b9d2c7,fp16,32,inference,3,1.8333158720027616,0.20299954546318924,96.0364748492706,65.54833539316407,0.6825358333491757,2026-08-29 06:21:45.1473+00
44b9a6f5-7b12-4d61-abe1-b4f44a20873e,image_classification,mobilenet_v3,4d0946c6-2bf7-4cab-8faf-5c88baed252c,fp32,1,inference,3,2.968665834333175,0.508328520959746,121.5363905,39.26823462824588,0.3230985753871461,2026-09-02 18:19:02.628425+00
45a4808a-e0da-4203-86db-e53a0d3508b8,nlp_sentiment,distilbert-base-uncased,4d0946c6-2bf7-4cab-8faf-5c88baed252c,fp16,1,inference,3,1.492488085000332,0.055935333384916346,241.545254,9.916608125213408,0.041054866369733795,2026-09-02 19:02:34.143446+00
4635fc0b-0c8e-4878-a087-8cc2fcb87cab,image_classification,resnet50,9ab0fac5-67d0-4f80-af87-46d3fe2d8858,fp32,4,train,2,134.20132907300012,1.2285707408182904,5832.418255854302,105.12951344674002,0.01802502989925595,2026-09-01 19:44:00.651688+00
4644884b-61da-4767-992e-da43b90fd8d0,nlp_sentiment,distilbert-base-uncased,b6188ef9-c186-46f5-91b6-8d52e3d26044,fp16,8,inference,3,2.4660251740000754,0.0033781215508223556,81.58169015683333,2.1503592132977127,0.02635835576786708,2026-09-03 15:28:54.223761+00
46a150bc-8f89-4c31-a3a8-458c39ca5a89,image_classification,resnet50,9ab0fac5-67d0-4f80-af87-46d3fe2d8858,fp16,64,train,2,108.15221302050031,0.036502950031443195,4566.719155159217,42.3453149220915,0.009272590120689202,2026-09-01 20:05:20.490227+00
478fe370-df70-47b8-bdb7-11f51142921d,image_classification,resnet50,9ab0fac5-67d0-4f80-af87-46d3fe2d8858,int8,4,inference,2,1.3392190945000948,0.08554093399991887,112.6198448973434,31.886023156439073,0.28312970227853007,2026-09-01 20:06:12.506719+00
487b435f-7941-41a2-b966-9227a9b4fee6,nlp_sentiment,distilbert-base-uncased,b6188ef9-c186-46f5-91b6-8d52e3d26044,fp32,1,inference,3,1.1565402206666324,0.005436928976294589,33.04824494383333,1.424499433818936,0.043103633377201224,2026-09-03 15:23:31.389911+00
48f58cf6-e6a1-4a3d-97b0-cce36f9065db,image_classification,mobilenet_v3,9d25e756-1d19-4ac5-b235-29fc900e0f15,int8,4,inference,3,4.634483634666746,0.04051302128610192,234.73872416836156,37.15609627642074,0.1582870334158044,2026-09-01 13:21:52.895704+00
499f9f76-4607-4608-9719-40b4d754fdd4,nlp_sentiment,distilbert-base-uncased,6963c491-4ef8-46a0-92f5-98b9b2b886e9,fp16,1,train,3,85.83912868600116,0.29640999590663,2519.4798429670004,10.370210707454548,0.004116012571564112,2026-08-29 07:03:20.30465+00
4abf05cc-a443-46b8-bbf9-4855c21618bf,image_classification,mobilenet_v3,d504bfe6-a358-43f6-8c01-6c324781ad02,int8,4,inference,3,4.365929864665911,0.38808540529471847,93.8267562136041,9.487230106487218,0.10111433549816835,2026-08-20 19:08:42.832841+00
4ac52e32-0f9e-4f5b-ada2-3e955d948895,image_classification,mobilenet_v3,6963c491-4ef8-46a0-92f5-98b9b2b886e9,fp32,32,train,3,1.6591435163318238,0.045341832013896355,22.866493744166664,1.0681452842076893,0.04671224614312273,2026-08-29 06:32:25.75298+00
4b7cc26c-7632-49c4-b4bd-51ed42208c21,image_classification,mobilenet_v3,b09133c7-cd71-4325-93b2-ce2fb0b9d2c7,int8,1,inference,3,6.2986913743322175,0.23458156057602514,501.35659752668505,91.25677853156856,0.18201970210776244,2026-08-29 06:22:55.170528+00
4be2b5e8-547e-46f8-95ee-934f4f78f2d6,image_classification,mobilenet_v3,b6018111-a0cf-43df-b0ba-da673ff9757b,fp32,32,inference,3,3.145484835666745,0.0211599814816723,63.927890764966165,35.004760737007636,0.5475663332254188,2026-08-20 11:15:41.085619+00
4c1fba0b-001f-4cca-955c-8d6a90fd4196,image_classification,mobilenet_v3,19955f09-7592-46b4-bfa1-18ef8891baca,fp32,32,train,3,12.070488018666689,1.2322868348786749,476.38522638675227,50.37848071337055,0.10575155971035696,2026-08-27 17:18:34.530536+00
4c7f1ddc-c60b-408e-a14f-401295f7c631,image_classification,resnet50,9d25e756-1d19-4ac5-b235-29fc900e0f15,fp16,1,inference,2,15.131880269999783,0.18792981418833865,1130.2149113466212,65.86948971492872,0.05828049962325038,2026-09-01 13:53:38.490519+00
4d07ba19-cb5b-44e7-836b-d579b15d51a5,nlp_sentiment,distilbert-base-uncased,7cb1ff96-e79f-4122-88aa-ee7b680103b1,fp16,8,inference,3,5.34555543733336,0.0393297860995706,265.0083353333334,5.4102566744449465,0.02041542077399115,2026-09-01 13:09:22.734423+00
4e13c68c-858f-498c-95de-130fa1797c2c,image_classification,mobilenet_v3,b09133c7-cd71-4325-93b2-ce2fb0b9d2c7,int8,4,inference,3,5.344278856334616,0.36542996211901746,463.4505453692781,19.33211912767427,0.04171344563263036,2026-08-29 06:23:16.629996+00
4e2e04df-84ec-44d6-9e6c-6c3f11ff6bb8,nlp_sentiment,distilbert-base-uncased,08fe8f61-2035-4ccd-918a-c480b7a1ae95,fp16,8,inference,3,2.810823483666051,0.007279115079561368,160.6153768245,4.73140004860664,0.029457951923099558,2026-09-01 07:57:19.2365+00
4e99d83a-eead-4947-b0f3-be55bdaebe1c,image_classification,resnet50,14549898-2f59-4ce4-bdfb-39fa59e58258,fp32,32,train,2,206.30275270700008,7.306428712691162,9081.695361495675,323.2415800842392,0.03559264732163447,2026-09-02 20:36:46.571046+00
4eff6152-1648-42aa-9c21-69d693b5a6c7,image_classification,resnet50,9d25e756-1d19-4ac5-b235-29fc900e0f15,int8,1,inference,2,19.208627250500285,4.350711888715676,1417.4622563194052,346.366054720753,0.24435645688381863,2026-09-01 14:18:24.84564+00
502d03ff-adb6-4738-b1be-b0d495256c42,nlp_sentiment,distilbert-base-uncased,08fe8f61-2035-4ccd-918a-c480b7a1ae95,fp16,16,train,3,18.603211354333325,0.0833352868387626,1318.6187358663333,9.141270909834734,0.006932459445018362,2026-09-01 07:58:29.445698+00
5096c3ea-249a-473a-87ea-40b189ed343f,image_classification,resnet50,b6188ef9-c186-46f5-91b6-8d52e3d26044,fp16,1,inference,2,1.8640131699999642,0.05187636574269652,39.523613407250004,0.454286431408529,0.011494051080997495,2026-09-03 15:21:08.925841+00
50bbee0a-f37d-4ec8-849c-bb68cbb52b20,image_classification,mobilenet_v3,9d25e756-1d19-4ac5-b235-29fc900e0f15,int8,64,inference,3,1.4432296733334624,0.01518768058267408,25.46620034366461,17.69723264848618,0.6949302373209687,2026-09-01 13:22:13.231243+00
50c93ee1-9c0c-4583-98cb-8d3f7e7c5bad,image_classification,mobilenet_v3,b09133c7-cd71-4325-93b2-ce2fb0b9d2c7,fp16,32,train,3,8.289852120999663,0.42623810477150254,666.9435883029862,191.1436173067858,0.2865963788528859,2026-08-29 06:21:34.472341+00
51590c63-d92f-45f9-a554-5d909ec767a4,image_classification,mobilenet_v3,0c05d5e8-a4e7-451a-a98b-b0a713fff833,fp32,4,inference,3,2.9297545606667277,0.4602533594877099,88.20388541795401,9.33605906673491,0.10584634704577926,2026-09-03 20:58:18.861438+00
51ac7437-6fcb-4453-b59e-cea1a6efba71,image_classification,resnet50,4d0946c6-2bf7-4cab-8faf-5c88baed252c,fp32,4,train,2,27.61857426050028,0.005971926182074807,4079.9888105000005,5.851613377343963,0.0014342228984267362,2026-09-02 18:31:36.508122+00
5251187f-b976-4e3c-9bd7-4246e30ba73a,nlp_sentiment,distilbert-base-uncased,08fe8f61-2035-4ccd-918a-c480b7a1ae95,fp32,4,inference,3,3.03830836633324,0.014969861552101327,181.48950429933333,4.266424440953828,0.023507830149324508,2026-09-01 07:42:08.33376+00
525afa89-16c1-4345-a27f-92f9097a09aa,nlp_sentiment,distilbert-base-uncased,14549898-2f59-4ce4-bdfb-39fa59e58258,fp32,8,inference,3,11.623882292332686,0.0661935219534657,500.253346961981,4.38437707267985,0.008764313321052224,2026-09-02 23:04:35.153559+00
53bda250-3316-4b73-bac6-f767c351b9aa,image_classification,resnet50,6963c491-4ef8-46a0-92f5-98b9b2b886e9,fp32,64,train,2,14.068958786998337,0.03560693472244746,410.87443487475,0.39267589653725354,0.0009557077861438518,2026-08-29 06:38:53.628977+00
53d47b43-7015-4baa-abef-c5bee10cee4f,image_classification,resnet50,7cb1ff96-e79f-4122-88aa-ee7b680103b1,fp16,4,inference,2,2.0397996400000125,0.05649221880325576,80.74886975000001,6.867966591765427,0.0850534083390737,2026-09-01 13:00:56.362048+00
53e6ad2c-7c84-48d7-9ece-a71ded386e36,image_classification,resnet50,19955f09-7592-46b4-bfa1-18ef8891baca,fp32,64,inference,2,12.095463116499786,0.6109447837215534,487.3992084646142,26.98011012389837,0.055355260442235946,2026-08-27 18:01:22.903914+00
53f05552-61d1-49e3-b59e-88d80d3d40ab,image_classification,resnet50,14549898-2f59-4ce4-bdfb-39fa59e58258,fp32,64,inference,2,13.812195497499943,0.010741504256299023,606.0759575291974,4.256761591533992,0.007023478721854636,2026-09-02 20:45:27.980169+00
5527d7cf-862c-4ca7-870d-bd79f6f7288d,image_classification,mobilenet_v3,d504bfe6-a358-43f6-8c01-6c324781ad02,fp16,64,train,3,11.225851697333079,0.34415137013681346,244.47463709205854,7.912769387689613,0.032366422471505736,2026-08-20 19:07:55.631876+00
554b833e-3027-4dd4-9c3b-78da0540b4fe,image_classification,resnet50,d504bfe6-a358-43f6-8c01-6c324781ad02,int8,32,inference,2,12.771800400998472,2.3165809006264513,284.5509641683097,52.7748792819416,0.18546723057569986,2026-08-20 20:13:23.795605+00
55562f0b-17e4-403e-b6e2-78edc42ddd8c,image_classification,resnet50,14549898-2f59-4ce4-bdfb-39fa59e58258,fp32,4,train,2,272.2549974714999,10.564274689835438,12063.801626752575,468.0199214070444,0.03879539268692613,2026-09-02 20:29:26.914482+00
5651c8f9-3522-4b97-a4bd-d85bbf7b3a4e,image_classification,resnet50,2cc07cbd-c349-4f63-a033-a42aa01ba446,fp32,4,inference,2,3.2467756534997534,0.1349897441787491,47.798601058364255,1.6088157053434138,0.03365821738964655,2026-09-03 16:51:34.07299+00
571f40de-4d01-40c9-bd42-87679f8af1c1,image_classification,resnet50,08fe8f61-2035-4ccd-918a-c480b7a1ae95,fp16,1,inference,2,2.301299687499977,0.0201575022038907,43.38725765875,1.2504444615370323,0.028820546146798298,2026-09-01 07:22:05.459205+00
572ac3ac-c0b1-45b5-95b9-62da2738480a,image_classification,mobilenet_v3,d504bfe6-a358-43f6-8c01-6c324781ad02,fp16,64,inference,3,2.323534838664879,0.19642666403818285,46.93081611081518,4.771694480397965,0.10167507995451908,2026-08-20 19:08:08.392196+00
57c8516f-0a77-4a1a-95c7-d07fa595d28b,image_classification,mobilenet_v3,4d0946c6-2bf7-4cab-8faf-5c88baed252c,fp16,64,train,3,2.0382057746666455,0.03346683908164496,143.02347216666666,12.022369328120762,0.08405871530031782,2026-09-02 18:26:27.124856+00
57e83992-d36b-4c81-9831-483394acdd80,image_classification,resnet50,b6188ef9-c186-46f5-91b6-8d52e3d26044,fp32,4,inference,2,1.413811712500035,0.1611817147457288,36.14868068324999,2.4272682293753904,0.06714679992457097,2026-09-03 15:19:46.399933+00
57f462d2-50a7-4b16-8c76-207eb5c6f64e,image_classification,mobilenet_v3,4d0946c6-2bf7-4cab-8faf-5c88baed252c,fp32,64,train,3,1.9275060216667346,0.06338631474189141,202.96499599999999,32.65050417677599,0.1608676610265151,2026-09-02 18:22:21.66975+00
583eba04-1ef8-4db8-9d50-8eef25c37d63,llm_inference,tiny-gpt2,b09133c7-cd71-4325-93b2-ce2fb0b9d2c7,int8,1,inference,3,19.412967441004486,9.336043637135683,1585.3472954443016,786.7138647830842,0.49624070829389066,2026-08-29 08:03:54.764794+00
5842eba7-dbe7-400f-934a-7ed2f602c70d,image_classification,mobilenet_v3,b549c125-f311-4d9b-84de-49fb420e4758,fp32,4,inference,3,2.737411691666542,0.25734568646518763,80.08254289992766,3.810788394149666,0.04758575659756064,2026-08-27 18:47:55.482095+00
58482a8a-88ff-42f4-b4f7-46e99e66ee51,image_classification,resnet50,19955f09-7592-46b4-bfa1-18ef8891baca,fp32,32,inference,2,11.622964891500033,1.084237747251626,469.47093282752235,42.92713206395341,0.09143725215406316,2026-08-27 17:53:38.340926+00
58dad1f0-130a-450d-84e9-a50eddcca349,nlp_sentiment,distilbert-base-uncased,9ab0fac5-67d0-4f80-af87-46d3fe2d8858,fp32,8,train,3,241.41304069033382,1.463723519735978,10059.349652539762,71.28026911217486,0.007085971914116553,2026-09-01 21:51:41.994915+00
5956e766-f108-4c6d-9369-4eb84204dad3,image_classification,resnet50,b09133c7-cd71-4325-93b2-ce2fb0b9d2c7,fp32,1,inference,2,20.593881903500005,15.78653595538899,1478.0530912737097,1115.7043749408738,0.754847293055906,2026-08-29 07:13:56.966588+00
5b0eab1a-7e0c-4f4e-9433-38bb9116a628,nlp_sentiment,distilbert-base-uncased,9ab0fac5-67d0-4f80-af87-46d3fe2d8858,fp16,16,inference,3,9.601903358332493,0.020901685628849666,470.7031248947553,14.332148875420573,0.030448382679900635,2026-09-01 23:13:09.951245+00
5b71c953-5e90-4f3e-9432-1d5cb637a9b9,llm_inference,tiny-gpt2,9ab0fac5-67d0-4f80-af87-46d3fe2d8858,int8,1,inference,3,1.9815539096668242,0.07851155391699301,137.35977577176004,11.829315184988369,0.08611920861493115,2026-09-01 20:54:44.162794+00
5b8018b3-5eca-48ac-a1f9-3b021a894f0d,image_classification,mobilenet_v3,d504bfe6-a358-43f6-8c01-6c324781ad02,fp16,4,train,3,77.50535874799971,7.747842003389544,1687.5545301008622,163.1671034244779,0.09668849243924917,2026-08-20 19:05:53.274182+00
5c39d3c6-f80a-4015-b4c6-2cac64f0ea86,nlp_sentiment,distilbert-base-uncased,14549898-2f59-4ce4-bdfb-39fa59e58258,int8,4,inference,3,4.827678261334465,0.08991442714473882,207.97499590308877,6.1483100367928305,0.029562736665025787,2026-09-03 02:07:22.930417+00
5ebae673-4e64-40e2-87bf-39208da59f47,nlp_sentiment,distilbert-base-uncased,9ab0fac5-67d0-4f80-af87-46d3fe2d8858,int8,1,inference,3,1.7758744026668865,0.216803391915092,108.37276437161277,41.68128096374748,0.38461029581954176,2026-09-01 23:13:32.475206+00
5ef18177-ac64-4ad5-9445-052484dcc271,nlp_sentiment,distilbert-base-uncased,b6188ef9-c186-46f5-91b6-8d52e3d26044,fp16,4,inference,3,2.1246488643333428,0.00625464155365655,62.16288373233333,0.5946549862710916,0.00956607786780954,2026-09-03 15:28:06.963086+00
5f14a802-8a9b-4126-a5ca-df579999e11f,nlp_sentiment,distilbert-base-uncased,d504bfe6-a358-43f6-8c01-6c324781ad02,int8,4,inference,3,3.820489247333171,0.44057247153230217,82.65303746841028,10.924054602206711,0.1321676121870518,2026-09-02 16:19:04.850555+00
5f200f69-e1f8-44c4-a216-c902c43ac4c9,image_classification,resnet50,9d25e756-1d19-4ac5-b235-29fc900e0f15,int8,32,inference,2,11.35089595699992,0.011773880863896627,680.1922748103223,71.99834558255814,0.10584999014085471,2026-09-01 14:19:25.704926+00
5f2a968c-bcec-47e9-8c4d-2dbcd5a483dc,image_classification,mobilenet_v3,d504bfe6-a358-43f6-8c01-6c324781ad02,int8,1,inference,3,2.8153726603334994,0.2725012816391342,53.15635956939732,6.476295571242385,0.12183482134037744,2026-08-20 19:08:24.296499+00
5f316056-c50c-4e0a-99a6-3f0870dd7d71,nlp_sentiment,distilbert-base-uncased,9ab0fac5-67d0-4f80-af87-46d3fe2d8858,fp16,4,train,3,282.50502613066664,3.210066599034895,11654.56336001006,95.45727563025996,0.00819054928799817,2026-09-01 22:45:15.049602+00
5f7917a2-6162-4c3b-9e1c-b0618776e5a2,nlp_sentiment,distilbert-base-uncased,9ab0fac5-67d0-4f80-af87-46d3fe2d8858,fp16,16,train,3,249.1273142793331,4.4322560997667715,10432.372021193558,190.94280381450147,0.018302913606473927,2026-09-01 23:12:03.295428+00
5fa9c585-fb07-400b-be5a-a225ba15525b,image_classification,mobilenet_v3,9ab0fac5-67d0-4f80-af87-46d3fe2d8858,fp16,4,train,3,25.773336850666663,0.6095415543482657,1183.3726808377457,75.98866057112392,0.06421363430270269,2026-09-01 19:35:27.334709+00
60197637-3f36-444f-9eb7-be5b148ec922,image_classification,mobilenet_v3,9ab0fac5-67d0-4f80-af87-46d3fe2d8858,int8,32,inference,3,1.3437290266665514,0.28769317184791315,75.94291795506012,2.850209159102483,0.0375309408151675,2026-09-01 19:37:36.137035+00
60309825-4734-48a0-99e3-78ead33189f6,nlp_sentiment,distilbert-base-uncased,d504bfe6-a358-43f6-8c01-6c324781ad02,fp16,8,train,3,548.9991992533336,8.641034457782464,11996.021377419647,194.05533272706762,0.01617664112305951,2026-09-02 15:47:26.400658+00
60a9f5ae-4300-43ca-97b5-4b8d17be0ac7,nlp_sentiment,distilbert-base-uncased,d504bfe6-a358-43f6-8c01-6c324781ad02,fp32,4,train,3,564.1856048449998,5.745330747957412,12588.240736609847,97.60128460370633,0.007753369723845259,2026-09-02 13:02:42.969446+00
61dd2a0c-017d-4d78-854b-736a9c5c0afa,image_classification,mobilenet_v3,0c05d5e8-a4e7-451a-a98b-b0a713fff833,fp32,64,inference,3,3.7673741910001204,0.15956032527881647,109.23099719303117,10.362742649754367,0.09486998119628537,2026-09-03 20:59:15.290244+00
62e391b4-6d20-4c66-95d2-17facac5237d,image_classification,resnet50,b6188ef9-c186-46f5-91b6-8d52e3d26044,fp16,32,inference,2,3.968714681500046,0.38848650841539484,116.23986474449998,21.904075394397665,0.18843858294694102,2026-09-03 15:21:42.354355+00
630e13eb-4672-49d9-91db-a58f276ae119,llm_inference,tiny-gpt2,14549898-2f59-4ce4-bdfb-39fa59e58258,fp32,1,inference,3,9.813532301667086,11.418034867096583,378.91253628432685,426.8459120757907,1.1265024806555775,2026-09-02 21:17:13.935332+00
63b91536-f132-4bca-8891-55b29d629932,image_classification,resnet50,14549898-2f59-4ce4-bdfb-39fa59e58258,fp16,64,train,2,207.08425870199994,0.8989316506530272,9123.229184483425,46.917648718471696,0.005142658127921211,2026-09-02 21:10:28.812957+00
63caa7ea-0211-49a5-ac55-cf613c26465a,image_classification,mobilenet_v3,6963c491-4ef8-46a0-92f5-98b9b2b886e9,fp32,64,inference,3,0.5161949393332179,0.022739282857277707,4.808440128333333,1.2174920744982274,0.2531989672335227,2026-08-29 06:32:47.270979+00
63d77862-ad46-470d-9972-0fb547d45beb,image_classification,resnet50,14549898-2f59-4ce4-bdfb-39fa59e58258,fp16,32,train,2,208.20986606100018,2.1806348546293095,9184.414670747472,99.54691776443894,0.01083867849319758,2026-09-02 21:02:30.251584+00
6639daf1-04b6-4c68-aa1c-6247091812ef,nlp_sentiment,distilbert-base-uncased,7cb1ff96-e79f-4122-88aa-ee7b680103b1,fp16,16,inference,3,10.118141067333303,0.03686673156324347,496.172488,12.492170353923262,0.025177071796699986,2026-09-01 13:10:21.909973+00
6795e912-8477-40fd-9ca4-8b8ee7aa3b31,image_classification,resnet50,6963c491-4ef8-46a0-92f5-98b9b2b886e9,fp16,4,train,2,27.684239546000754,0.06363326614377378,811.2345959625006,0.4984846056892908,0.0006144765129226976,2026-08-29 06:40:53.799788+00
67c62bb9-08e1-45ce-b797-e91a58434a23,nlp_sentiment,distilbert-base-uncased,4d0946c6-2bf7-4cab-8faf-5c88baed252c,fp32,8,train,3,79.34976117566657,0.04969657248169182,16851.294512500008,30.60934010947709,0.0018164384989397457,2026-09-02 18:53:13.488431+00
68892791-f981-4937-a70a-a376d53ab550,image_classification,resnet50,19955f09-7592-46b4-bfa1-18ef8891baca,fp16,1,inference,2,4.007407342500073,0.045293034025687545,154.69068589282995,0.3058542165690186,0.0019771986581074126,2026-08-27 18:01:48.407697+00
6a204432-cfdb-48f3-bb1f-0f0c2afed6e7,image_classification,mobilenet_v3,9d25e756-1d19-4ac5-b235-29fc900e0f15,fp16,4,train,3,34.052196346999985,0.20002101019242333,2187.218158470815,671.4186307032487,0.3069737822461516,2026-09-01 13:19:27.312071+00
6b43e892-5d22-48ac-b93c-57c3aa55ee1b,nlp_sentiment,distilbert-base-uncased,d504bfe6-a358-43f6-8c01-6c324781ad02,int8,1,inference,3,2.6203263840009945,0.31718807378495956,56.20267857653402,5.529999212280082,0.0983938728961041,2026-09-02 16:18:35.807903+00
6c6dcfb7-da32-414a-9e4c-613542c6c4d7,image_classification,mobilenet_v3,14549898-2f59-4ce4-bdfb-39fa59e58258,fp32,64,inference,3,1.7457405476666281,0.0237555107591183,65.52624988864457,3.3372595335108235,0.050930116391250356,2026-09-02 20:12:07.408628+00
6c92e7af-3887-4c89-b644-e6842ace8580,image_classification,resnet50,9d25e756-1d19-4ac5-b235-29fc900e0f15,fp16,64,train,2,198.40539680099982,5.263036524349551,15732.984509272068,930.6599868843583,0.05915342930236051,2026-09-01 14:16:51.581566+00
6cd9c872-d2a1-472d-ab60-57e055efbf34,image_classification,resnet50,14549898-2f59-4ce4-bdfb-39fa59e58258,fp16,4,inference,2,2.68468537800004,0.008269929175905718,114.5419690041602,0.6982372102997311,0.00609590717158329,2026-09-02 20:55:15.929661+00
6d2da911-f1bc-4667-9619-3edf0e9d395c,nlp_sentiment,distilbert-base-uncased,08fe8f61-2035-4ccd-918a-c480b7a1ae95,fp32,1,inference,3,3.1118303073335483,0.04942726252982795,78.70356666566667,2.2095935938940614,0.028074885135516554,2026-09-01 07:36:41.665438+00
6dce72c6-5735-4813-92cd-be39d1f05138,image_classification,resnet50,08fe8f61-2035-4ccd-918a-c480b7a1ae95,fp16,64,train,2,12.253521200500018,0.015440081739617896,359.205183629,0.6636305887388997,0.0018474972494392542,2026-09-01 07:24:58.350202+00
6e4b551b-cb1c-419d-b82a-b966afb9ef5b,nlp_sentiment,distilbert-base-uncased,4d0946c6-2bf7-4cab-8faf-5c88baed252c,fp16,1,train,3,56.269244131000356,0.11619396720202131,8772.834734666661,23.575644910662465,0.002687346293838312,2026-09-02 19:02:07.127154+00
6e7dc16a-a855-4b9c-ac2e-87fe01e1af93,image_classification,mobilenet_v3,b6188ef9-c186-46f5-91b6-8d52e3d26044,fp32,4,inference,3,1.4562155050000076,0.04812139138933713,34.680721166333335,10.537546220118925,0.30384449532002106,2026-09-03 15:18:30.81746+00
6fc8adf8-0355-43df-8f36-f6a7ed6cfb0f,llm_inference,tiny-gpt2,9d25e756-1d19-4ac5-b235-29fc900e0f15,int8,1,inference,3,21.75764744800017,1.8657901581482899,1942.090336905512,344.3821591909795,0.1773255098625902,2026-09-01 14:38:54.850268+00
7058c153-aaf6-4f8c-8b59-0858be0135c4,nlp_sentiment,distilbert-base-uncased,08fe8f61-2035-4ccd-918a-c480b7a1ae95,fp16,8,train,3,23.615442299666636,0.08064040293552631,1653.5138467134998,29.06501937547074,0.017577729653271396,2026-09-01 07:56:57.463871+00
70c17d58-655a-43f0-8ee6-59fdcb7de776,nlp_sentiment,distilbert-base-uncased,14549898-2f59-4ce4-bdfb-39fa59e58258,fp16,1,train,3,1015.1164205633335,0.5801811456028625,44444.98242063191,18.780853709661915,0.00042256409355544285,2026-09-03 00:27:59.171391+00
70f27811-fe55-4c5c-bace-410685ceec63,nlp_sentiment,distilbert-base-uncased,d504bfe6-a358-43f6-8c01-6c324781ad02,fp32,8,train,3,539.430900536333,5.017798676706897,11708.769603767287,136.50432738026078,0.011658298181590372,2026-09-02 13:31:01.56319+00
73379ab5-2fda-42d3-ad79-2f5e1d66e89d,image_classification,resnet50,9ab0fac5-67d0-4f80-af87-46d3fe2d8858,fp32,32,inference,2,4.961917737500016,0.03422254904610526,284.5013936435427,6.948897099151033,0.024424826220209802,2026-09-01 19:48:11.897982+00
73daad3b-c749-4eb2-b788-d0fa30fa4d93,nlp_sentiment,distilbert-base-uncased,14549898-2f59-4ce4-bdfb-39fa59e58258,fp32,4,train,3,566.9228681203334,2.342910559631948,25008.996437512033,148.57908998608636,0.0059410256767931085,2026-09-02 22:35:51.591263+00
74233dcd-f7b3-41fa-b7f4-68a8587cc29e,image_classification,mobilenet_v3,08fe8f61-2035-4ccd-918a-c480b7a1ae95,fp32,32,train,3,2.2946869523332984,0.038610247407213326,45.51933775916666,1.1010163565650006,0.02418788169525332,2026-09-01 07:02:34.548184+00
75385e43-2d08-4e55-810f-d09385edbfe8,image_classification,mobilenet_v3,2cc07cbd-c349-4f63-a033-a42aa01ba446,fp32,32,inference,3,3.1796284700000492,0.21880028993498543,35.63869899629383,3.4355048886644513,0.09639815665049162,2026-09-03 16:44:45.523675+00
75a24b69-54f2-416e-be3d-96bbb056459e,image_classification,mobilenet_v3,6963c491-4ef8-46a0-92f5-98b9b2b886e9,fp16,1,inference,3,2.5899237809996216,0.8297106350468878,31.747356503666662,12.183635786280508,0.38376851265941964,2026-08-29 06:33:01.917452+00
75d27785-24c9-4eb9-ac3e-c3eb51f83fca,image_classification,mobilenet_v3,9ab0fac5-67d0-4f80-af87-46d3fe2d8858,fp32,64,inference,3,1.1438112210001539,0.22603119081533207,70.11363390086578,9.590861394500198,0.13679024835684303,2026-09-01 19:33:44.123723+00
75f4bdec-13e4-4599-86a5-4ad8e396d0e1,nlp_sentiment,distilbert-base-uncased,4d0946c6-2bf7-4cab-8faf-5c88baed252c,fp16,16,inference,3,1.54722597466692,0.0021278276646829537,367.5587988333333,7.1311186185148605,0.019401300257672272,2026-09-02 19:06:52.286612+00
7614b2ac-0288-4eac-abcc-edf42e31fa30,image_classification,mobilenet_v3,19955f09-7592-46b4-bfa1-18ef8891baca,fp16,32,train,3,12.67384578333334,0.460760605834697,503.4174390272616,18.622478242300144,0.036992119856403466,2026-08-27 17:23:30.669729+00
7643df7c-bea4-4173-a58d-e78cf3ed3969,image_classification,mobilenet_v3,19955f09-7592-46b4-bfa1-18ef8891baca,fp32,64,train,3,9.18571810033336,0.5998613570157765,361.563980204034,25.74160649637467,0.07119516297460945,2026-08-27 17:19:20.090132+00
768722ca-8706-42c3-b4f7-febbdb2644f5,image_classification,resnet50,b09133c7-cd71-4325-93b2-ce2fb0b9d2c7,fp32,32,train,2,461.0741235630012,11.978999553349192,38742.75632434481,1720.7849368230607,0.044415655985265305,2026-08-29 07:50:17.923778+00
76999296-fe5c-48c3-a347-4480123d3ba5,nlp_sentiment,distilbert-base-uncased,9ab0fac5-67d0-4f80-af87-46d3fe2d8858,int8,16,inference,3,8.006310027999765,0.0881442690684642,356.4361507695769,15.140616541446878,0.04247778040683292,2026-09-01 23:15:09.202872+00
77350712-663a-4d30-9ba6-59a68eb30627,image_classification,mobilenet_v3,4d0946c6-2bf7-4cab-8faf-5c88baed252c,fp32,4,inference,3,2.9084201426665763,0.9113716493592178,152.49372216666669,52.583191366432246,0.3448220072231033,2026-09-02 18:20:46.669082+00
7773532a-5f35-4499-aec4-fa4168ea3177,image_classification,mobilenet_v3,0c05d5e8-a4e7-451a-a98b-b0a713fff833,fp32,32,inference,3,3.4076896900000215,0.09781077104191237,97.56985960966418,11.443403026090776,0.11728420100091361,2026-09-03 20:58:43.901426+00
777f6ac8-85ef-490b-b280-a74d996cabc3,nlp_sentiment,distilbert-base-uncased,14549898-2f59-4ce4-bdfb-39fa59e58258,fp16,4,train,3,645.2825230803325,2.9366272630603567,28523.559000896417,128.5579378536331,0.0045070791428795005,2026-09-03 01:01:08.706338+00
780fda71-9eeb-4f98-8323-c6b39d05550c,image_classification,resnet50,0c05d5e8-a4e7-451a-a98b-b0a713fff833,fp32,64,inference,2,7.4710726614999885,0.03865066384201232,214.17421104175747,0.43419752872734535,0.0020273100417430275,2026-09-03 21:01:47.151155+00
7849bdec-fae5-4cb1-be68-179606b4a0d1,nlp_sentiment,distilbert-base-uncased,d504bfe6-a358-43f6-8c01-6c324781ad02,fp16,4,inference,3,6.4776395226666255,0.37376471527285837,143.81201744599952,8.979528560540317,0.062439347698547316,2026-09-02 15:19:23.897771+00
7867074c-b86e-4ac7-852e-9405427cb61c,image_classification,mobilenet_v3,9d25e756-1d19-4ac5-b235-29fc900e0f15,fp32,4,train,3,33.27011932599991,0.23609374619896467,2425.867172580134,473.1242897244483,0.19503305666205825,2026-09-01 13:15:31.966159+00
795f53f4-c957-40c0-89e5-416b6d612d99,image_classification,resnet50,2cc07cbd-c349-4f63-a033-a42aa01ba446,fp32,32,inference,2,2.666691756999626,0.03405373932286971,50.71485398636375,0.11751891376406529,0.0023172483902973253,2026-09-03 16:51:56.553688+00
79610839-57ba-4b34-95f4-54e990c252b0,image_classification,mobilenet_v3,19955f09-7592-46b4-bfa1-18ef8891baca,fp32,64,inference,3,1.613017091999988,0.07801804183135942,56.94856135195175,2.296602654648297,0.04032766763772844,2026-08-27 17:19:29.982179+00
79a7607e-6ac7-4f66-a4c5-c89ea8684c51,nlp_sentiment,distilbert-base-uncased,9ab0fac5-67d0-4f80-af87-46d3fe2d8858,fp32,8,inference,3,4.713955992666645,0.022587218658073463,249.03294983308146,18.790297290458867,0.07545305672624197,2026-09-01 21:52:23.545973+00
79db10a9-5c97-4232-9028-fa9c7511ad11,image_classification,mobilenet_v3,b09133c7-cd71-4325-93b2-ce2fb0b9d2c7,fp32,4,inference,3,5.226505183668148,0.16433836400253005,399.8372155017342,121.18797349071143,0.3030932809459449,2026-08-29 06:16:57.259905+00
7aac3453-84f5-45f2-9b62-e531164e1472,image_classification,mobilenet_v3,b09133c7-cd71-4325-93b2-ce2fb0b9d2c7,fp32,32,inference,3,1.7809887680001946,0.06934413085743686,129.90047505218956,24.5284693472079,0.18882509349833557,2026-08-29 06:17:37.419609+00
7b405237-dc37-446b-bbcc-9676fe87cec8,image_classification,resnet50,0c05d5e8-a4e7-451a-a98b-b0a713fff833,fp32,32,inference,2,3.195027751499879,0.020589673140348565,85.653453193973,8.578485692248954,0.1001534132292588,2026-09-03 21:01:05.738643+00
7b862d2c-6eb9-48cc-b6fa-ec81b41ce5a6,image_classification,resnet50,b549c125-f311-4d9b-84de-49fb420e4758,fp32,4,inference,2,3.7256806109994614,0.13129289446798664,121.94833704351625,0.822333948668991,0.006743297765311453,2026-08-27 18:51:15.164877+00
7c2443c9-3a77-46ef-8bb4-97ca27692017,image_classification,mobilenet_v3,9ab0fac5-67d0-4f80-af87-46d3fe2d8858,fp32,4,inference,3,1.77790738633333,0.8054059348550364,101.38747804426188,24.614457119111485,0.24277610602332722,2026-09-01 19:32:27.351013+00
7c640f19-8c2b-4cf1-aec4-ce4847b93704,image_classification,mobilenet_v3,9ab0fac5-67d0-4f80-af87-46d3fe2d8858,int8,64,inference,3,0.844012392666779,0.41133970550874266,68.58102318475312,2.7738931075258284,0.040446948422643514,2026-09-01 19:37:47.827964+00
7e4a9f9e-2b6f-4ff7-933b-4ffd20f25159,image_classification,mobilenet_v3,b09133c7-cd71-4325-93b2-ce2fb0b9d2c7,fp32,64,inference,3,1.6515120636649954,0.10214538776245778,134.5863934450482,47.77108802153833,0.35494738211439875,2026-08-29 06:18:23.854271+00
7e61f2da-3bf8-4c1c-bbe8-7be06c2a3c44,image_classification,resnet50,d504bfe6-a358-43f6-8c01-6c324781ad02,int8,4,inference,2,3.1147149195003294,0.32872255179032667,66.58587222326581,7.974955878840856,0.11976948882039758,2026-08-20 20:12:50.316382+00
7e894ca8-639f-46ff-8926-ec5a88168b6b,llm_inference,tiny-gpt2,b09133c7-cd71-4325-93b2-ce2fb0b9d2c7,fp32,1,inference,3,22.27366451499741,4.113552045289392,1744.1953610222554,207.8042345874566,0.11914045824870478,2026-08-29 08:02:46.747757+00
7f567002-cdb6-41b4-96fc-5bccc2338cce,image_classification,mobilenet_v3,9d25e756-1d19-4ac5-b235-29fc900e0f15,fp32,1,inference,3,7.438773164000092,0.13686894542782535,270.2755436290604,103.80223556530375,0.384060778017589,2026-09-01 13:13:46.142807+00
7f6749f9-0abd-4891-9b58-e8dff544095b,image_classification,resnet50,b549c125-f311-4d9b-84de-49fb420e4758,fp32,32,inference,2,4.66800677800029,0.13537842309934234,182.85359676867603,37.53924310290718,0.20529671697077542,2026-08-27 18:51:34.190069+00
7fa51c74-e91e-421c-8cc8-b016272c70ad,image_classification,resnet50,14549898-2f59-4ce4-bdfb-39fa59e58258,int8,32,inference,2,12.242376181999589,0.18478406723878463,536.4310172806589,7.33544111449385,0.013674528277055188,2026-09-02 21:12:17.890057+00
80153838-80cd-46b2-a09c-889a3f0b6842,nlp_sentiment,distilbert-base-uncased,6963c491-4ef8-46a0-92f5-98b9b2b886e9,fp32,16,inference,3,2.3260255210019145,0.014471979320015003,65.77622661866667,0.40628353802869704,0.006176753500684967,2026-08-29 06:58:45.544118+00
80a38ab5-30d5-49e9-a5af-c2491e2dd6b4,nlp_sentiment,distilbert-base-uncased,9ab0fac5-67d0-4f80-af87-46d3fe2d8858,fp32,16,inference,3,9.607236756999555,0.010994750636812704,444.6565120508685,32.55660620829041,0.07321742811801202,2026-09-01 22:06:42.954432+00
81c754c5-a577-426b-84fb-170712ed485f,image_classification,resnet50,9ab0fac5-67d0-4f80-af87-46d3fe2d8858,fp16,4,inference,2,2.1833396415004245,1.2704948253962227,105.24803858996773,46.32273820130504,0.4401292301681006,2026-09-01 19:57:44.716618+00
824a969d-b767-412c-a276-bab61b624eee,image_classification,resnet50,14549898-2f59-4ce4-bdfb-39fa59e58258,fp32,32,inference,2,13.27723298199976,0.031236910163474726,583.6045931251351,2.1555131488210773,0.0036934478827155104,2026-09-02 20:37:20.917484+00
827f770a-0344-4a24-a97d-c669aedee102,nlp_sentiment,distilbert-base-uncased,9ab0fac5-67d0-4f80-af87-46d3fe2d8858,int8,4,inference,3,1.4932757186658516,0.03468805793683973,100.39256503855576,38.57547384280363,0.38424632170707784,2026-09-01 23:13:54.037034+00
82b4b229-967f-4c94-ba9b-a9f8e174d5db,image_classification,resnet50,9ab0fac5-67d0-4f80-af87-46d3fe2d8858,fp16,32,inference,2,4.531416739499946,0.007285546734152082,237.39358913400514,2.7448105047041165,0.011562277291130688,2026-09-01 20:01:22.193427+00
83a8b0e9-f4d4-4257-bd07-5b265fe08ca1,image_classification,mobilenet_v3,19955f09-7592-46b4-bfa1-18ef8891baca,fp16,4,inference,3,3.3981744309999917,0.3674595266876424,130.41376442521837,15.557999407015705,0.11929721893686264,2026-08-27 17:22:46.729849+00
8400ac81-f049-429f-b7b2-6ea8728467cf,image_classification,mobilenet_v3,b6188ef9-c186-46f5-91b6-8d52e3d26044,fp32,1,inference,3,1.5002457279999817,0.12585133467856635,35.49889231616667,8.01601448126932,0.22581027063818326,2026-09-03 15:18:18.15373+00
847c4707-dbf8-4158-ac07-73c348c38187,image_classification,resnet50,08fe8f61-2035-4ccd-918a-c480b7a1ae95,fp32,64,inference,2,2.950962875000073,0.01961391881529322,79.38835226025,0.048246036041076974,0.000607721846687501,2026-09-01 07:21:39.750207+00
8491d823-56b1-4426-9bc3-da5964f06057,nlp_sentiment,distilbert-base-uncased,4d0946c6-2bf7-4cab-8faf-5c88baed252c,fp32,1,train,3,90.58817919800003,0.15949062558726768,18485.892399666685,168.34568368434034,0.009106711217651345,2026-09-02 18:43:51.017085+00
85c11ca8-d89c-4663-bd13-b49587b4083d,image_classification,mobilenet_v3,4d0946c6-2bf7-4cab-8faf-5c88baed252c,fp32,4,train,3,19.709767512666684,0.22422147992530966,1388.9181726666657,14.197227115286989,0.0102217880035574,2026-09-02 18:20:31.584414+00
860ad04f-22af-4aa6-9398-b3ac74b6fa2f,nlp_sentiment,distilbert-base-uncased,9ab0fac5-67d0-4f80-af87-46d3fe2d8858,fp16,1,train,3,464.29332761466685,36.39548891972646,19543.508410729435,1270.4997501116782,0.06500878570063555,2026-09-01 22:30:19.465142+00
86f24755-907a-42b1-b6af-cbc0d86c1a0e,image_classification,mobilenet_v3,19955f09-7592-46b4-bfa1-18ef8891baca,int8,32,inference,3,2.5591373453332835,0.1374333008927438,94.04967830919784,6.603807515428514,0.07021616271474983,2026-08-27 17:25:12.762799+00
871352f6-5c40-4791-a76e-bda6a236eeac,image_classification,mobilenet_v3,9ab0fac5-67d0-4f80-af87-46d3fe2d8858,fp16,4,inference,3,1.8146350929999546,0.7891846113455562,101.00213584872714,16.16182203467193,0.16001465611457766,2026-09-01 19:35:40.386735+00
872ef7a3-63b4-4321-9aff-635a66f334f7,image_classification,mobilenet_v3,4d0946c6-2bf7-4cab-8faf-5c88baed252c,fp16,64,inference,3,2.037375056999887,0.05558789288535297,125.51680166666665,4.536538032150101,0.03614287467424263,2026-09-02 18:26:40.886653+00
877ffc2f-63e5-4340-9027-83b184993560,nlp_sentiment,distilbert-base-uncased,9ab0fac5-67d0-4f80-af87-46d3fe2d8858,fp32,4,train,3,279.22767161133316,2.586258623040108,11595.297484686213,55.908638289534416,0.004821664848476063,2026-09-01 21:38:38.18801+00
87a8c5c7-977f-43a2-8c75-a61eb02f3d75,image_classification,resnet50,08fe8f61-2035-4ccd-918a-c480b7a1ae95,fp16,32,train,2,13.871582404000037,0.08012227927544593,405.38712213450026,0.7597045273679595,0.0018740223502114676,2026-09-01 07:24:16.452568+00
8814f74f-f9ff-4880-88ae-dd357bff40a2,image_classification,resnet50,d504bfe6-a358-43f6-8c01-6c324781ad02,fp16,32,train,2,190.00148939849987,0.042956819688413805,4247.944475452971,2.1474609735799643,0.0005055294357045414,2026-08-20 20:04:07.215809+00
8903f54e-b5d9-4090-94e9-dba92528baf0,nlp_sentiment,distilbert-base-uncased,08fe8f61-2035-4ccd-918a-c480b7a1ae95,fp32,16,train,3,41.10817353066659,0.45736031804751887,2964.465488175502,31.8312669198429,0.010737607520414631,2026-09-01 07:47:26.323085+00
890ffbfe-529e-465c-880b-b10e77285b20,nlp_sentiment,distilbert-base-uncased,4d0946c6-2bf7-4cab-8faf-5c88baed252c,fp32,16,train,3,85.37329970333349,0.12090070114091248,18098.103771166676,18.09141126622725,0.0009996302096051584,2026-09-02 18:58:22.201426+00
8a85c1b0-7e3d-45c2-928c-41b7f444cf96,image_classification,mobilenet_v3,14549898-2f59-4ce4-bdfb-39fa59e58258,fp16,64,train,3,8.263259936666676,0.09243302967228494,345.82711859448466,5.97716930635208,0.01728369172043122,2026-09-02 20:16:21.542319+00
8a86078f-e8fe-4f76-a957-9a56894ba988,image_classification,mobilenet_v3,4d0946c6-2bf7-4cab-8faf-5c88baed252c,fp32,64,inference,3,1.5574780550000469,0.28287150833256514,91.63031683333334,13.301529440643186,0.1451651582176386,2026-09-02 18:22:34.108927+00
8a8a479c-9d7d-4574-b10f-9dd0f7cacd80,image_classification,resnet50,19955f09-7592-46b4-bfa1-18ef8891baca,fp16,32,inference,2,12.348471588000393,0.5058235891899412,499.684658618702,21.265116193202026,0.04255707239839227,2026-08-27 18:18:50.123928+00
8b04f31a-4d92-4d2a-8ece-c446b9421d36,nlp_sentiment,distilbert-base-uncased,08fe8f61-2035-4ccd-918a-c480b7a1ae95,fp32,1,train,3,155.78257030766676,2.4165715719322023,4653.099381928,69.56577780242702,0.014950417365382515,2026-09-01 07:36:18.761784+00
8b394946-1652-4a55-8d17-83b025e27928,image_classification,resnet50,9ab0fac5-67d0-4f80-af87-46d3fe2d8858,int8,1,inference,2,0.8666791759997068,0.08419214690679716,115.174605109902,65.05630275793688,0.5648493667146399,2026-09-01 20:05:59.478039+00
8b7ce7fa-8277-4c17-a54d-0e1ce416cd35,image_classification,resnet50,9ab0fac5-67d0-4f80-af87-46d3fe2d8858,fp32,1,inference,2,2.93598074800002,2.536171599133583,132.1909181490675,8.697397604249428,0.06579421435322545,2026-09-01 19:39:20.116696+00
8c3890bc-be95-4ca5-b4e4-f85426a70dc7,nlp_sentiment,distilbert-base-uncased,6963c491-4ef8-46a0-92f5-98b9b2b886e9,fp16,4,train,3,30.924866546668152,0.1299395396665008,878.8419251315001,3.7786563379006326,0.004299585886660148,2026-08-29 07:05:26.726736+00
8c3f8fc6-afb0-4058-a960-b1f5de3ce18e,image_classification,resnet50,14549898-2f59-4ce4-bdfb-39fa59e58258,fp32,1,inference,2,4.849286978000009,0.8351637146076195,138.84241050074738,57.23112704827719,0.412202055855038,2026-09-02 20:20:14.853168+00
8ca557f6-5c1f-4a6b-8bc4-2c53cfb9357a,image_classification,mobilenet_v3,d504bfe6-a358-43f6-8c01-6c324781ad02,fp32,1,inference,3,4.392507886001113,1.0301689151295617,66.46054461911922,27.88520653089844,0.41957535392926176,2026-08-20 18:55:31.894671+00
8d9b5c1a-a79b-4adf-ada9-20e922aebb23,image_classification,mobilenet_v3,6963c491-4ef8-46a0-92f5-98b9b2b886e9,fp32,4,train,3,10.204889274666735,0.1756935138999064,173.54919282883336,4.216886589948035,0.024297932598897367,2026-08-29 06:32:04.84365+00
8e9320d2-552a-431b-bed3-b3da43041f08,nlp_sentiment,distilbert-base-uncased,4d0946c6-2bf7-4cab-8faf-5c88baed252c,fp32,4,inference,3,2.9100439593332035,0.4107103721078405,609.3469293333333,71.78219271621757,0.11780184532110818,2026-09-02 18:48:53.528479+00
8f2054c1-7bf3-4652-a8c0-3e704dc97de3,image_classification,mobilenet_v3,d504bfe6-a358-43f6-8c01-6c324781ad02,fp32,32,train,3,15.43410820933362,0.41533882148628404,337.2822082691594,10.595322846281737,0.03141382079017466,2026-08-20 19:00:28.061707+00
8f79f546-2f2f-4a71-90b1-f0cf48496e1c,nlp_sentiment,distilbert-base-uncased,14549898-2f59-4ce4-bdfb-39fa59e58258,fp32,1,inference,3,4.332441658000486,0.10264880341594655,191.91719885014047,5.595671795625523,0.029156697936149705,2026-09-02 22:07:05.647236+00
901ad15f-6e3b-47a6-9ca1-00085c6892cf,image_classification,mobilenet_v3,08fe8f61-2035-4ccd-918a-c480b7a1ae95,fp32,64,train,3,1.2514854346666198,0.04588125933546686,25.428749454500004,2.381529819095239,0.09365501136249511,2026-09-01 07:02:51.692823+00
9049fa8b-26c2-4248-a99d-901a2ad67054,image_classification,mobilenet_v3,6963c491-4ef8-46a0-92f5-98b9b2b886e9,fp32,32,inference,3,0.6329849893324232,0.021279236658047852,6.405688687333334,0.33608190737017846,0.05246616308949728,2026-08-29 06:32:32.519335+00
90801985-7c4c-4516-a0b8-e047e96adf03,image_classification,mobilenet_v3,b09133c7-cd71-4325-93b2-ce2fb0b9d2c7,fp16,64,train,3,9.160183767665634,0.2818681062909027,735.3815105143995,22.079562142437506,0.03002463595663814,2026-08-29 06:22:19.189044+00
9123453d-0e0b-4fe4-83ef-f6e5ea6984e3,nlp_sentiment,distilbert-base-uncased,4d0946c6-2bf7-4cab-8faf-5c88baed252c,fp16,16,train,3,11.03677216799982,0.013932926480048156,2360.2202603333335,16.10260546618011,0.006822501160932302,2026-09-02 19:06:27.779796+00
9335925a-aab5-4436-9c5d-9d69191ca645,image_classification,mobilenet_v3,9ab0fac5-67d0-4f80-af87-46d3fe2d8858,fp32,64,train,3,5.048779686999903,0.03186029618410751,230.97021658954878,6.3135346591559784,0.027334843220827895,2026-09-01 19:33:32.53121+00
9358f851-6184-4183-a1c9-ad8a136baa97,nlp_sentiment,distilbert-base-uncased,14549898-2f59-4ce4-bdfb-39fa59e58258,fp16,16,inference,3,29.69507375400038,0.672459549964175,1255.959148897591,29.021260013381927,0.023106850281599627,2026-09-03 02:06:35.322642+00
936c04f2-6522-4484-87f8-834e3b60a627,nlp_sentiment,distilbert-base-uncased,08fe8f61-2035-4ccd-918a-c480b7a1ae95,fp16,16,inference,3,2.8493477256673336,0.004292184913693703,174.27075318199996,5.975504581841754,0.034288625444805564,2026-09-01 07:58:51.780319+00
9388022c-6ff4-4c57-a52a-e6d97337a067,image_classification,resnet50,d504bfe6-a358-43f6-8c01-6c324781ad02,fp32,1,inference,2,3.9040864050011805,2.3899104858890237,51.31054714450313,7.44348430564222,0.14506733449322876,2026-08-20 19:21:41.89223+00
951479f1-1df8-4d2c-9352-5c22504cf48c,image_classification,mobilenet_v3,9ab0fac5-67d0-4f80-af87-46d3fe2d8858,fp16,32,train,3,6.541506928999752,0.06981871730625591,294.32564547938466,7.788689097939327,0.02646282856274197,2026-09-01 19:36:07.83465+00
953c8119-a8cd-4aa3-8ee8-6bd681585055,image_classification,resnet50,9ab0fac5-67d0-4f80-af87-46d3fe2d8858,fp16,1,inference,2,1.4286652870002854,0.8960024480842144,83.75303938393941,26.742899140184445,0.3193066106841813,2026-09-01 19:52:56.281443+00
9579fbd0-e215-4614-95ed-4f1cc70f6428,image_classification,resnet50,9ab0fac5-67d0-4f80-af87-46d3fe2d8858,fp32,4,inference,2,1.2297056140000677,0.026621327217743327,121.25690187481761,7.629220694789326,0.06291782634085051,2026-09-01 19:44:13.799897+00
963f6b7e-1af4-47ed-a99f-73a3ba35d7d5,nlp_sentiment,distilbert-base-uncased,4d0946c6-2bf7-4cab-8faf-5c88baed252c,fp16,4,inference,3,1.894035632000244,0.577403362661833,417.43289500000003,106.23296981173291,0.2544911315907025,2026-09-02 19:04:10.297556+00
965c04f8-4890-4c0a-9f6d-e95369469423,image_classification,mobilenet_v3,b549c125-f311-4d9b-84de-49fb420e4758,fp32,64,inference,3,3.9246379156669113,0.07076616341796807,128.23741354273182,4.886303008111424,0.038103568008124165,2026-08-27 18:48:44.284815+00
970ed3f6-afb6-4239-a741-aaca1190f5fb,image_classification,mobilenet_v3,d504bfe6-a358-43f6-8c01-6c324781ad02,fp16,4,inference,3,3.339084877666513,0.31152677199514706,70.28494723410337,7.045541462881603,0.1002425375580704,2026-08-20 19:06:08.536366+00
98139583-f2cd-458b-9ccb-7931c78220c6,nlp_sentiment,distilbert-base-uncased,9ab0fac5-67d0-4f80-af87-46d3fe2d8858,int8,8,inference,3,3.156694378332759,0.451583594923497,180.82835040933043,79.91811771943414,0.44195568636515364,2026-09-01 23:14:24.040899+00
99462c49-35b2-4804-9ec9-2b176d11927c,image_classification,mobilenet_v3,08fe8f61-2035-4ccd-918a-c480b7a1ae95,fp32,1,inference,3,2.7785128673333475,0.5599395520995689,38.361314138000004,8.54012640137511,0.2226234057220532,2026-09-01 07:01:10.590289+00
99935308-f7e4-4283-a169-46859c021627,image_classification,mobilenet_v3,14549898-2f59-4ce4-bdfb-39fa59e58258,fp16,32,inference,3,2.0359487689999773,0.08648774793448412,76.14953710605234,3.9001412461530545,0.05121687398731506,2026-09-02 20:15:50.657306+00
99a1f1bf-b70f-4d99-8a83-8783ebc148b2,nlp_sentiment,distilbert-base-uncased,4d0946c6-2bf7-4cab-8faf-5c88baed252c,fp32,16,inference,3,3.216622614666752,0.0016560945374599258,689.0006849999999,28.912990664568976,0.04196366026046691,2026-09-02 18:58:57.874709+00
99d80982-63df-4ca7-860d-2837f90ab8a2,image_classification,resnet50,b6188ef9-c186-46f5-91b6-8d52e3d26044,fp16,4,inference,2,1.9567315410000106,0.01139686284227462,41.15329710575,0.1453214393978385,0.0035312222742302215,2026-09-03 15:21:22.672942+00
9a9b86e7-16a7-4522-8150-8530d048c162,image_classification,resnet50,9d25e756-1d19-4ac5-b235-29fc900e0f15,fp16,32,train,2,188.87050002549995,1.5854500201777277,14827.85360921927,331.1955582552056,0.022336041815875736,2026-09-01 14:09:12.454837+00
9ac9fb66-4239-49c3-83d9-7046168eee1b,image_classification,mobilenet_v3,b09133c7-cd71-4325-93b2-ce2fb0b9d2c7,fp32,1,inference,3,6.126908382000693,0.2921952595707912,366.6589490510378,161.62349925696398,0.4408006396005529,2026-08-29 06:14:48.151606+00
9b6733f4-4cfa-41f4-ae33-39e0b4a4f264,nlp_sentiment,distilbert-base-uncased,14549898-2f59-4ce4-bdfb-39fa59e58258,fp16,8,train,3,597.863346836332,1.670443905122932,25865.61714778134,231.52942389605795,0.008951242979173135,2026-09-03 01:32:14.453439+00
9b77ef9c-3f40-46ef-850a-95b2f9e119fb,llm_inference,tiny-gpt2,d504bfe6-a358-43f6-8c01-6c324781ad02,fp32,1,inference,3,7.501343580000007,9.416633015743907,141.52541420845753,171.1243388920588,1.20914211662369,2026-08-29 08:23:46.153514+00
9bd9dc00-355e-4e70-a8f0-72cf15fff43b,image_classification,resnet50,d504bfe6-a358-43f6-8c01-6c324781ad02,fp16,4,inference,2,4.083167596500061,0.159880481291003,87.05299224471932,3.4050446790569637,0.03911461962714458,2026-08-20 19:57:29.95109+00
9c570882-e30b-4dab-ae91-7e6c0d0b88ce,nlp_sentiment,distilbert-base-uncased,08fe8f61-2035-4ccd-918a-c480b7a1ae95,fp32,4,train,3,95.59072494533332,11.573738591618113,3143.8053964864994,158.27737300050362,0.05034579213376044,2026-09-01 07:41:45.028886+00
9d0cf12c-e55f-4949-8e87-d2282d5d5d2a,image_classification,resnet50,9d25e756-1d19-4ac5-b235-29fc900e0f15,fp32,64,train,2,205.50300084700007,5.061498780982388,16018.45849572929,36.17264327214156,0.0022581850358313576,2026-09-01 13:52:12.856945+00
9e2d3012-efcb-4b30-9c9e-e5902849537d,image_classification,mobilenet_v3,d504bfe6-a358-43f6-8c01-6c324781ad02,fp16,1,inference,3,3.5965716273337116,1.6445003114640386,70.06465162084507,33.5936598054343,0.47946659304361383,2026-08-20 19:01:52.543869+00
9e3f1f74-ffa7-40ae-a76b-bafabd1fcb6e,image_classification,resnet50,b09133c7-cd71-4325-93b2-ce2fb0b9d2c7,fp32,32,inference,2,27.798412073498184,0.8526030714727146,2334.680501679659,45.07348708776491,0.019306062245064072,2026-08-29 07:51:27.666472+00
9f17648b-1504-41b5-a818-c77444b79164,image_classification,resnet50,19955f09-7592-46b4-bfa1-18ef8891baca,int8,32,inference,2,12.220242412999596,0.4046380413999625,493.36120358455605,17.710380054452084,0.03589739105097011,2026-08-27 18:28:02.794609+00
9f2203b3-62d3-4e17-8ba0-0c04c3f2982e,image_classification,mobilenet_v3,9d25e756-1d19-4ac5-b235-29fc900e0f15,fp16,32,inference,3,1.747022148333296,0.024147065905285967,33.46150975322736,18.244663307240685,0.5452432792719697,2026-09-01 13:20:27.652209+00
9f3542bb-1751-46d8-a6dc-6defffaf12ef,image_classification,mobilenet_v3,b6188ef9-c186-46f5-91b6-8d52e3d26044,fp32,32,inference,3,1.308419444666697,0.07605154081799771,26.901039619333332,1.9902812653937982,0.07398529177896218,2026-09-03 15:18:44.170702+00
9fd639b1-2211-476a-bdd8-0b0ee616997b,image_classification,resnet50,b09133c7-cd71-4325-93b2-ce2fb0b9d2c7,fp32,4,inference,2,15.764019357502548,0.7408825815869537,1381.8365623310624,46.170603537049836,0.03341249232772017,2026-08-29 07:34:19.394319+00
a0099862-77f8-4eac-964d-ca9930721f4c,nlp_sentiment,distilbert-base-uncased,7cb1ff96-e79f-4122-88aa-ee7b680103b1,fp16,4,inference,3,2.9215448783332554,0.05960282140928854,136.823022,2.4280376703648914,0.01774582694398382,2026-09-01 13:08:44.426917+00
a02e69a5-fcd5-4584-8afb-ae13f40af0f4,image_classification,mobilenet_v3,14549898-2f59-4ce4-bdfb-39fa59e58258,fp16,32,train,3,10.96638731833328,0.2890907873754442,464.19442247475007,13.723472842879298,0.029564062337749844,2026-09-02 20:15:39.96757+00
a05f0eec-87e9-4c93-b897-e2c8aa26bab8,image_classification,mobilenet_v3,14549898-2f59-4ce4-bdfb-39fa59e58258,fp32,32,inference,3,2.0818987179998962,0.09884402471782693,79.03081637649159,6.7421050499496795,0.0853098241808771,2026-09-02 20:11:26.23684+00
a13daa96-76cb-448e-a6ab-c0895672a38b,image_classification,mobilenet_v3,6963c491-4ef8-46a0-92f5-98b9b2b886e9,fp16,64,train,3,1.0130610136657197,0.0184206402730068,12.669533028,0.8776693374360639,0.0692740084023927,2026-08-29 06:34:19.860893+00
a17932f4-f0f7-424f-85fb-f8da9e0fcab0,image_classification,mobilenet_v3,9d25e756-1d19-4ac5-b235-29fc900e0f15,fp16,1,inference,3,8.410841506000148,0.6998818862752265,610.7979043581458,165.37426760780485,0.27075120334865527,2026-09-01 13:17:39.08961+00
a238071b-74b2-4231-90d1-37e6cba08430,image_classification,resnet50,d504bfe6-a358-43f6-8c01-6c324781ad02,fp32,4,inference,2,4.065458032499919,0.6305760846372955,87.36529940755115,14.353027413235996,0.16428750900606925,2026-08-20 19:31:54.730457+00
a284f485-b39a-43b2-bc0c-af643b5a6cdb,nlp_sentiment,distilbert-base-uncased,d504bfe6-a358-43f6-8c01-6c324781ad02,fp16,8,inference,3,13.800099316333823,0.8338446194432428,300.88499543422034,16.507074699463267,0.05486174103045977,2026-09-02 15:48:39.791588+00
a2c5da40-1543-45a1-9dd2-3bd26e95eb58,nlp_sentiment,distilbert-base-uncased,d504bfe6-a358-43f6-8c01-6c324781ad02,fp32,1,inference,3,4.406930815999961,0.07080221481342544,98.44065628086415,1.2558129045075463,0.01275705538699932,2026-09-02 12:34:01.768985+00
a319103c-e91f-4840-a64b-5b2c080ecf4c,image_classification,resnet50,b549c125-f311-4d9b-84de-49fb420e4758,fp32,1,inference,2,3.183993798500069,0.5581960674131362,93.63719571413247,18.06751269545815,0.19295230445192899,2026-08-27 18:50:57.919209+00
a38ebd0e-6993-494d-b4b1-542424bd936c,nlp_sentiment,distilbert-base-uncased,d504bfe6-a358-43f6-8c01-6c324781ad02,fp16,1,inference,3,3.5676696253340197,1.3388597080003626,79.21506758878564,31.00679911381898,0.3914255211493194,2026-09-02 14:48:07.188823+00
a3ec4ab2-d5f6-4001-ac94-efaa84db181a,image_classification,resnet50,08fe8f61-2035-4ccd-918a-c480b7a1ae95,fp32,32,inference,2,3.207707231499853,0.0067633158487856015,85.78287572049999,0.2953401304532318,0.003442879805236616,2026-09-01 07:20:37.558983+00
a421960a-8588-4904-a20f-66cc1437326c,image_classification,resnet50,d504bfe6-a358-43f6-8c01-6c324781ad02,fp32,64,train,2,193.645300537999,4.59605953367653,4330.9227862297885,104.23271897196754,0.024067092422745677,2026-08-20 19:46:00.42905+00
a4429513-e6d3-4e18-8125-fd6ca5d2c96f,nlp_sentiment,distilbert-base-uncased,08fe8f61-2035-4ccd-918a-c480b7a1ae95,fp32,16,inference,3,2.814170575333416,1.5203823725709646,195.88664780466667,115.71044555961885,0.5907010347892749,2026-09-01 07:47:50.300925+00
a4ec96c1-36e1-44ad-8432-795e22928f5d,image_classification,resnet50,4d0946c6-2bf7-4cab-8faf-5c88baed252c,fp16,4,inference,2,2.752140727500091,1.379021446893213,226.27892524999993,87.97172917167802,0.3887756187390591,2026-09-02 18:36:12.695023+00
a4f2f509-d7a7-4f05-9fce-5f54c167fbce,nlp_sentiment,distilbert-base-uncased,7cb1ff96-e79f-4122-88aa-ee7b680103b1,fp16,1,inference,3,3.7811424419999944,0.05675396988092537,154.43267133333333,6.630290339381309,0.04293321019533645,2026-09-01 13:08:16.387424+00
a6e1224f-c695-4966-b41a-f2a76175a1d1,image_classification,mobilenet_v3,d504bfe6-a358-43f6-8c01-6c324781ad02,fp32,64,train,3,10.805909659332732,0.4967198788393154,234.80719791565352,9.523957896549552,0.040560757851940764,2026-08-20 19:01:21.181801+00
a70f7e6a-b509-400e-a79c-7868916e7b27,llm_inference,tiny-gpt2,d504bfe6-a358-43f6-8c01-6c324781ad02,int8,1,inference,3,3.872728903666674,0.5932571173208492,81.92856198438459,13.115038478452556,0.16007895367371705,2026-08-29 08:24:08.844353+00
a713b02d-469a-4ae1-a2d2-20a250abae3c,image_classification,resnet50,9d25e756-1d19-4ac5-b235-29fc900e0f15,fp16,4,train,2,250.01283744949978,1.4443584825845432,19262.587117902054,793.5943451831006,0.04119874139053515,2026-09-01 14:02:05.689412+00
a8080e2f-df4e-4de7-8edc-0b8d3dc2f4db,image_classification,resnet50,b6188ef9-c186-46f5-91b6-8d52e3d26044,fp32,32,inference,2,5.728167709500042,0.3235925543184508,198.69570632149998,1.0643989239320613,0.005356929667165573,2026-09-03 15:20:08.461723+00
a8772ff9-53d0-401d-8da5-a51b9d790145,nlp_sentiment,distilbert-base-uncased,d504bfe6-a358-43f6-8c01-6c324781ad02,fp16,16,train,3,530.2580510059997,0.8276224207560422,11173.033287902977,20.200339046011624,0.001807954789491453,2026-09-02 16:16:02.826469+00
a977cbe9-2626-4137-8c53-c12378fc8b62,image_classification,resnet50,7cb1ff96-e79f-4122-88aa-ee7b680103b1,fp32,32,inference,2,12.742819599499967,0.18216641945345327,524.12432575,6.8929458459177715,0.013151356476450991,2026-09-01 12:59:40.102955+00
a9b55cf8-bb76-495f-81ef-dc6e6942b4fc,image_classification,resnet50,4d0946c6-2bf7-4cab-8faf-5c88baed252c,fp32,64,train,2,12.239487059500107,0.02658524426603368,1990.5890612500002,4.011476520195552,0.002015220819949912,2026-09-02 18:33:46.223062+00
aaa183af-a207-493a-a553-36a0d330351d,image_classification,mobilenet_v3,08fe8f61-2035-4ccd-918a-c480b7a1ae95,fp16,1,inference,3,2.8799371460000125,0.9865530294323392,43.39297128766666,15.864369930909033,0.3655976869096787,2026-09-01 07:03:16.40081+00
aab10073-38d7-452b-bb83-5bf66aad4a14,nlp_sentiment,distilbert-base-uncased,4d0946c6-2bf7-4cab-8faf-5c88baed252c,fp16,4,train,3,17.61267044566648,0.010693253774341804,3594.8590776666665,3.8287814085253684,0.0010650713493366019,2026-09-02 19:03:46.825681+00
ab0be0a6-da9d-405c-b376-44911fd36478,image_classification,resnet50,19955f09-7592-46b4-bfa1-18ef8891baca,fp32,4,train,2,264.8624127034998,0.7276158384969283,10803.874633008181,24.19088095893686,0.0022390930828675546,2026-08-27 17:46:10.454389+00
ab27d17e-008a-45b8-a0bf-fe3eb4042dc5,nlp_sentiment,distilbert-base-uncased,14549898-2f59-4ce4-bdfb-39fa59e58258,fp16,16,train,3,600.1146026566676,1.0939445703383872,25272.6568097677,49.736461017463334,0.0019679949516918436,2026-09-03 02:04:17.413543+00
ab73eca8-843a-419d-9366-ab33d5e0ca40,image_classification,mobilenet_v3,0c05d5e8-a4e7-451a-a98b-b0a713fff833,fp32,1,inference,3,3.027818340000067,0.890912760566826,96.01732591981799,33.5822449746228,0.34975192917439313,2026-09-03 20:57:57.856977+00
ac131979-b5b9-482e-a340-a5126ca45447,nlp_sentiment,distilbert-base-uncased,6963c491-4ef8-46a0-92f5-98b9b2b886e9,fp32,1,train,3,104.8647678640009,0.872127161559011,3110.8346240928327,2.4772235524767363,0.0007963211973054121,2026-08-29 06:49:08.132822+00
ac3cbb46-da60-4f0c-826d-fd3be015a514,image_classification,resnet50,9d25e756-1d19-4ac5-b235-29fc900e0f15,int8,4,inference,2,12.700252184500187,0.37667152484829586,943.5926444123337,116.7052636997296,0.12368182858442399,2026-09-01 14:18:55.065533+00
ac5949a1-57d4-4841-9d13-679a285748a7,image_classification,resnet50,b6018111-a0cf-43df-b0ba-da673ff9757b,fp32,32,inference,2,3.8901634224998816,0.0012620222631411653,66.5245944593355,17.840207059246755,0.26817460826690104,2026-08-20 13:36:17.685213+00
acab460e-f60c-4c63-84a9-3c72ce4fb7ae,image_classification,mobilenet_v3,2cc07cbd-c349-4f63-a033-a42aa01ba446,fp32,4,inference,3,2.7392491473333394,0.12996900614971993,27.793662970820506,1.430487028762389,0.05146810013002612,2026-09-03 16:44:16.161073+00
ae4a2356-6c2e-434a-957c-727fd5d0f3ba,image_classification,resnet50,14549898-2f59-4ce4-bdfb-39fa59e58258,int8,64,inference,2,14.01890604099981,0.02702489144236653,614.478273094787,1.3911547959754862,0.0022639609191859775,2026-09-02 21:12:58.66527+00
ae933401-0bae-4723-a051-13b73c315cbf,image_classification,mobilenet_v3,08fe8f61-2035-4ccd-918a-c480b7a1ae95,fp16,64,train,3,1.5132298703333238,0.03151303856933654,30.194049629666665,2.5803867232854603,0.08546010736996815,2026-09-01 07:05:10.243807+00
af248827-da51-4f72-9b01-d4477595d398,llm_inference,tiny-gpt2,14549898-2f59-4ce4-bdfb-39fa59e58258,int8,1,inference,3,3.620221679666429,1.271844163797983,152.39730456663773,53.5718108900897,0.35152728614478035,2026-09-02 21:17:34.127499+00
afcce2e6-2cc4-458f-9985-6728249ba66f,image_classification,mobilenet_v3,9d25e756-1d19-4ac5-b235-29fc900e0f15,fp32,32,train,3,8.090070241999987,0.053823886608046274,437.765519665506,169.02796814635724,0.38611530728941484,2026-09-01 13:16:21.358334+00
b0f15803-1aa0-4e6f-9367-5c5275a8e76f,image_classification,mobilenet_v3,08fe8f61-2035-4ccd-918a-c480b7a1ae95,fp16,32,inference,3,0.8642694603332757,0.01962251373233436,12.517397741,0.701576445911571,0.05604810683722213,2026-09-01 07:05:00.105542+00
b10c96e6-1d49-4259-a616-1c5e2c8a8940,image_classification,mobilenet_v3,4d0946c6-2bf7-4cab-8faf-5c88baed252c,fp16,4,train,3,22.910436542999907,0.07634798823636829,1570.0528123333331,9.113392074846267,0.005804513073227394,2026-09-02 18:24:35.487856+00
b146f74d-147d-4f1b-a75e-9e0eb13da169,nlp_sentiment,distilbert-base-uncased,7cb1ff96-e79f-4122-88aa-ee7b680103b1,fp32,1,inference,3,4.127643469333407,0.09547667526930932,176.9268118333333,8.556196659259758,0.04836009065330231,2026-09-01 13:05:23.842818+00
b1aaca8b-e964-4a75-81bd-d40d6022a022,image_classification,resnet50,19955f09-7592-46b4-bfa1-18ef8891baca,fp32,64,train,2,198.85386459099982,3.4221095856827706,8045.39264378693,132.45728989735133,0.01646374462527217,2026-08-27 18:00:47.719578+00
b2e369aa-cd6b-4e85-be95-74d321829a97,nlp_sentiment,distilbert-base-uncased,b6188ef9-c186-46f5-91b6-8d52e3d26044,fp16,16,inference,3,3.8058638140000007,0.008935340633011579,152.97066167000003,1.0064712183669184,0.006579504902307051,2026-09-03 15:29:50.774435+00
b30468ac-12f3-4189-bd71-fab552c22dfc,nlp_sentiment,distilbert-base-uncased,6963c491-4ef8-46a0-92f5-98b9b2b886e9,fp32,4,inference,3,3.0727752943300097,0.23256452567435376,79.34968879016668,5.475336735387912,0.06900262394055459,2026-08-29 06:52:50.341233+00
b42932a4-f7ee-4956-a69a-631c3a5e22cd,image_classification,mobilenet_v3,b6188ef9-c186-46f5-91b6-8d52e3d26044,fp32,64,inference,3,1.157178553666654,0.04575681018456754,22.892632055333333,2.2865547961684953,0.09988169078337993,2026-09-03 15:18:56.212508+00
b462c033-b0b6-4fda-88b3-90f7a7664b48,nlp_sentiment,distilbert-base-uncased,4d0946c6-2bf7-4cab-8faf-5c88baed252c,fp16,8,train,3,13.216849590999724,0.0203383175358593,2755.675444,18.570958359366777,0.006739167487884607,2026-09-02 19:05:10.302694+00
b495d458-d13a-4a8e-ac19-d78301713bbd,image_classification,mobilenet_v3,b09133c7-cd71-4325-93b2-ce2fb0b9d2c7,fp16,1,inference,3,6.234551420665714,0.44149219833117237,490.399707255499,146.39893485032948,0.29852981697245473,2026-08-29 06:18:49.074248+00
b51a0146-18bd-4987-92c4-9bd3d41d783d,image_classification,mobilenet_v3,6963c491-4ef8-46a0-92f5-98b9b2b886e9,fp32,1,inference,3,2.7555954073322937,1.0705125901043975,34.778184366333335,16.507879605282334,0.4746619153949456,2026-08-29 06:31:28.745316+00
b5728964-d292-4310-9f3d-cf87b02bdf12,nlp_sentiment,distilbert-base-uncased,6963c491-4ef8-46a0-92f5-98b9b2b886e9,fp32,1,inference,3,3.2905328210011553,0.8497968411291317,77.38637503449999,25.941418685330344,0.33521945786665,2026-08-29 06:49:30.523649+00
b59bfa04-1403-4fc1-b96f-02bee33a4d7f,image_classification,resnet50,08fe8f61-2035-4ccd-918a-c480b7a1ae95,fp16,4,inference,2,2.7668013385002723,0.9352029793722508,66.50851675825001,25.896493989949573,0.3893710948942078,2026-09-01 07:23:42.638125+00
b5b801c6-e7b0-411a-bcf8-7b4fef3a7bee,image_classification,resnet50,08fe8f61-2035-4ccd-918a-c480b7a1ae95,fp16,32,inference,2,2.8170156535002207,0.006189601933920325,70.66636995899998,0.577112224571263,0.008166716712717783,2026-09-01 07:24:27.255797+00
b64ee60c-61d0-44ae-ba5c-bb7676225b6d,image_classification,resnet50,4d0946c6-2bf7-4cab-8faf-5c88baed252c,fp32,4,inference,2,2.2162669379997624,0.1513456635511414,224.3623085,4.432389256316797,0.019755498532485444,2026-09-02 18:31:49.709093+00
b6d3c57e-9a24-45ea-ab9d-2b78397dcc04,image_classification,mobilenet_v3,6963c491-4ef8-46a0-92f5-98b9b2b886e9,fp16,32,train,3,1.7991077030007243,0.021156437607035773,24.659962040833335,0.3895192087191128,0.01579561266453392,2026-08-29 06:34:04.914264+00
b7a181c6-1069-4225-b5d3-b82f697eb055,image_classification,resnet50,9d25e756-1d19-4ac5-b235-29fc900e0f15,fp32,32,train,2,198.26009299349994,1.9006129021205287,16187.44059630701,402.2083283049474,0.024846937717671495,2026-09-01 13:44:19.528242+00
b857e5ef-6dcf-4e9f-bf39-03ff43be5ca4,image_classification,mobilenet_v3,14549898-2f59-4ce4-bdfb-39fa59e58258,int8,32,inference,3,2.1497299553333655,0.027873551333023803,82.1047980329913,1.5612909541934388,0.01901583088440315,2026-09-02 20:17:13.082897+00
b858101c-740f-45be-8791-468cf7bf30ca,image_classification,resnet50,d504bfe6-a358-43f6-8c01-6c324781ad02,int8,1,inference,2,4.391584232500463,0.016311172240633696,93.24057495416974,0.14368982475823566,0.0015410654087972225,2026-08-20 20:12:39.198708+00
b935461b-c0f5-4d3e-942e-b7db243ba6ec,nlp_sentiment,distilbert-base-uncased,4d0946c6-2bf7-4cab-8faf-5c88baed252c,fp16,8,inference,3,1.5423688949998298,0.002242470961306384,353.891027,5.227816618320467,0.014772390988937017,2026-09-02 19:05:34.187654+00
b9489a2a-0cfa-4614-a5b7-93d968fdf0a0,image_classification,mobilenet_v3,b09133c7-cd71-4325-93b2-ce2fb0b9d2c7,fp16,4,train,3,35.64164939033193,0.9394674265404069,3299.2726775031324,120.31597701554415,0.03646742442234222,2026-08-29 06:20:41.538573+00
ba0e9795-3196-4a2d-9972-abedffaae263,image_classification,resnet50,19955f09-7592-46b4-bfa1-18ef8891baca,int8,4,inference,2,3.0972807389998707,0.00019798989887546674,122.03459211268188,0.022097844026369138,0.00018107852571805927,2026-08-27 18:27:30.575582+00
bacfdc94-189a-4e73-ab91-6d1e0972756e,image_classification,resnet50,14549898-2f59-4ce4-bdfb-39fa59e58258,fp16,4,train,2,272.66973246650014,1.4470347700289163,12072.13343489392,65.670601838867,0.005439850561049076,2026-09-02 20:55:06.526724+00
bae51920-6c89-4761-99ca-db239c630972,image_classification,mobilenet_v3,2cc07cbd-c349-4f63-a033-a42aa01ba446,fp32,64,inference,3,4.000559622666818,0.4705606015632227,46.98488274350317,7.308437835420342,0.15554870862013412,2026-09-03 16:45:16.912051+00
bbab9aac-254a-4ece-8417-354bd4808228,image_classification,resnet50,d504bfe6-a358-43f6-8c01-6c324781ad02,fp16,4,train,2,304.2128465349997,10.547045441264574,6823.1731511510825,236.70975893424418,0.03469203458427708,2026-08-20 19:57:17.18088+00
bc5e4e69-707e-4073-be5e-acb6d070174c,image_classification,mobilenet_v3,08fe8f61-2035-4ccd-918a-c480b7a1ae95,fp32,32,inference,3,0.7423412273333648,0.019500088810048388,9.133830190666668,0.10302345354022495,0.011279326568332599,2026-09-01 07:02:42.360459+00
bc9b50f9-e6c3-4f8f-a6ab-c8ee7fd9a2d3,image_classification,mobilenet_v3,9ab0fac5-67d0-4f80-af87-46d3fe2d8858,int8,1,inference,3,0.9898512316666105,0.6677303431327696,80.511610754619,8.18382734672661,0.10164779054873273,2026-09-01 19:37:08.095969+00
bcd01b6d-0707-470c-8751-a50645b6ae7e,image_classification,mobilenet_v3,b6018111-a0cf-43df-b0ba-da673ff9757b,fp32,4,inference,3,2.7779819890000303,0.043878073057349226,51.05497765226734,22.278818191404767,0.4363691693911724,2026-08-20 11:15:12.476763+00
bd029869-d39a-452f-be90-a82433613d67,image_classification,resnet50,4d0946c6-2bf7-4cab-8faf-5c88baed252c,fp16,64,inference,2,1.9898276049998458,0.4229589023287704,198.53031025,68.74031269850978,0.34624593399339526,2026-09-02 18:38:03.186902+00
bd7e3371-3de1-41a5-940d-58b76fa75f98,image_classification,mobilenet_v3,4d0946c6-2bf7-4cab-8faf-5c88baed252c,fp16,1,inference,3,1.9744254476668175,0.08200546207043533,73.9871875,6.840665362996564,0.0924574320789875,2026-09-02 18:22:57.412078+00
bd9c277f-436a-4ef2-a369-f790df6f9ee4,image_classification,resnet50,d504bfe6-a358-43f6-8c01-6c324781ad02,fp16,1,inference,2,4.537198569500106,0.34774685527264604,96.87791756472438,5.479461788595194,0.05656048278426662,2026-08-20 19:47:00.105476+00
bddd64cd-74d3-4ca8-98a9-dbe488008de2,image_classification,mobilenet_v3,b6018111-a0cf-43df-b0ba-da673ff9757b,fp32,1,inference,3,2.382026897333162,0.0589274900105908,17.693599044252164,2.5687401102251886,0.14517906186303312,2026-08-20 11:14:48.387909+00
be90a672-06dc-4b26-931e-e6738504e65c,image_classification,resnet50,9d25e756-1d19-4ac5-b235-29fc900e0f15,fp16,4,inference,2,13.190783923500021,0.5584245138153993,840.6576517112042,132.73420177570728,0.15789328926646848,2026-09-01 14:02:37.008406+00
bee8d73d-800e-496d-8534-c3d45e11ba67,image_classification,resnet50,08fe8f61-2035-4ccd-918a-c480b7a1ae95,fp32,32,train,2,23.359876671000052,0.033879928233688045,694.4524404397497,1.9222067817949617,0.0027679458950101155,2026-09-01 07:20:25.88493+00
c03f54d3-342b-4409-89b8-1dc4d38b92bc,nlp_sentiment,distilbert-base-uncased,9ab0fac5-67d0-4f80-af87-46d3fe2d8858,fp16,8,train,3,240.70637638099956,1.4804657170635507,10061.993095457905,71.777029460852,0.007133480293606338,2026-09-01 22:58:18.170681+00
c1057734-b80a-409b-8ac8-c932e76a2b00,image_classification,mobilenet_v3,b549c125-f311-4d9b-84de-49fb420e4758,fp32,32,inference,3,3.6444450646667974,0.07357928577974779,120.23581735228784,8.906760627930652,0.07407743236638109,2026-08-27 18:48:19.668289+00
c1e5a1b9-37ac-47a4-9e58-102a5793e158,nlp_sentiment,distilbert-base-uncased,08fe8f61-2035-4ccd-918a-c480b7a1ae95,fp16,1,train,3,95.35316872933329,0.22970726715346157,6439.54365638233,120.35265166266895,0.01868962430954026,2026-09-01 07:52:50.291967+00
c2479762-f5eb-4d12-9bdc-552f8ac6275b,nlp_sentiment,distilbert-base-uncased,9ab0fac5-67d0-4f80-af87-46d3fe2d8858,fp32,16,train,3,251.33491249199992,1.717777912152888,10524.383948918361,15.518087797538392,0.0014744889461328762,2026-09-01 22:05:37.034517+00
c2d44f16-79ac-482c-bc8c-ba41d2b9bf2d,image_classification,resnet50,7cb1ff96-e79f-4122-88aa-ee7b680103b1,fp16,64,inference,2,20.23979655400001,15.374826483430082,794.2961835000001,559.7035101769004,0.7046534048679592,2026-09-01 13:03:09.481597+00
c3952ced-ea89-46ce-82bf-967a27a82b2a,image_classification,mobilenet_v3,19955f09-7592-46b4-bfa1-18ef8891baca,fp16,32,inference,3,2.5598078893333422,0.1072884494932267,93.99900255928095,4.114051209416482,0.043766966642246385,2026-08-27 17:23:43.313886+00
c3977468-9660-4252-8312-cc964b8e7b0b,image_classification,resnet50,6963c491-4ef8-46a0-92f5-98b9b2b886e9,fp16,64,inference,2,2.287341547995311,0.11054765854278675,51.336697317,1.3033226635919628,0.02538773882441345,2026-08-29 06:42:03.518092+00
c4c102c8-bb8a-47e8-b020-ad826ae4fc21,image_classification,mobilenet_v3,14549898-2f59-4ce4-bdfb-39fa59e58258,fp16,4,inference,3,3.2586334436667053,0.32838821809676094,137.9868807338794,12.644465868984655,0.09163527577212714,2026-09-02 20:15:01.401159+00
c582a904-4927-4967-aeca-38f7a37ced90,image_classification,mobilenet_v3,9d25e756-1d19-4ac5-b235-29fc900e0f15,fp32,64,train,3,6.249343809999876,0.033829337716419446,312.7973277896267,224.7315846343641,0.7184574952171854,2026-09-01 13:16:57.174763+00
c6a04d54-29b0-4215-b6c8-0bab5d1096ad,image_classification,resnet50,d504bfe6-a358-43f6-8c01-6c324781ad02,fp16,64,inference,2,11.119812020499921,0.8322434166335835,246.05176786614737,18.87943571808886,0.0767295268057546,2026-08-20 20:12:14.282112+00
c6fbc0a6-66cf-43b4-b4d9-3c95a501aa56,image_classification,mobilenet_v3,9d25e756-1d19-4ac5-b235-29fc900e0f15,fp16,4,inference,3,4.67145583866674,0.024038054618327503,208.8779120025002,154.90890268362546,0.7416241439725385,2026-09-01 13:19:46.59302+00
c7ae5d92-32a9-49f4-9ffe-8eb08a9c6dc7,image_classification,resnet50,9ab0fac5-67d0-4f80-af87-46d3fe2d8858,fp32,32,train,2,100.72501699349982,4.527779347735037,4239.060342074878,231.50645181370533,0.05461268138032466,2026-09-01 19:47:50.017774+00
c80e0e23-91e2-4d7d-b8d9-6632998da972,image_classification,mobilenet_v3,14549898-2f59-4ce4-bdfb-39fa59e58258,fp32,64,train,3,8.259303663999995,0.207272902592055,346.1890701543161,8.142332060714043,0.023519899276671398,2026-09-02 20:11:57.31404+00
c81090f6-1b5a-4547-b352-9f93382bb175,image_classification,resnet50,7cb1ff96-e79f-4122-88aa-ee7b680103b1,fp32,1,inference,2,3.605136709499959,0.382310362016806,129.00185549999998,2.0360156885841008,0.015782840337394227,2026-09-01 12:58:56.921171+00
c84aa750-868c-4bc3-b2db-4631d870f0e8,image_classification,resnet50,4d0946c6-2bf7-4cab-8faf-5c88baed252c,fp16,32,inference,2,1.751958145999879,0.008057689660740358,158.4683645,0.525021128176761,0.0033130974111666373,2026-09-02 18:37:13.925963+00
c96b3158-42bf-4128-b3d5-5b0a06e30658,image_classification,resnet50,b6188ef9-c186-46f5-91b6-8d52e3d26044,fp32,1,inference,2,1.7148316970000224,0.20205098692488282,48.59226542825,1.2144064250226083,0.024991763901515713,2026-09-03 15:19:35.563441+00
cacd8b7f-635a-43ff-a81f-b4a807cd226f,image_classification,mobilenet_v3,6963c491-4ef8-46a0-92f5-98b9b2b886e9,fp16,4,inference,3,1.8856805463340909,0.02094534134382514,22.256353029666663,1.0234311450477263,0.045983775674457585,2026-08-29 06:33:54.541275+00
caec8072-d053-44ed-8e41-c917b989d541,image_classification,resnet50,19955f09-7592-46b4-bfa1-18ef8891baca,fp32,4,inference,2,2.465695045000075,0.03694585272705304,93.4312351666982,0.6480284585761339,0.00693588667023329,2026-08-27 17:46:19.252277+00
caf538c1-9ee1-4932-8cc9-bba0f8f31cad,image_classification,mobilenet_v3,d504bfe6-a358-43f6-8c01-6c324781ad02,fp32,32,inference,3,2.600722481000048,0.26592553967346716,54.23685658683962,6.771250567382625,0.12484592569521524,2026-08-20 19:00:41.403374+00
cb17a099-1a80-4d17-aa3c-042c25ea3c84,nlp_sentiment,distilbert-base-uncased,b6188ef9-c186-46f5-91b6-8d52e3d26044,fp32,4,inference,3,3.259952187999905,0.005461575930215614,133.3420602475,2.5328612309217817,0.018995215959768927,2026-09-03 15:24:22.084863+00
cb4f8e35-3d35-4994-b4aa-7e49bac401de,image_classification,resnet50,19955f09-7592-46b4-bfa1-18ef8891baca,fp16,4,train,2,275.9291790354998,5.2945206920764525,11259.834171103426,206.27573187970762,0.018319606554160584,2026-08-27 18:11:07.443695+00
cda89dbd-8480-40cd-8f32-87898f0f66c0,llm_inference,tiny-gpt2,9ab0fac5-67d0-4f80-af87-46d3fe2d8858,fp32,1,inference,3,2.530601105666998,1.335513415592891,114.28768811961321,25.14450270095339,0.22001059882003401,2026-09-01 20:54:19.693347+00
ce475ae8-79f1-45f2-845e-df30ad588577,image_classification,resnet50,6963c491-4ef8-46a0-92f5-98b9b2b886e9,fp32,4,train,2,34.160967899500974,0.9126287721604286,1001.5444190920001,24.339447072081704,0.02430191473099899,2026-08-29 06:37:23.927883+00
cecaf219-bfa0-433a-b6de-f1daff4ea5c5,image_classification,mobilenet_v3,19955f09-7592-46b4-bfa1-18ef8891baca,fp32,4,train,3,49.00426837633332,2.059354106530727,1986.2454027093688,89.3244354974427,0.04497150018602854,2026-08-27 17:17:38.423997+00
ced2aabf-e429-4327-86e0-6fce1d1421dc,image_classification,mobilenet_v3,9ab0fac5-67d0-4f80-af87-46d3fe2d8858,fp16,1,inference,3,0.8662130836667833,0.38363876719242856,85.26187089400261,19.025271629964553,0.22313926999815348,2026-09-01 19:33:59.971693+00
cf25c839-97a8-40e0-9300-c44e541ef918,image_classification,mobilenet_v3,b549c125-f311-4d9b-84de-49fb420e4758,fp32,1,inference,3,3.0565693316669544,0.8895320883643046,74.26093568977049,12.536597917513989,0.16881820571028594,2026-08-27 18:47:34.655015+00
cfd20bd9-fd69-43d6-bb70-be05d8a9cf12,image_classification,resnet50,6963c491-4ef8-46a0-92f5-98b9b2b886e9,fp32,1,inference,2,2.1098475265025627,0.08647602332122471,39.5525393785,8.329615420483616,0.21059622343771522,2026-08-29 06:36:10.572066+00
cfdf41b6-1e77-4e71-8150-80d0bb523686,nlp_sentiment,distilbert-base-uncased,6963c491-4ef8-46a0-92f5-98b9b2b886e9,fp32,4,train,3,54.60344764800296,0.045566557225781824,1613.9218622889994,3.5964025372096318,0.002228362240603713,2026-08-29 06:52:28.54116+00
d192a645-23de-40db-b340-1088f69580c8,image_classification,resnet50,08fe8f61-2035-4ccd-918a-c480b7a1ae95,fp16,64,inference,2,2.4425743769998007,0.454997439651997,61.207074049,12.901932455931538,0.21079152461368686,2026-09-01 07:25:09.073496+00
d22b1146-98fb-4146-b458-02847ec1b980,nlp_sentiment,distilbert-base-uncased,b6188ef9-c186-46f5-91b6-8d52e3d26044,fp16,1,inference,3,2.311508490999889,0.0072995856385622004,62.163874834,0.6963383267803661,0.011201655762930496,2026-09-03 15:27:28.34229+00
d25e9865-9fd5-4ec2-a60c-31702cb5e634,image_classification,resnet50,7cb1ff96-e79f-4122-88aa-ee7b680103b1,fp32,4,inference,2,2.7180534249999937,0.003679548929948985,111.45360825,0.8366172772481588,0.00750641715763526,2026-09-01 12:59:07.093626+00
d409801f-a8e3-4cd0-abbd-5341c3551d9b,image_classification,mobilenet_v3,9d25e756-1d19-4ac5-b235-29fc900e0f15,int8,1,inference,3,8.024796249999932,0.6971669547128152,327.35238581810427,123.6256425162451,0.37765309761615296,2026-09-01 13:21:33.288327+00
d412093f-cd60-45e6-88ee-d48b0bf9b4a4,nlp_sentiment,distilbert-base-uncased,08fe8f61-2035-4ccd-918a-c480b7a1ae95,fp32,8,train,3,45.16257709966673,0.18977746686862895,3317.9064737868325,13.08501759095412,0.003943757213873414,2026-09-01 07:44:41.859892+00
d418dd91-1eb7-420f-8ec1-2eb0a9913043,image_classification,resnet50,19955f09-7592-46b4-bfa1-18ef8891baca,fp16,64,inference,2,12.660720584499813,0.09328048783386345,510.50245907582337,2.7371798544814294,0.005361736864963631,2026-08-27 18:26:54.390836+00
d57a4dda-83da-4dd4-8bd4-02a6415fa218,image_classification,mobilenet_v3,14549898-2f59-4ce4-bdfb-39fa59e58258,int8,1,inference,3,3.3646152969999243,0.38417273936512625,140.75586486262668,18.921951791326862,0.13443100086660045,2026-09-02 20:16:47.836363+00
d601ed17-dbd5-4b03-a012-516f9b91904f,image_classification,resnet50,9ab0fac5-67d0-4f80-af87-46d3fe2d8858,fp32,64,train,2,110.95755759300005,2.1270662975062837,4730.226935315228,144.19588575651244,0.030483925555445483,2026-09-01 19:52:19.832102+00
d649a709-de39-4398-b957-b1cf7de38b35,image_classification,mobilenet_v3,9ab0fac5-67d0-4f80-af87-46d3fe2d8858,int8,4,inference,3,1.2664185129998866,0.7127734248735611,90.96254268024914,16.648942690387837,0.18303075309704211,2026-09-01 19:37:24.559566+00
d657518f-dda0-4c36-a550-4f5bddf68966,nlp_sentiment,distilbert-base-uncased,9ab0fac5-67d0-4f80-af87-46d3fe2d8858,fp16,8,inference,3,4.747030255333205,0.016301166967536005,220.49185788360018,8.373920600366525,0.03797836655169008,2026-09-01 22:58:57.074039+00
d824294f-2217-45c9-ad35-13844cfed97d,image_classification,resnet50,6963c491-4ef8-46a0-92f5-98b9b2b886e9,fp16,1,inference,2,2.2253998150026746,0.022916318201622408,36.8331885575,4.528836421461433,0.12295531825574921,2026-08-29 06:39:53.65732+00
d8692469-aa51-463c-a842-ccf1cedf9c6b,nlp_sentiment,distilbert-base-uncased,d504bfe6-a358-43f6-8c01-6c324781ad02,int8,16,inference,3,15.450944763998754,0.5594652512936894,337.1001381135619,13.072138183506821,0.03877820476924009,2026-09-02 16:20:55.939406+00
d9e738fe-3474-410b-9bea-2f56cd7b97ec,image_classification,mobilenet_v3,14549898-2f59-4ce4-bdfb-39fa59e58258,int8,4,inference,3,3.186215132666689,0.12579739030262171,132.6339264519994,6.324379601755728,0.04768297049582212,2026-09-02 20:17:01.911553+00
dac1ec59-d9e4-433b-bc0a-61af3f013e01,image_classification,mobilenet_v3,b09133c7-cd71-4325-93b2-ce2fb0b9d2c7,fp16,64,inference,3,1.703694712666523,0.1269453074122084,49.433912698870046,30.6515482556303,0.6200510253425869,2026-08-29 06:22:29.544216+00
dacc0c17-1550-4995-a8c5-238ada46a627,image_classification,resnet50,9ab0fac5-67d0-4f80-af87-46d3fe2d8858,int8,32,inference,2,4.532598745500309,0.009110727928957809,253.2556943209292,22.73186631177319,0.08975855951719311,2026-09-01 20:06:31.522958+00
db8ee1dc-4332-4662-b64b-ba1744a9776a,image_classification,resnet50,14549898-2f59-4ce4-bdfb-39fa59e58258,int8,1,inference,2,3.7056867344999773,0.04175643238911842,154.4695258387971,3.6047702720523906,0.02333644939011656,2026-09-02 21:11:35.511318+00
db8feeb8-4a01-4bcc-9243-264afbcfcc3d,image_classification,mobilenet_v3,d504bfe6-a358-43f6-8c01-6c324781ad02,fp32,4,train,3,72.55384369666656,2.9353264840468953,1580.7529408346325,63.18306492734455,0.03997023399114102,2026-08-20 18:59:16.899178+00
dc276ee8-2d0e-4aa6-940a-f62e5373e7a8,image_classification,resnet50,9d25e756-1d19-4ac5-b235-29fc900e0f15,fp16,64,inference,2,12.352759127499667,0.03614127056940823,1024.85682213354,382.04036804017966,0.37277438154224374,2026-09-01 14:17:28.424904+00
dc918c32-a97f-4482-b846-0f3a62566d37,nlp_sentiment,distilbert-base-uncased,d504bfe6-a358-43f6-8c01-6c324781ad02,fp16,1,train,3,916.851862500666,16.410456534176557,20451.799373431397,373.24826329186175,0.018250143005839502,2026-09-02 14:47:38.665466+00
dcde9d51-14e8-4363-9b1d-e5238f072cb4,image_classification,mobilenet_v3,08fe8f61-2035-4ccd-918a-c480b7a1ae95,fp32,64,inference,3,0.5992002033334529,0.019925461641326657,8.687574581,1.690819447837119,0.19462502820234712,2026-09-01 07:02:58.991535+00
dff2e366-c6cf-45d1-a46b-1f54333028ea,image_classification,resnet50,6963c491-4ef8-46a0-92f5-98b9b2b886e9,fp16,4,inference,2,2.16158132900091,0.047658697239230434,42.09958195524999,0.6599517338342271,0.015675968814505732,2026-08-29 06:41:02.63501+00
e0f1ffad-9aac-4643-9109-a6bd8f750d48,image_classification,resnet50,d504bfe6-a358-43f6-8c01-6c324781ad02,fp16,64,train,2,196.86566285999925,3.988574769807639,4391.193412673667,85.22232055102819,0.019407553378328387,2026-08-20 20:11:41.437526+00
e1bc89ed-fdb2-44be-974d-9abcc060acb9,image_classification,mobilenet_v3,4d0946c6-2bf7-4cab-8faf-5c88baed252c,fp16,4,inference,3,2.063428642666622,0.02818697444977803,115.599071,4.27296830901386,0.036963690729087784,2026-09-02 18:24:49.973924+00
e2b85abe-6fe3-474d-af8d-0e30eaacae8c,image_classification,resnet50,9d25e756-1d19-4ac5-b235-29fc900e0f15,fp32,1,inference,2,20.713761502500347,1.988145978661617,1452.8380795789267,327.09094647666456,0.22513929877957542,2026-09-01 13:28:22.199618+00
e3eb9c2e-de34-4801-928b-a6b0c45f5503,image_classification,mobilenet_v3,b6018111-a0cf-43df-b0ba-da673ff9757b,fp32,64,inference,3,3.6430490276666205,0.06740612177471828,102.30632691129416,2.128364739064301,0.020803842766339592,2026-08-20 11:16:10.450208+00
e41a3f74-bb5e-464a-b2ae-1d8cffee35f6,image_classification,mobilenet_v3,4d0946c6-2bf7-4cab-8faf-5c88baed252c,fp32,32,train,3,8.072967751333257,8.57344163056701,365.84663716666654,184.04668611015438,0.5030705968367541,2026-09-02 18:21:35.024555+00
e43a33ef-e669-4f68-b714-8804d486550d,nlp_sentiment,distilbert-base-uncased,14549898-2f59-4ce4-bdfb-39fa59e58258,fp32,8,train,3,529.0662454023332,7.07434420319727,22925.063030721438,290.44476951314874,0.012669311710241724,2026-09-02 23:03:30.623116+00
e5daa39f-d6c9-4249-b24d-04e98c0397c1,image_classification,mobilenet_v3,7cb1ff96-e79f-4122-88aa-ee7b680103b1,fp32,4,inference,3,2.595647223666712,0.6857027074950164,67.823041,18.98274853177749,0.27988642579116274,2026-09-01 12:57:39.950071+00
e60d2f34-c6f5-49f5-9f4d-f0c28371cc8d,image_classification,resnet50,08fe8f61-2035-4ccd-918a-c480b7a1ae95,fp16,4,train,2,40.31776655300007,0.06045645457980415,1191.7944337887502,1.6550406980755425,0.0013886964489455774,2026-09-01 07:23:32.126212+00
e739d2a7-6720-41b3-acf4-e60daba3d25a,nlp_sentiment,distilbert-base-uncased,9ab0fac5-67d0-4f80-af87-46d3fe2d8858,fp16,1,inference,3,1.5071256523333432,0.7139910134191366,91.22431862667801,17.01468843491782,0.18651483169249974,2026-09-01 22:30:43.002972+00
e769785f-f07e-4969-8c6a-4ee34caae1f9,image_classification,resnet50,b6018111-a0cf-43df-b0ba-da673ff9757b,fp32,1,inference,2,2.4728463960000227,0.06997705907590947,21.021344993629,3.5167856321433786,0.16729593816234029,2026-08-20 13:35:15.84038+00
e7b0a49c-4b2d-42cb-8df5-b6250c30b05f,image_classification,resnet50,6963c491-4ef8-46a0-92f5-98b9b2b886e9,fp32,32,inference,2,3.2729519234999316,0.660749923392818,66.59989854675001,1.1309991334095655,0.016981994839161157,2026-08-29 06:38:19.148083+00
e89508be-7ed0-447d-bfd7-4caaeff271db,image_classification,mobilenet_v3,14549898-2f59-4ce4-bdfb-39fa59e58258,fp16,64,inference,3,1.7184070196667183,0.038824673770645406,61.58874721813208,1.468665271785557,0.023846324825928165,2026-09-02 20:16:31.502869+00
eba1f126-abc6-4959-816b-7c4cb4c1a8f9,image_classification,mobilenet_v3,6963c491-4ef8-46a0-92f5-98b9b2b886e9,fp16,32,inference,3,0.7116294326636611,0.020480898638241412,7.095507769666667,0.7193767667544846,0.10138481841001204,2026-08-29 06:34:11.915184+00
ebfce335-8287-4836-a82c-7c1082c87c8f,image_classification,resnet50,14549898-2f59-4ce4-bdfb-39fa59e58258,fp16,32,inference,2,12.543289204500297,0.06760278754477034,548.7750365159437,3.0485134622248045,0.005555124157212343,2026-09-02 21:03:03.119796+00
ec3edb7d-7d12-4060-9b09-729c5bc5e707,image_classification,mobilenet_v3,08fe8f61-2035-4ccd-918a-c480b7a1ae95,fp32,4,inference,3,2.838851929333297,0.042877270104360425,43.98615926400001,1.021741254483276,0.023228699017590948,2026-09-01 07:02:21.644679+00
ed7aee7f-7de9-4c90-a002-38c91d34dc1f,image_classification,mobilenet_v3,d504bfe6-a358-43f6-8c01-6c324781ad02,int8,32,inference,3,2.2034429306671277,0.31024553273282973,45.64362302547124,6.207208236549515,0.1359928906845455,2026-08-20 19:08:54.913626+00
ee0dc454-7467-4ce4-9721-1173a1d544ea,image_classification,resnet50,d504bfe6-a358-43f6-8c01-6c324781ad02,fp32,64,inference,2,10.59488449050059,0.3868818568546448,234.1426361493702,7.891780756388309,0.03370501368812549,2026-08-20 19:46:31.866334+00
ee7f1bc1-2c03-4a58-935a-18ceba2e61a7,nlp_sentiment,distilbert-base-uncased,08fe8f61-2035-4ccd-918a-c480b7a1ae95,fp16,1,inference,3,2.7269562983333344,0.02117681191729088,137.97224548266666,3.6441237239774695,0.026412005626416202,2026-09-01 07:53:11.245934+00
eeb128a5-e677-4892-9026-b13ec4e66865,image_classification,mobilenet_v3,9ab0fac5-67d0-4f80-af87-46d3fe2d8858,fp32,1,inference,3,1.8609119839999646,2.0879669343108813,102.33436370389592,54.971705929125854,0.5371773853813785,2026-09-01 19:30:51.31899+00
ef5afc64-2504-4243-b8cd-b2f369c05315,image_classification,mobilenet_v3,19955f09-7592-46b4-bfa1-18ef8891baca,fp32,4,inference,3,3.069993052666708,0.2017025273071633,118.06946759572963,7.99543429895222,0.06771805159932305,2026-08-27 17:17:52.228425+00
efa80af4-2c8c-40c9-b23b-cba8403360a8,image_classification,resnet50,14549898-2f59-4ce4-bdfb-39fa59e58258,fp16,64,inference,2,14.057164622500068,0.1731113203222269,616.3929731857556,6.650049856806199,0.010788652930996581,2026-09-02 21:11:09.438148+00
f14e29b0-2ba7-467d-8eee-8286304d295e,image_classification,mobilenet_v3,9d25e756-1d19-4ac5-b235-29fc900e0f15,fp16,64,train,3,6.164243059333178,0.08534036467025263,437.5056596522151,48.20485417302061,0.11018109848302289,2026-09-01 13:20:52.535429+00
f165b95d-05fc-445f-b450-9808225ef09e,nlp_sentiment,distilbert-base-uncased,14549898-2f59-4ce4-bdfb-39fa59e58258,fp16,1,inference,3,4.278340209999442,0.0744731369886455,185.99816677587762,2.7105099501308287,0.014572777770422407,2026-09-03 00:28:26.861106+00
f1678f4e-b592-4cab-b7c6-f49d7c70f529,nlp_sentiment,distilbert-base-uncased,14549898-2f59-4ce4-bdfb-39fa59e58258,int8,1,inference,3,2.1638882993332422,0.09307012569319852,89.3929055620615,2.849232775785595,0.03187314203370983,2026-09-03 02:06:54.050286+00
f1b3130d-ef7c-4de7-9f58-ac0fb69c9de9,image_classification,resnet50,b6018111-a0cf-43df-b0ba-da673ff9757b,fp32,64,inference,2,2.749561810999694,0.012446305472028846,38.0170436693505,12.394690744845656,0.32602984210574765,2026-08-20 13:36:47.964884+00
f240accf-4941-4ff0-a114-d94ecbdb4937,image_classification,resnet50,7cb1ff96-e79f-4122-88aa-ee7b680103b1,fp16,1,inference,2,3.3600702185000273,0.3814247008739246,123.55898799999999,9.214862130251563,0.07457864684236135,2026-09-01 13:00:45.288612+00
f2966a52-8135-4c29-be1d-d7d2b496cea6,nlp_sentiment,distilbert-base-uncased,14549898-2f59-4ce4-bdfb-39fa59e58258,fp16,8,inference,3,13.897713508999004,0.19476664400286292,589.3769169015916,5.430656871079191,0.009214234075587234,2026-09-03 01:33:25.969093+00
f32f73c7-c305-4c51-a02b-6705bd1be47a,nlp_sentiment,distilbert-base-uncased,14549898-2f59-4ce4-bdfb-39fa59e58258,fp32,4,inference,3,5.756719317000413,0.08199675929023811,251.20605316616204,2.787480958523279,0.011096392476973792,2026-09-02 22:36:30.186467+00
f3506433-152c-4630-bbda-f194239f1ea3,image_classification,mobilenet_v3,14549898-2f59-4ce4-bdfb-39fa59e58258,fp32,32,train,3,10.66000832200001,0.6006953676223274,451.74424985667815,24.154065444603642,0.05346845134667866,2026-09-02 20:11:15.244729+00
f3897849-f493-45e2-8313-fafeebdbe551,image_classification,resnet50,4d0946c6-2bf7-4cab-8faf-5c88baed252c,fp32,64,inference,2,2.572856872000102,0.4984470201355644,284.400407,16.94289578144969,0.059574091191260815,2026-09-02 18:34:00.615209+00
f4c1ab89-dc0a-4150-9c49-571e5535b3da,image_classification,mobilenet_v3,19955f09-7592-46b4-bfa1-18ef8891baca,int8,4,inference,3,3.639533700666713,0.1685080770086446,142.30911415408582,8.215196323041512,0.05772782981521811,2026-08-27 17:25:00.019002+00
f4f907c7-bb06-488e-9920-963e44de1603,image_classification,resnet50,4d0946c6-2bf7-4cab-8faf-5c88baed252c,fp16,64,train,2,5.903520332499966,0.0034369328147427465,943.49058175,5.864378422508567,0.0062156194623917,2026-09-02 18:37:48.811573+00
f5104149-b70a-4cd6-9932-4af2b227905f,nlp_sentiment,distilbert-base-uncased,6963c491-4ef8-46a0-92f5-98b9b2b886e9,fp16,8,train,3,21.6763036303358,0.040714587260938635,610.7304954558334,3.255159570054416,0.005329944376897128,2026-08-29 07:07:06.328542+00
f6a95add-49ce-4e21-9e2e-542cc3979a77,nlp_sentiment,distilbert-base-uncased,14549898-2f59-4ce4-bdfb-39fa59e58258,int8,16,inference,3,21.4206867156657,0.7778430542176619,844.4976221766444,30.03340834229641,0.03556363872865268,2026-09-03 02:09:38.273511+00
f7df39ea-2097-4ab6-870c-a1bc367af055,image_classification,resnet50,9d25e756-1d19-4ac5-b235-29fc900e0f15,fp32,4,train,2,254.09400366449995,2.0787283160168735,19741.501894855515,427.61950423840256,0.02166094081979836,2026-09-01 13:36:57.581006+00
f829d2d0-f3b5-43c1-a837-4ec54e9969c7,image_classification,resnet50,6963c491-4ef8-46a0-92f5-98b9b2b886e9,fp32,64,inference,2,2.4109114409984613,0.604836828578514,58.421386712,17.086719082549017,0.2924736991742672,2026-08-29 06:39:03.405319+00
f8b63648-5fe1-48cf-99ba-2844460ab1c2,image_classification,resnet50,08fe8f61-2035-4ccd-918a-c480b7a1ae95,fp32,1,inference,2,2.399306862999879,0.43142557830963196,55.47791182024999,12.75170261854863,0.22985188519467908,2026-09-01 07:17:45.783077+00
f8e20bc7-0930-4005-b688-640e93e13491,image_classification,resnet50,4d0946c6-2bf7-4cab-8faf-5c88baed252c,fp32,1,inference,2,2.0758120675002374,0.00439013255505015,183.82579175,0.3353061465513915,0.0018240429885236248,2026-09-02 18:30:22.965917+00
f9c7ea35-66fd-4712-9b53-f84ee8be164f,image_classification,resnet50,9ab0fac5-67d0-4f80-af87-46d3fe2d8858,fp32,64,inference,2,5.232316207999929,0.013139840045597833,253.01244386979275,22.207182741693735,0.08777110881203207,2026-09-01 19:52:40.98729+00
fa2c2256-6731-4fe5-ae35-2039fb38779f,nlp_sentiment,distilbert-base-uncased,08fe8f61-2035-4ccd-918a-c480b7a1ae95,fp32,8,inference,3,3.476025294999848,0.03470249976212605,228.75852579850005,8.56132761838373,0.03742517394051097,2026-09-01 07:45:06.728504+00
fb4245cb-8bbc-42f1-aa66-fbdaa740ef66,nlp_sentiment,distilbert-base-uncased,14549898-2f59-4ce4-bdfb-39fa59e58258,fp16,4,inference,3,5.895069256333954,0.387573396041149,256.950537381201,16.724226217001945,0.06508733699276366,2026-09-03 01:01:47.862249+00
fbc416df-5414-4c1b-a0ad-7b32b999b4c4,image_classification,resnet50,19955f09-7592-46b4-bfa1-18ef8891baca,fp16,64,train,2,207.77100760800022,2.5077151799110866,8411.91564917998,99.86903368719004,0.011872329425572115,2026-08-27 18:26:17.472897+00
fc01c0cf-06fe-4fd9-b230-8949c29272d3,nlp_sentiment,distilbert-base-uncased,6963c491-4ef8-46a0-92f5-98b9b2b886e9,fp32,8,train,3,47.8173776836702,0.1288658129741989,1416.6968828564998,4.194582496596432,0.002960818610780631,2026-08-29 06:55:28.513846+00
fcafc970-5da5-4f3c-98ad-265a8d3da431,nlp_sentiment,distilbert-base-uncased,9ab0fac5-67d0-4f80-af87-46d3fe2d8858,fp32,1,inference,3,1.8860615696679208,0.21450373838676948,100.40464942156866,3.9780710190705393,0.039620386525805455,2026-09-01 21:24:16.279965+00
fcf0a0dc-3482-4c5b-aaca-814881663160,llm_inference,tiny-gpt2,9d25e756-1d19-4ac5-b235-29fc900e0f15,fp32,1,inference,3,17.857987237666446,5.776622025557116,1416.163253464144,732.7998454557882,0.5174543568075586,2026-09-01 14:37:38.057681+00
fdd26f06-fc01-42e5-8699-f13e8dd00047,image_classification,mobilenet_v3,b09133c7-cd71-4325-93b2-ce2fb0b9d2c7,int8,64,inference,3,1.7640415583312763,0.06927631881469032,104.07039448240764,35.30064205586703,0.33919965645786376,2026-08-29 06:23:37.936511+00
fed43762-13d0-425b-9173-5b361cd2e642,nlp_sentiment,distilbert-base-uncased,14549898-2f59-4ce4-bdfb-39fa59e58258,fp32,1,train,3,949.0586737686666,15.122769517189363,41609.77577659324,563.7078624521725,0.013547486183986488,2026-09-02 22:06:36.976515+00
ff04f7f8-8241-47b2-8f0d-09fc27c94dd6,image_classification,resnet50,4d0946c6-2bf7-4cab-8faf-5c88baed252c,fp32,32,train,2,17.343609174999756,7.112267710911892,2321.7509867499994,370.32288717496675,0.1595015526162635,2026-09-02 18:32:45.03058+00
fff8893d-5c7f-472d-984e-c83b16918c02,image_classification,resnet50,19955f09-7592-46b4-bfa1-18ef8891baca,int8,64,inference,2,12.664806938499623,0.049234474093972753,510.6531846892633,3.155260898810802,0.0061788724586742845,2026-08-27 18:28:40.197208+00